timestamp,timestamp_sample,device_id,x,y,z,temperature,error_count,clip_counter[0],clip_counter[1],clip_counter[2]
2938777,2937873,2162698,-0.14963761,-0.16160862,-9.91439,37.000587,1,0,0,0
2941274,2940374,2162698,-0.13966176,-0.16200764,-9.915188,37.000587,1,0,0,0
3038814,3037912,2162698,-0.1400608,-0.14963761,-9.932345,37.329998,0,0,0,0
3138906,3137954,2162698,-0.16759412,-0.16879122,-9.908403,37.329998,0,0,0,0
3338933,3338033,2162698,-0.16160862,-0.19273324,-9.916783,37.329998,0,0,0,0
3539024,3538117,2162698,-0.18674773,-0.18195933,-9.937134,37.329998,0,0,0,0
3739119,3738201,2162698,-0.19991584,-0.17238252,-9.945514,37.329998,0,0,0,0
3839163,3838248,2162698,-0.17357962,-0.17357962,-9.870096,37.329998,0,0,0,0
3939192,3938294,2162698,-0.15801731,-0.16759412,-9.908403,37.329998,0,0,0,0
4039218,4038324,2162698,-0.16400282,-0.14604631,-9.94312,37.518234,0,0,0,0
4339358,4338454,2162698,-0.21308395,-0.18195933,-9.910798,37.518234,0,0,0,0
4739522,4738611,2162698,-0.16998832,-0.12928689,-9.903615,37.518234,0,0,0,0
4839546,4838652,2162698,-0.17357962,-0.15682021,-9.923966,37.518234,0,0,0,0
4939645,4938693,2162698,-0.22984336,-0.12210429,-9.937134,37.518234,0,0,0,0
5039649,5038755,2162698,-0.21547815,-0.1592144,-9.909601,37.565292,0,0,0,0
5139691,5138776,2162698,-0.20470424,-0.18435353,-9.886856,37.565292,0,0,0,0
5439808,5438901,2162698,-0.19393034,-0.12449849,-9.871294,37.565292,0,0,0,0
5539858,5538943,2162698,-0.1592144,-0.1436521,-9.940725,37.565292,0,0,0,0
5639930,5639010,2162698,-0.18076223,-0.18435353,-9.953894,37.565292,0,0,0,0
5839977,5839071,2162698,-0.15083471,-0.1340753,-9.938332,37.565292,0,0,0,0
5940019,5939109,2162698,-0.18315643,-0.17118542,-9.908403,37.565292,0,0,0,0
6140100,6139192,2162698,-0.19752164,-0.16519992,-9.901221,37.70647,0,0,0,0
6437714,6436819,2162698,-0.18834387,-0.18994,-9.92636,37.70647,0,0,0,0
6537798,6536871,2162698,-0.110133275,-0.15881538,-9.927956,37.70647,0,0,0,0
6637800,6636903,2162698,-0.177969,-0.18914193,-9.896034,37.70647,0,0,0,0
6937921,6937029,2162698,-0.16360378,-0.16998832,-9.883265,37.70647,0,0,0,0
7037968,7037070,2162698,-0.1731806,-0.16519992,-9.915985,37.61235,0,0,0,0
7138001,7137111,2162698,-0.15801731,-0.18834387,-9.940725,37.61235,0,0,0,0
7438140,7437242,2162698,-0.19552647,-0.14445017,-9.925562,37.61235,0,0,0,0
7738298,7737365,2162698,-0.20350714,-0.16440184,-9.92636,37.61235,0,0,0,0
7838348,7837405,2162698,-0.1851516,-0.16120958,-9.935937,37.61235,0,0,0,0
7938354,7937447,2162698,-0.15083471,-0.19313227,-9.880871,37.61235,0,0,0,0
8138484,8137529,2162698,-0.17876706,-0.15402699,-9.875283,37.70647,0,0,0,0
8238466,8237573,2162698,-0.16759412,-0.1364695,-9.865706,37.70647,0,0,0,0
8438577,8437663,2162698,-0.18435353,-0.18914193,-9.844957,37.70647,0,0,0,0
8738720,8737798,2162698,-0.18435353,-0.16360378,-9.941524,37.70647,0,0,0,0
8938765,8937867,2162698,-0.15083471,-0.14764245,-9.915188,37.70647,0,0,0,0
9138851,9137954,2162698,-0.16120958,-0.12529655,-9.991004,37.70647,0,0,0,0
9338926,9338036,2162698,-0.1923342,-0.12529655,-9.858524,37.70647,0,0,0,0
9438964,9438074,2162698,-0.177969,-0.19073807,-9.868899,37.70647,0,0,0,0
9539019,9538116,2162698,-0.20590134,-0.1604115,-9.876881,37.70647,0,0,0,0
9639073,9638160,2162698,-0.18834387,-0.14205596,-9.875283,37.70647,0,0,0,0
9839151,9838246,2162698,-0.1827574,-0.1436521,-9.883265,37.70647,0,0,0,0
9939221,9938312,2162698,-0.20590134,-0.12050815,-9.923966,37.70647,0,0,0,0
10239309,10238404,2162698,-0.21068975,-0.15003665,-9.91359,37.894703,0,0,0,0
10339372,10338458,2162698,-0.17956513,-0.14923857,-9.949504,37.894703,0,0,0,0
11039651,11038760,2162698,-0.19552647,-0.19712262,-9.915985,37.988823,0,0,0,0
11239737,11238844,2162698,-0.18036321,-0.20191102,-9.864111,37.988823,0,0,0,0
11339802,11338878,2162698,-0.18355545,-0.17637286,-9.842564,37.988823,0,0,0,0
11739965,11739058,2162698,-0.21388203,-0.17956513,-9.907207,37.988823,0,0,0,0
11940035,11939143,2162698,-0.19792067,-0.16120958,-9.877678,37.988823,0,0,0,0
12137636,12136734,2162698,-0.19033903,-0.14963761,-9.981427,37.988823,0,0,0,0
12237665,12236760,2162698,-0.18794483,-0.1592144,-9.849746,37.988823,0,0,0,0
12437738,12436845,2162698,-0.17836803,-0.1448492,-9.853337,37.988823,0,0,0,0
12537788,12536888,2162698,-0.19033903,-0.12330139,-9.959879,37.988823,0,0,0,0
12637824,12636930,2162698,-0.16879122,-0.17118542,-9.909601,37.988823,0,0,0,0
12938020,12937058,2162698,-0.17836803,-0.19632454,-9.858126,37.988823,0,0,0,0
13038063,13037112,2162698,-0.16400282,-0.16759412,-9.93474,37.988823,0,0,0,0
13138076,13137150,2162698,-0.19752164,-0.16280572,-9.900024,37.988823,0,0,0,0
13438199,13437282,2162698,-0.142455,-0.18315643,-9.879673,37.988823,0,0,0,0
13838423,13837447,2162698,-0.1436521,-0.1412579,-9.9550905,37.988823,0,0,0,0
13938411,13937493,2162698,-0.18914193,-0.19273324,-9.921572,37.988823,0,0,0,0
14038489,14037536,2162698,-0.16400282,-0.12330139,-9.931149,38.08294,0,0,0,0
14138480,14137578,2162698,-0.17597382,-0.12689269,-9.921572,38.08294,0,0,0,0
14238582,14237632,2162698,-0.1604115,-0.16280572,-9.970653,38.08294,0,0,0,0
14338640,14337677,2162698,-0.17956513,-0.15801731,-9.877279,38.08294,0,0,0,0
14438693,14437713,2162698,-0.19991584,-0.17597382,-9.8916445,38.08294,0,0,0,0
14638723,14637810,2162698,-0.1448492,-0.15682021,-9.925163,38.08294,0,0,0,0
15239010,15238046,2162698,-0.22026655,-0.1400608,-9.94312,38.17706,0,0,0,0
15339057,15338095,2162698,-0.15562311,-0.16160862,-9.848549,38.17706,0,0,0,0
15439067,15438144,2162698,-0.15442601,-0.17357962,-9.913192,38.17706,0,0,0,0
15539164,15538183,2162698,-0.25498247,-0.10414778,-9.842564,38.17706,0,0,0,0
15639214,15638220,2162698,-0.14963761,-0.1316811,-9.929952,38.17706,0,0,0,0
15739266,15738268,2162698,-0.19752164,-0.19991584,-9.91439,38.17706,0,0,0,0
16039298,16038392,2162698,-0.1592144,-0.1604115,-9.919178,38.271175,0,0,0,0
16139348,16138435,2162698,-0.16400282,-0.15562311,-9.933543,38.271175,0,0,0,0
16239381,16238478,2162698,-0.19033903,-0.17597382,-9.911995,38.271175,0,0,0,0
16339421,16338523,2162698,-0.16879122,-0.16160862,-9.908403,38.271175,0,0,0,0
16639631,16638660,2162698,-0.18435353,-0.17477672,-9.923966,38.271175,0,0,0,0
16739681,16738717,2162698,-0.14844051,-0.17357962,-9.920375,38.271175,0,0,0,0
16939672,16938778,2162698,-0.19632454,-0.15562311,-9.913192,38.271175,0,0,0,0
17039741,17038825,2162698,-0.19991584,-0.19153613,-9.871294,38.271175,0,0,0,0
17139835,17138874,2162698,-0.1388637,-0.16759412,-9.888053,38.271175,0,0,0,0
17339868,17338953,2162698,-0.18674773,-0.15801731,-9.939528,38.271175,0,0,0,0
17439919,17439001,2162698,-0.1400608,-0.17956513,-9.890448,38.271175,0,0,0,0
17539940,17539042,2162698,-0.18914193,-0.1604115,-9.858126,38.271175,0,0,0,0
17640034,17639086,2162698,-0.17477672,-0.142455,-9.920375,38.271175,0,0,0,0
17740031,17739137,2162698,-0.18315643,-0.19033903,-9.923966,38.271175,0,0,0,0
17840063,17839169,2162698,-0.1604115,-0.17238252,-9.932345,38.271175,0,0,0,0
18037676,18036765,2162698,-0.17238252,-0.16759412,-9.916783,38.271175,0,0,0,0
18137760,18136806,2162698,-0.13247916,-0.20749748,-9.89364,38.271175,0,0,0,0
18237810,18236845,2162698,-0.20031486,-0.13327724,-9.933543,38.271175,0,0,0,0
18337867,18336895,2162698,-0.13726756,-0.1731806,-9.945514,38.271175,0,0,0,0
18437904,18436932,2162698,-0.17477672,-0.1604115,-9.873688,38.271175,0,0,0,0
18537933,18536974,2162698,-0.1604115,-0.1683922,-9.932744,38.271175,0,0,0,0
18838080,18837112,2162698,-0.18674773,-0.20111294,-9.929553,38.271175,0,0,0,0
18938083,18937169,2162698,-0.21547815,-0.13806564,-9.851341,38.271175,0,0,0,0
19238193,19237286,2162698,-0.19632454,-0.14764245,-9.882466,38.45941,0,0,0,0
19338230,19337328,2162698,-0.16360378,-0.1604115,-9.91439,38.45941,0,0,0,0
19438302,19437383,2162698,-0.165998,-0.1364695,-9.825804,38.45941,0,0,0,0
19538319,19537413,2162698,-0.1436521,-0.20829555,-9.937532,38.45941,0,0,0,0
19638358,19637456,2162698,-0.177969,-0.14684437,-9.924765,38.45941,0,0,0,0
21139023,21138125,2162698,-0.18834387,-0.16120958,-9.933543,38.45941,0,0,0,0
21239113,21238191,2162698,-0.13327724,-0.17158444,-9.945514,38.45941,0,0,0,0
21539190,21538293,2162698,-0.1947284,-0.17876706,-9.879274,38.45941,0,0,0,0
21639247,21638344,2162698,-0.17717093,-0.165998,-9.948707,38.45941,0,0,0,0
21939383,21938480,2162698,-0.17717093,-0.13327724,-9.925562,38.45941,0,0,0,0
22039440,22038516,2162698,-0.22744916,-0.20590134,-9.885659,38.553528,0,0,0,0
22339544,22338640,2162698,-0.16440184,-0.16120958,-9.938332,38.553528,0,0,0,0
22439576,22438686,2162698,-0.18195933,-0.13327724,-9.885659,38.553528,0,0,0,0
22639677,22638771,2162698,-0.20031486,-0.16679604,-9.900823,38.553528,0,0,0,0
22739713,22738818,2162698,-0.1436521,-0.14045984,-9.91359,38.553528,0,0,0,0
22839755,22838862,2162698,-0.17637286,-0.20749748,-9.924765,38.553528,0,0,0,0
22939820,22938906,2162698,-0.17238252,-0.12689269,-9.909601,38.553528,0,0,0,0
23139920,23139010,2162698,-0.17158444,-0.13567144,-9.871294,38.741764,0,0,0,0
23239934,23239043,2162698,-0.16919024,-0.19153613,-9.937532,38.741764,0,0,0,0
23440020,23439127,2162698,-0.15881538,-0.13487336,-9.911197,38.741764,0,0,0,0
23637609,23636712,2162698,-0.16759412,-0.16160862,-9.944317,38.741764,0,0,0,0
23737660,23736756,2162698,-0.16639702,-0.17238252,-9.890448,38.741764,0,0,0,0
23837702,23836801,2162698,-0.18315643,-0.18674773,-9.923966,38.741764,0,0,0,0
23937764,23936855,2162698,-0.18315643,-0.17836803,-9.880871,38.741764,0,0,0,0
24037799,24036899,2162698,-0.10175357,-0.18435353,-9.879673,38.741764,0,0,0,0
24137827,24136933,2162698,-0.16280572,-0.19273324,-9.88925,38.741764,0,0,0,0
24237875,24236979,2162698,-0.17357962,-0.20590134,-9.908403,38.741764,0,0,0,0
24337916,24337022,2162698,-0.20709845,-0.16400282,-9.885659,38.741764,0,0,0,0
24538012,24537111,2162698,-0.1364695,-0.16280572,-9.927557,38.741764,0,0,0,0
24738104,24737200,2162698,-0.19871874,-0.16160862,-9.941922,38.741764,0,0,0,0
24838167,24837250,2162698,-0.14604631,-0.14844051,-9.938332,38.741764,0,0,0,0
24938200,24937291,2162698,-0.14604631,-0.12210429,-9.974244,38.741764,0,0,0,0
25038251,25037334,2162698,-0.14604631,-0.16160862,-9.896433,38.741764,0,0,0,0
25438410,25437513,2162698,-0.16879122,-0.15562311,-9.915586,38.741764,0,0,0,0
25538455,25537558,2162698,-0.17118542,-0.1400608,-9.916783,38.741764,0,0,0,0
25738561,25737664,2162698,-0.15442601,-0.21667525,-9.995792,38.741764,0,0,0,0
25838646,25837690,2162698,-0.16998832,-0.18435353,-9.873688,38.741764,0,0,0,0
25938640,25937734,2162698,-0.16160862,-0.19991584,-9.993398,38.741764,0,0,0,0
26038685,26037779,2162698,-0.15442601,-0.18435353,-9.956287,38.741764,0,0,0,0
26138720,26137823,2162698,-0.16400282,-0.17238252,-9.908403,38.741764,0,0,0,0
26238819,26237868,2162698,-0.16160862,-0.12210429,-9.840169,38.741764,0,0,0,0
26638941,26638047,2162698,-0.17597382,-0.1316811,-9.931149,38.741764,0,0,0,0
26739001,26738095,2162698,-0.17717093,-0.15203181,-9.939528,38.741764,0,0,0,0
27139184,27138281,2162698,-0.21787235,-0.09816227,-9.903615,38.83588,0,0,0,0
27439306,27438399,2162698,-0.19632454,-0.18076223,-9.89763,38.83588,0,0,0,0
27639411,27638495,2162698,-0.17956513,-0.16519992,-9.91798,38.83588,0,0,0,0
27739442,27738539,2162698,-0.18794483,-0.19153613,-9.968259,38.83588,0,0,0,0
27839487,27838585,2162698,-0.18555063,-0.19393034,-9.902418,38.83588,0,0,0,0
28039625,28038674,2162698,-0.16998832,-0.16519992,-9.861717,39.024117,0,0,0,0
28139627,28138730,2162698,-0.1388637,-0.16400282,-9.929952,39.024117,0,0,0,0
28239663,28238764,2162698,-0.16639702,-0.12210429,-9.85214,39.024117,0,0,0,0
28339738,28338824,2162698,-0.1412579,-0.17836803,-9.947908,39.024117,0,0,0,0
28939987,28939086,2162698,-0.16160862,-0.15562311,-9.903615,39.024117,0,0,0,0
29137588,29136688,2162698,-0.19073807,-0.15163277,-9.869698,38.93,0,0,0,0
29237642,29236730,2162698,-0.15163277,-0.16440184,-9.900823,38.93,0,0,0,0
29437697,29436805,2162698,-0.19871874,-0.15961345,-9.907207,38.93,0,0,0,0
29637787,29636895,2162698,-0.19552647,-0.16679604,-9.910399,38.93,0,0,0,0
29737840,29736942,2162698,-0.1683922,-0.18116125,-9.908802,38.93,0,0,0,0
30037972,30037076,2162698,-0.22106463,-0.20749748,-9.900024,39.024117,0,0,0,0
30638267,30637349,2162698,-0.15243085,-0.13966176,-9.899225,39.024117,0,0,0,0
30738332,30737404,2162698,-0.15243085,-0.15402699,-9.967062,39.024117,0,0,0,0
30838350,30837439,2162698,-0.19712262,-0.17717093,-9.915985,39.024117,0,0,0,0
31138474,31137575,2162698,-0.18674773,-0.1340753,-9.834582,39.024117,0,0,0,0
31238527,31237634,2162698,-0.18594965,-0.16679604,-9.887255,39.024117,0,0,0,0
31338564,31337671,2162698,-0.18994,-0.1604115,-9.924765,39.024117,0,0,0,0
31438609,31437711,2162698,-0.19393034,-0.17637286,-9.8728895,39.024117,0,0,0,0
31538660,31537763,2162698,-0.18914193,-0.13567144,-9.888851,39.024117,0,0,0,0
31638713,31637809,2162698,-0.15083471,-0.1364695,-9.955889,39.024117,0,0,0,0
31838800,31837883,2162698,-0.16200764,-0.16360378,-9.937532,39.024117,0,0,0,0
31938831,31937937,2162698,-0.19552647,-0.20031486,-9.892043,39.024117,0,0,0,0
32038880,32037990,2162698,-0.14923857,-0.17158444,-9.8728895,39.118233,0,0,0,0
32239043,32238075,2162698,-0.19792067,-0.1604115,-9.873688,39.118233,0,0,0,0
32339019,32338116,2162698,-0.19632454,-0.15961345,-9.931149,39.118233,0,0,0,0
32439078,32438165,2162698,-0.18674773,-0.165998,-9.895236,39.118233,0,0,0,0
32539200,32538245,2162698,-0.17876706,-0.15642118,-9.947908,39.118233,0,0,0,0
32639163,32638263,2162698,-0.20191102,-0.16919024,-9.937532,39.118233,0,0,0,0
32939366,32938460,2162698,-0.18914193,-0.15801731,-9.882466,39.118233,0,0,0,0
33039407,33038438,2162698,-0.16759412,-0.18355545,-9.938332,39.118233,0,0,0,0
33239508,33238553,2162698,-0.18834387,-0.15322891,-9.894437,39.118233,0,0,0,0
33439566,33438619,2162698,-0.1731806,-0.1875458,-9.880871,39.118233,0,0,0,0
33539560,33538665,2162698,-0.18116125,-0.21707428,-9.935139,39.118233,0,0,0,0
33839752,33838805,2162698,-0.21308395,-0.1947284,-9.896034,39.118233,0,0,0,0
34139852,34138941,2162698,-0.1755748,-0.14445017,-9.960677,39.118233,0,0,0,0
34439973,34439075,2162698,-0.18674773,-0.12529655,-9.899225,39.118233,0,0,0,0
34837647,34836749,2162698,-0.12689269,-0.17836803,-9.842564,39.118233,0,0,0,0
34937759,34936808,2162698,-0.1592144,-0.19153613,-9.944317,39.118233,0,0,0,0
35037744,35036846,2162698,-0.15203181,-0.16519992,-9.890448,39.212353,0,0,0,0
35237855,35236940,2162698,-0.14963761,-0.16759412,-9.880871,39.212353,0,0,0,0
35337877,35336984,2162698,-0.17477672,-0.19393034,-9.927557,39.212353,0,0,0,0
35437984,35437029,2162698,-0.18555063,-0.20949265,-9.91798,39.212353,0,0,0,0
35537993,35537089,2162698,-0.16879122,-0.14604631,-9.913192,39.212353,0,0,0,0
35938165,35937262,2162698,-0.1400608,-0.12689269,-9.907207,39.212353,0,0,0,0
36038264,36037309,2162698,-0.15682021,-0.14724341,-9.898827,39.30647,0,0,0,0
36238331,36237420,2162698,-0.16160862,-0.19512744,-9.913192,39.30647,0,0,0,0
36338357,36337446,2162698,-0.15442601,-0.16879122,-9.8437605,39.30647,0,0,0,0
36438411,36437501,2162698,-0.17238252,-0.16160862,-9.890448,39.30647,0,0,0,0
36538451,36537534,2162698,-0.19991584,-0.12210429,-9.941922,39.30647,0,0,0,0
36838581,36837674,2162698,-0.18195933,-0.107739076,-9.941922,39.30647,0,0,0,0
36938637,36937730,2162698,-0.22385786,-0.15801731,-9.89763,39.30647,0,0,0,0
37038660,37037764,2162698,-0.16639702,-0.20231004,-9.828198,39.25941,0,0,0,0
37138712,37137815,2162698,-0.16879122,-0.16639702,-9.937134,39.25941,0,0,0,0
37238750,37237856,2162698,-0.18315643,-0.21547815,-9.8916445,39.25941,0,0,0,0
37338826,37337911,2162698,-0.17836803,-0.16280572,-9.8916445,39.25941,0,0,0,0
37538919,37538013,2162698,-0.16160862,-0.11851298,-9.878476,39.25941,0,0,0,0
37739025,37738088,2162698,-0.19273324,-0.1412579,-9.877279,39.25941,0,0,0,0
37839059,37838133,2162698,-0.15801731,-0.17597382,-9.931149,39.25941,0,0,0,0
37939100,37938190,2162698,-0.15682021,-0.1592144,-9.977836,39.25941,0,0,0,0
38139179,38138281,2162698,-0.1448492,-0.14724341,-9.938332,39.30647,0,0,0,0
38339269,38338367,2162698,-0.18435353,-0.21428105,-9.902418,39.30647,0,0,0,0
38439322,38438413,2162698,-0.23702596,-0.1400608,-9.903615,39.30647,0,0,0,0
38539374,38538456,2162698,-0.17836803,-0.1592144,-9.894038,39.30647,0,0,0,0
38639419,38638505,2162698,-0.18555063,-0.17118542,-9.850943,39.30647,0,0,0,0
38739448,38738551,2162698,-0.17956513,-0.14963761,-9.996989,39.30647,0,0,0,0
39239693,39238794,2162698,-0.19033903,-0.18555063,-9.907207,39.400585,0,0,0,0
39339820,39338837,2162698,-0.142455,-0.16639702,-9.925163,39.400585,0,0,0,0
39639988,39638986,2162698,-0.17118542,-0.18315643,-9.91439,39.400585,0,0,0,0
39739981,39739024,2162698,-0.17836803,-0.15083471,-9.832987,39.400585,0,0,0,0
39839964,39839061,2162698,-0.1604115,-0.19512744,-9.870096,39.400585,0,0,0,0
39940008,39939108,2162698,-0.15442601,-0.15322891,-9.959879,39.400585,0,0,0,0
40337720,40336819,2162698,-0.17717093,-0.16759412,-9.946312,39.494705,0,0,0,0
40437733,40436837,2162698,-0.17956513,-0.15243085,-9.847352,39.494705,0,0,0,0
40537776,40536888,2162698,-0.16519992,-0.15482503,-9.979831,39.494705,0,0,0,0
40637818,40636928,2162698,-0.13088302,-0.1388637,-9.942321,39.494705,0,0,0,0
40737872,40736977,2162698,-0.21068975,-0.14445017,-9.910399,39.494705,0,0,0,0
41438200,41437302,2162698,-0.20191102,-0.14205596,-9.885659,39.494705,0,0,0,0
41738357,41737443,2162698,-0.20270906,-0.19792067,-9.896034,39.494705,0,0,0,0
41838391,41837489,2162698,-0.1731806,-0.17397866,-9.923966,39.494705,0,0,0,0
42038494,42037585,2162698,-0.22425689,-0.24740085,-9.962274,39.58882,0,0,0,0
42638748,42637859,2162698,-0.2705448,-0.109335214,-10.018138,39.58882,0,0,0,0
42738824,42737932,2162698,-0.23064144,-0.12928689,-9.908005,39.58882,0,0,0,0
42838850,42837952,2162698,-0.18674773,-0.13487336,-9.92237,39.58882,0,0,0,0
42938995,42938022,2162698,-0.10295067,-0.20191102,-9.878476,39.58882,0,0,0,0
43038935,43038047,2162698,-0.19073807,-0.11252748,-9.929553,39.494705,0,0,0,0
43139003,43138105,2162698,-0.18036321,-0.14923857,-9.882466,39.494705,0,0,0,0
43639225,43638329,2162698,-0.18116125,-0.16998832,-9.953495,39.494705,0,0,0,0
43839325,43838422,2162698,-0.15243085,-0.19632454,-9.885659,39.494705,0,0,0,0
43939378,43938469,2162698,-0.15642118,-0.14923857,-9.888851,39.494705,0,0,0,0
44339556,44338668,2162698,-0.1731806,-0.14445017,-9.894437,39.494705,0,0,0,0
44739764,44738856,2162698,-0.0055864705,-0.40940848,-9.787497,39.494705,0,0,0,0
44839820,44838899,2162698,-0.07102798,-0.23782404,-9.911197,39.494705,0,0,0,0
45039907,45039001,2162698,-0.22505496,-0.010374875,-9.950302,39.58882,0,0,0,0
45340014,45339125,2162698,-0.21308395,-0.12290235,-9.858524,39.58882,0,0,0,0
45440097,45439170,2162698,-0.1923342,-0.06623958,-9.874486,39.58882,0,0,0,0
45537624,45536725,2162698,-0.18555063,-0.11851298,-9.925163,39.58882,0,0,0,0
45637680,45636779,2162698,-0.23104046,-0.15322891,-9.946711,39.58882,0,0,0,0
45737710,45736810,2162698,-0.20231004,-0.1376666,-9.953894,39.58882,0,0,0,0
45837764,45836860,2162698,-0.17956513,-0.093373865,-9.969456,39.58882,0,0,0,0
46037854,46036952,2162698,-0.19153613,-0.17836803,-9.919178,39.68294,0,0,0,0
46137898,46136998,2162698,-0.17477672,-0.16400282,-9.938332,39.68294,0,0,0,0
46237947,46237045,2162698,-0.17717093,-0.1400608,-9.92636,39.68294,0,0,0,0
46337986,46337092,2162698,-0.16160862,-0.20111294,-9.903615,39.68294,0,0,0,0
46538093,46537186,2162698,-0.20949265,-0.16280572,-9.915586,39.68294,0,0,0,0
46638142,46637241,2162698,-0.22266077,-0.10055647,-9.847352,39.68294,0,0,0,0
46738208,46737294,2162698,-0.19273324,-0.17357962,-9.929952,39.68294,0,0,0,0
46838252,46837337,2162698,-0.18435353,-0.1352724,-9.900024,39.68294,0,0,0,0
46938327,46937412,2162698,-0.18555063,-0.18674773,-9.876082,39.68294,0,0,0,0
47038424,47037432,2162698,-0.19632454,-0.142455,-9.923966,39.777058,0,0,0,0
47138448,47137476,2162698,-0.18315643,-0.1592144,-9.919178,39.777058,0,0,0,0
47438505,47437611,2162698,-0.16519992,-0.15442601,-9.932345,39.777058,0,0,0,0
47538662,47537681,2162698,-0.19033903,-0.20350714,-9.910798,39.777058,0,0,0,0
48639178,48638192,2162698,-0.18794483,-0.19153613,-9.964667,39.871174,0,0,0,0
48739163,48738236,2162698,-0.15083471,-0.16160862,-9.96347,39.871174,0,0,0,0
48839274,48838289,2162698,-0.16879122,-0.16759412,-9.878476,39.871174,0,0,0,0
49339472,49338513,2162698,-0.17357962,-0.20590134,-9.876082,39.871174,0,0,0,0
49739646,49738725,2162698,-0.18076223,-0.1400608,-9.919178,39.871174,0,0,0,0
49939829,49938832,2162698,-0.14724341,-0.14724341,-9.915586,39.871174,0,0,0,0
50039740,50038843,2162698,-0.18076223,-0.1388637,-9.894038,39.871174,0,0,0,0
50139821,50138890,2162698,-0.16400282,-0.19153613,-9.988609,39.871174,0,0,0,0
50239946,50238946,2162698,-0.18555063,-0.15562311,-9.913192,39.871174,0,0,0,0
50340000,50339001,2162698,-0.17597382,-0.1412579,-9.880871,39.871174,0,0,0,0
51037777,51036828,2162698,-0.15721925,-0.13487336,-9.900024,39.871174,0,0,0,0
51137848,51136888,2162698,-0.21388203,-0.14445017,-9.942321,39.965294,0,0,0,0
51237808,51236915,2162698,-0.14285403,-0.15881538,-9.889648,39.965294,0,0,0,0
51337865,51336962,2162698,-0.17477672,-0.1755748,-9.915188,39.965294,0,0,0,0
51537963,51537057,2162698,-0.19792067,-0.19153613,-9.89763,39.965294,0,0,0,0
51738055,51737166,2162698,-0.15083471,-0.1755748,-9.908802,39.965294,0,0,0,0
51838159,51837266,2162698,-0.1731806,-0.165998,-9.9207735,39.965294,0,0,0,0
51938184,51937256,2162698,-0.15243085,-0.15083471,-9.954292,39.965294,0,0,0,0
52038209,52037296,2162698,-0.17397866,-0.15961345,-9.892841,39.965294,0,0,0,0
52138314,52137384,2162698,-0.17876706,-0.17477672,-9.927956,39.965294,0,0,0,0
52238308,52237391,2162698,-0.18195933,-0.121306226,-9.8968315,39.965294,0,0,0,0
52638486,52637582,2162698,-0.16998832,-0.17397866,-9.918379,39.965294,0,0,0,0
52738538,52737646,2162698,-0.20430522,-0.21867043,-9.91439,39.965294,0,0,0,0
52838583,52837683,2162698,-0.18914193,-0.20510328,-9.879274,39.965294,0,0,0,0
53138731,53137823,2162698,-0.18914193,-0.15243085,-9.933543,40.05941,0,0,0,0
53238783,53237886,2162698,-0.19313227,-0.15881538,-9.927158,40.05941,0,0,0,0
53839065,53838156,2162698,-0.19632454,-0.15003665,-9.896034,40.05941,0,0,0,0
53939129,53938204,2162698,-0.1755748,-0.21787235,-9.857727,40.05941,0,0,0,0
54039158,54038253,2162698,-0.1364695,-0.14844051,-9.871294,40.05941,0,0,0,0
54139203,54138302,2162698,-0.16280572,-0.19871874,-9.891246,39.965294,0,0,0,0
54239249,54238347,2162698,-0.18036321,-0.15402699,-9.840967,39.965294,0,0,0,0
54339336,54338411,2162698,-0.18435353,-0.15003665,-9.895236,39.965294,0,0,0,0
54439370,54438470,2162698,-0.19712262,-0.17956513,-9.850544,39.965294,0,0,0,0
54739494,54738590,2162698,-0.17956513,-0.16440184,-9.93913,39.965294,0,0,0,0
54939583,54938686,2162698,-0.16679604,-0.1604115,-9.875283,39.965294,0,0,0,0
55539886,55538980,2162698,-0.15562311,-0.13247916,-9.937532,40.05941,0,0,0,0
55639913,55639020,2162698,-0.18036321,-0.18036321,-9.907207,40.05941,0,0,0,0
55940056,55939164,2162698,-0.19073807,-0.15801731,-9.93913,40.05941,0,0,0,0
56137678,56136767,2162698,-0.18076223,-0.1592144,-9.885659,40.15353,0,0,0,0
56337753,56336856,2162698,-0.1448492,-0.15682021,-9.90601,40.15353,0,0,0,0
56737966,56737053,2162698,-0.17717093,-0.17118542,-9.861717,40.15353,0,0,0,0
57038092,57037194,2162698,-0.20231004,-0.18315643,-9.868899,40.15353,0,0,0,0
57938602,57937643,2162698,-0.19393034,-0.18315643,-9.940725,40.247646,0,0,0,0
58038646,58037684,2162698,-0.19153613,-0.21068975,-9.916783,40.247646,0,0,0,0
58138632,58137723,2162698,-0.18076223,-0.21787235,-9.908403,40.341763,0,0,0,0
58238696,58237783,2162698,-0.19393034,-0.17238252,-9.871294,40.341763,0,0,0,0
58338720,58337820,2162698,-0.15322891,-0.17357962,-9.860519,40.341763,0,0,0,0
58939014,58938110,2162698,-0.15322891,-0.16400282,-9.958682,40.341763,0,0,0,0
59139119,59138212,2162698,-0.15203181,-0.17477672,-9.935937,40.247646,0,0,0,0
59339221,59338318,2162698,-0.18195933,-0.21906945,-9.908403,40.247646,0,0,0,0
59439277,59438353,2162698,-0.22385786,-0.16639702,-9.94312,40.247646,0,0,0,0
59639362,59638452,2162698,-0.1436521,-0.1388637,-9.958682,40.247646,0,0,0,0
59739401,59738498,2162698,-0.22505496,-0.11851298,-9.91798,40.247646,0,0,0,0
60139595,60138692,2162698,-0.1604115,-0.20470424,-9.956287,40.341763,0,0,0,0
60239692,60238741,2162698,-0.16519992,-0.15083471,-9.959879,40.341763,0,0,0,0
60339759,60338789,2162698,-0.17836803,-0.19393034,-9.88925,40.341763,0,0,0,0
60439815,60438841,2162698,-0.17477672,-0.16639702,-9.856929,40.341763,0,0,0,0
60539845,60538887,2162698,-0.1604115,-0.14963761,-9.962274,40.341763,0,0,0,0
60639893,60638989,2162698,-0.18195933,-0.1448492,-9.927557,40.341763,0,0,0,0
60940008,60939098,2162698,-0.14604631,-0.1412579,-9.958682,40.341763,0,0,0,0
61637815,61636921,2162698,-0.19632454,-0.18435353,-9.904813,40.341763,0,0,0,0
61737867,61736973,2162698,-0.16360378,-0.17876706,-9.912793,40.341763,0,0,0,0
61837919,61837028,2162698,-0.19552647,-0.15163277,-9.924765,40.341763,0,0,0,0
62238136,62237221,2162698,-0.18195933,-0.2553815,-9.888851,40.341763,0,0,0,0
62438212,62437314,2162698,-0.18355545,-0.11731588,-9.9447155,40.341763,0,0,0,0
62538288,62537362,2162698,-0.17238252,-0.1875458,-9.870495,40.341763,0,0,0,0
62738452,62737493,2162698,-0.15562311,-0.20909362,-9.904014,40.341763,0,0,0,0
62838487,62837518,2162698,-0.15322891,-0.16280572,-9.929553,40.341763,0,0,0,0
62938550,62937567,2162698,-0.18116125,-0.17637286,-9.907207,40.341763,0,0,0,0
63138549,63137656,2162698,-0.12609462,-0.21308395,-9.938332,40.435883,0,0,0,0
63438708,63437803,2162698,-0.15801731,-0.16440184,-9.943918,40.435883,0,0,0,0
63538748,63537851,2162698,-0.15402699,-0.165998,-9.911197,40.435883,0,0,0,0
63838937,63837995,2162698,-0.1827574,-0.17717093,-9.905611,40.435883,0,0,0,0
64038991,64038093,2162698,-0.16120958,-0.19712262,-9.919178,40.435883,0,0,0,0
64439193,64438291,2162698,-0.19393034,-0.14684437,-9.929553,40.341763,0,0,0,0
65139532,65138632,2162698,-0.18355545,-0.20989168,-9.947109,40.53,0,0,0,0
65239585,65238695,2162698,-0.15961345,-0.16440184,-9.91359,40.53,0,0,0,0
65339633,65338734,2162698,-0.21627623,-0.15642118,-9.972649,40.53,0,0,0,0
65839915,65839001,2162698,-0.16519992,-0.18594965,-9.910399,40.53,0,0,0,0
65939948,65939037,2162698,-0.16440184,-0.1683922,-9.887255,40.53,0,0,0,0
66039978,66039078,2162698,-0.16919024,-0.20350714,-9.931947,40.53,0,0,0,0
66537719,66536819,2162698,-0.21547815,-0.19991584,-9.90601,40.53,0,0,0,0
66637771,66636868,2162698,-0.16519992,-0.1412579,-9.945514,40.53,0,0,0,0
66737817,66736918,2162698,-0.18914193,-0.1436521,-9.96347,40.53,0,0,0,0
66837861,66836967,2162698,-0.19512744,-0.18076223,-9.967062,40.53,0,0,0,0
67238058,67237164,2162698,-0.18914193,-0.16400282,-9.901221,40.624115,0,0,0,0
67738338,67737423,2162698,-0.14963761,-0.19273324,-9.907207,40.624115,0,0,0,0
67838391,67837470,2162698,-0.14724341,-0.19871874,-9.911995,40.624115,0,0,0,0
67938474,67937512,2162698,-0.1376666,-0.15322891,-9.885659,40.624115,0,0,0,0
68038471,68037561,2162698,-0.17118542,-0.17717093,-9.952697,40.624115,0,0,0,0
68138508,68137609,2162698,-0.1388637,-0.18435353,-9.952697,40.53,0,0,0,0
68238564,68237659,2162698,-0.18794483,-0.130484,-9.916783,40.53,0,0,0,0
68438653,68437759,2162698,-0.1604115,-0.1328782,-9.925163,40.53,0,0,0,0
68538706,68537805,2162698,-0.16280572,-0.1604115,-9.982624,40.53,0,0,0,0
68838853,68837954,2162698,-0.16160862,-0.11133038,-9.950302,40.53,0,0,0,0
68938900,68938006,2162698,-0.16639702,-0.1400608,-9.834184,40.53,0,0,0,0
69038958,69038063,2162698,-0.21906945,-0.24061728,-9.835381,40.53,0,0,0,0
69139014,69138102,2162698,-0.075417355,-0.12928689,-9.908403,40.624115,0,0,0,0
69339132,69338214,2162698,-0.14963761,-0.18195933,-9.91798,40.624115,0,0,0,0
69439177,69438254,2162698,-0.19512744,-0.17238252,-9.947908,40.624115,0,0,0,0
69539215,69538312,2162698,-0.18674773,-0.16400282,-9.938332,40.624115,0,0,0,0
69639264,69638367,2162698,-0.17477672,-0.22026655,-9.890448,40.624115,0,0,0,0
70039461,70038548,2162698,-0.17118542,-0.1364695,-9.901221,40.624115,0,0,0,0
70239549,70238647,2162698,-0.17836803,-0.20709845,-9.880871,40.624115,0,0,0,0
70439727,70438748,2162698,-0.12808979,-0.18076223,-9.868899,40.624115,0,0,0,0
70539698,70538804,2162698,-0.17118542,-0.1328782,-9.922769,40.624115,0,0,0,0
70639742,70638845,2162698,-0.1604115,-0.14844051,-9.884461,40.624115,0,0,0,0
70839868,70838944,2162698,-0.17477672,-0.14724341,-9.973047,40.624115,0,0,0,0
70939927,70939001,2162698,-0.14604631,-0.16400282,-9.827001,40.624115,0,0,0,0
71240057,71239163,2162698,-0.17956513,-0.19991584,-9.862914,40.718235,0,0,0,0
71337611,71336699,2162698,-0.16360378,-0.13088302,-9.89763,40.718235,0,0,0,0
71737786,71736894,2162698,-0.20510328,-0.43734086,-9.875283,40.718235,0,0,0,0
71837837,71836942,2162698,-0.14045984,-0.17876706,-9.902418,40.718235,0,0,0,0
71937886,71936991,2162698,-0.19313227,-0.08698933,-10.009358,40.718235,0,0,0,0
72338107,72337200,2162698,-0.12609462,-0.19313227,-9.9207735,40.624115,0,0,0,0
72438159,72437242,2162698,-0.14923857,-0.22665109,-9.899225,40.624115,0,0,0,0
72538202,72537303,2162698,-0.1707864,-0.20829555,-9.862515,40.624115,0,0,0,0
72838354,72837439,2162698,-0.15243085,-0.18594965,-9.89763,40.624115,0,0,0,0
72938407,72937501,2162698,-0.14285403,-0.23303564,-9.902418,40.624115,0,0,0,0
73038446,73037541,2162698,-0.14844051,-0.19632454,-9.931947,40.624115,0,0,0,0
73138483,73137591,2162698,-0.18036321,-0.21468008,-9.833785,40.81235,0,0,0,0
73238541,73237649,2162698,-0.1851516,-0.1364695,-9.904813,40.81235,0,0,0,0
73438652,73437740,2162698,-0.16280572,-0.15721925,-9.892841,40.81235,0,0,0,0
73538706,73537790,2162698,-0.177969,-0.12449849,-9.935937,40.81235,0,0,0,0
73638771,73637864,2162698,-0.17238252,-0.17876706,-9.921572,40.81235,0,0,0,0
73838830,73837938,2162698,-0.14844051,-0.12609462,-9.90162,40.81235,0,0,0,0
73938883,73937990,2162698,-0.16280572,-0.16440184,-9.949504,40.81235,0,0,0,0
74038962,74038059,2162698,-0.18435353,-0.15881538,-9.871294,40.81235,0,0,0,0
74139007,74138090,2162698,-0.1875458,-0.18594965,-9.904014,40.81235,0,0,0,0
74239068,74238139,2162698,-0.18834387,-0.13247916,-9.949504,40.81235,0,0,0,0
74339123,74338192,2162698,-0.15562311,-0.18674773,-9.887255,40.81235,0,0,0,0
74739297,74738396,2162698,-0.15163277,-0.13487336,-9.91439,40.81235,0,0,0,0
75039499,75038545,2162698,-0.18036321,-0.17238252,-9.879274,40.81235,0,0,0,0
75139486,75138589,2162698,-0.16519992,-0.15642118,-9.9447155,40.81235,0,0,0,0
75639785,75638847,2162698,-0.13247916,-0.15322891,-9.855332,40.81235,0,0,0,0
75739815,75738895,2162698,-0.16759412,-0.15961345,-9.958283,40.81235,0,0,0,0
76139985,76139090,2162698,-0.13487336,-0.17397866,-9.921572,40.81235,0,0,0,0
76337601,76336689,2162698,-0.11851298,-0.19991584,-9.91798,40.81235,0,0,0,0
76437644,76436739,2162698,-0.17597382,-0.19153613,-10.004171,40.81235,0,0,0,0
76637748,76636838,2162698,-0.18315643,-0.19512744,-9.923966,40.81235,0,0,0,0
76737800,76736893,2162698,-0.17477672,-0.17956513,-9.898827,40.81235,0,0,0,0
76837832,76836936,2162698,-0.21188685,-0.16639702,-9.8437605,40.81235,0,0,0,0
76937900,76936992,2162698,-0.18555063,-0.14604631,-9.923966,40.81235,0,0,0,0
77037930,77037036,2162698,-0.18435353,-0.130484,-9.945514,40.81235,0,0,0,0
77138003,77137100,2162698,-0.12449849,-0.1352724,-9.958682,40.90647,0,0,0,0
77238079,77237136,2162698,-0.20590134,-0.14604631,-9.946711,40.90647,0,0,0,0
77438164,77437256,2162698,-0.18794483,-0.16519992,-9.876082,40.90647,0,0,0,0
77538205,77537295,2162698,-0.17357962,-0.16280572,-9.94312,40.90647,0,0,0,0
77938432,77937502,2162698,-0.17836803,-0.17597382,-9.946711,40.90647,0,0,0,0
78238535,78237639,2162698,-0.21068975,-0.16759412,-9.880871,41.000587,0,0,0,0
78338605,78337689,2162698,-0.14604631,-0.14604631,-9.907207,41.000587,0,0,0,0
78438651,78437749,2162698,-0.15562311,-0.19033903,-9.91439,41.000587,0,0,0,0
78538696,78537790,2162698,-0.19991584,-0.16639702,-9.908403,41.000587,0,0,0,0
78838856,78837949,2162698,-0.16639702,-0.21068975,-9.877279,41.000587,0,0,0,0
78938891,78937995,2162698,-0.20231004,-0.14724341,-9.938332,41.000587,0,0,0,0
79038945,79038047,2162698,-0.20590134,-0.12928689,-9.915586,41.000587,0,0,0,0
79339143,79338201,2162698,-0.12808979,-0.14963761,-9.935937,41.000587,0,0,0,0
79439157,79438247,2162698,-0.19752164,-0.15203181,-9.925163,41.000587,0,0,0,0
79539208,79538301,2162698,-0.17477672,-0.1436521,-9.929952,41.000587,0,0,0,0
79739332,79738427,2162698,-0.16280572,-0.18315643,-9.923966,41.000587,0,0,0,0
79839352,79838448,2162698,-0.17238252,-0.19153613,-9.8916445,41.000587,0,0,0,0
80339594,80338700,2162698,-0.16759412,-0.12689269,-9.931149,41.094704,0,0,0,0
80739809,80738899,2162698,-0.22864626,-0.1364695,-9.962274,41.094704,0,0,0,0
80839870,80838950,2162698,-0.15203181,-0.12090719,-9.884461,41.094704,0,0,0,0
80939941,80939038,2162698,-0.15322891,-0.19033903,-9.904813,41.094704,0,0,0,0
81039966,81039055,2162698,-0.15442601,-0.20470424,-9.909601,41.094704,0,0,0,0
81139999,81139102,2162698,-0.20949265,-0.22984336,-9.925163,41.094704,0,0,0,0
81340107,81339203,2162698,-0.1436521,-0.1400608,-9.909601,41.094704,0,0,0,0
81437671,81436758,2162698,-0.16759412,-0.10534488,-9.886457,41.094704,0,0,0,0
81537705,81536810,2162698,-0.15402699,-0.15642118,-9.949504,41.094704,0,0,0,0
81637776,81636862,2162698,-0.16679604,-0.20909362,-9.935937,41.094704,0,0,0,0
81837861,81836957,2162698,-0.15083471,-0.1436521,-9.88486,41.094704,0,0,0,0
82137997,82137109,2162698,-0.13247916,-0.177969,-9.953495,41.094704,0,0,0,0
82338109,82337210,2162698,-0.18355545,-0.23143949,-9.933543,41.094704,0,0,0,0
82438166,82437261,2162698,-0.16120958,-0.18914193,-9.907207,41.094704,0,0,0,0
82538232,82537312,2162698,-0.1923342,-0.19153613,-9.935139,41.094704,0,0,0,0
82638298,82637378,2162698,-0.17397866,-0.15961345,-10.001379,41.094704,0,0,0,0
82838372,82837474,2162698,-0.15402699,-0.1731806,-9.888053,41.094704,0,0,0,0
82938410,82937510,2162698,-0.20191102,-0.21148783,-9.928755,41.094704,0,0,0,0
83138507,83137616,2162698,-0.1755748,-0.17956513,-9.948707,41.094704,0,0,0,0
83538770,83537828,2162698,-0.1707864,-0.15961345,-9.953495,41.094704,0,0,0,0
83638788,83637874,2162698,-0.16519992,-0.14684437,-9.927158,41.094704,0,0,0,0
83738827,83737927,2162698,-0.1755748,-0.18355545,-9.905611,41.094704,0,0,0,0
83939015,83938031,2162698,-0.19712262,-0.1604115,-9.979831,41.094704,0,0,0,0
84739339,84738429,2162698,-0.17637286,-0.16200764,-9.9550905,41.188824,0,0,0,0
84839396,84838485,2162698,-0.15642118,-0.18914193,-9.94312,41.188824,0,0,0,0
84939426,84938530,2162698,-0.21707428,-0.20350714,-9.935139,41.188824,0,0,0,0
85039470,85038579,2162698,-0.19313227,-0.15003665,-9.91439,41.188824,0,0,0,0
85139537,85138645,2162698,-0.18195933,-0.121306226,-9.881669,41.188824,0,0,0,0
85239571,85238684,2162698,-0.17956513,-0.18834387,-9.924765,41.188824,0,0,0,0
85339635,85338732,2162698,-0.1604115,-0.12609462,-9.885659,41.188824,0,0,0,0
85439687,85438783,2162698,-0.14045984,-0.19153613,-9.885659,41.188824,0,0,0,0
85539726,85538833,2162698,-0.18914193,-0.15163277,-9.931149,41.188824,0,0,0,0
85639793,85638894,2162698,-0.19153613,-0.20749748,-9.845756,41.188824,0,0,0,0
85739880,85738944,2162698,-0.14923857,-0.14923857,-9.915188,41.188824,0,0,0,0
86040005,86039102,2162698,-0.17477672,-0.17956513,-9.959081,41.188824,0,0,0,0
86140034,86139147,2162698,-0.17717093,-0.19632454,-9.927158,41.047646,0,0,0,0
86237643,86236734,2162698,-0.19991584,-0.15562311,-9.93474,41.047646,0,0,0,0
86537741,86536842,2162698,-0.18076223,-0.15322891,-9.909601,41.047646,0,0,0,0
86637795,86636895,2162698,-0.16400282,-0.19153613,-9.8677025,41.047646,0,0,0,0
86737843,86736944,2162698,-0.17477672,-0.14604631,-9.88925,41.047646,0,0,0,0
86837895,86836995,2162698,-0.11492168,-0.15682021,-9.922769,41.047646,0,0,0,0
86937948,86937054,2162698,-0.16759412,-0.12569559,-9.998186,41.047646,0,0,0,0
87037991,87037097,2162698,-0.18794483,-0.1352724,-9.93474,41.047646,0,0,0,0
87238098,87237202,2162698,-0.17836803,-0.15203181,-9.945514,41.188824,0,0,0,0
87338160,87337253,2162698,-0.15682021,-0.1352724,-9.908403,41.188824,0,0,0,0
87438235,87437302,2162698,-0.19153613,-0.18794483,-9.90601,41.188824,0,0,0,0
87538281,87537353,2162698,-0.18435353,-0.16160862,-9.980229,41.188824,0,0,0,0
87638327,87637421,2162698,-0.19273324,-0.1448492,-9.878476,41.188824,0,0,0,0
88038510,88037611,2162698,-0.1436521,-0.15203181,-9.96347,41.188824,0,0,0,0
88138615,88137659,2162698,-0.12210429,-0.12210429,-9.916783,41.28294,0,0,0,0
88238676,88237711,2162698,-0.1352724,-0.15562311,-9.947908,41.28294,0,0,0,0
88538816,88537907,2162698,-0.15682021,-0.15083471,-9.915586,41.28294,0,0,0,0
88738870,88737976,2162698,-0.1340753,-0.19991584,-9.895236,41.28294,0,0,0,0
88838911,88838018,2162698,-0.16998832,-0.1592144,-9.910798,41.28294,0,0,0,0
89039038,89038122,2162698,-0.18315643,-0.21068975,-9.941922,41.28294,0,0,0,0
89139104,89138197,2162698,-0.15442601,-0.19632454,-9.921572,41.377056,0,0,0,0
89239179,89238269,2162698,-0.20111294,-0.1364695,-9.90601,41.377056,0,0,0,0
89439229,89438325,2162698,-0.15203181,-0.14604631,-9.981427,41.377056,0,0,0,0
89539298,89538379,2162698,-0.16879122,-0.06943185,-9.932345,41.377056,0,0,0,0
89639340,89638430,2162698,-0.1316811,-0.19512744,-9.879673,41.377056,0,0,0,0
89739382,89738479,2162698,-0.1592144,-0.17717093,-9.879673,41.377056,0,0,0,0
89839427,89838530,2162698,-0.22864626,-0.18674773,-9.847352,41.377056,0,0,0,0
89939485,89938591,2162698,-0.15801731,-0.12330139,-9.80665,41.377056,0,0,0,0
90139590,90138684,2162698,-0.16280572,-0.11731588,-9.901221,41.377056,0,0,0,0
90239630,90238736,2162698,-0.17118542,-0.1388637,-9.91798,41.377056,0,0,0,0
90439732,90438839,2162698,-0.18195933,-0.06344634,-9.896433,41.377056,0,0,0,0
90539815,90538890,2162698,-0.21068975,-0.033518825,-10.022128,41.377056,0,0,0,0
90739944,90739043,2162698,-0.22505496,-0.18195933,-9.88925,41.377056,0,0,0,0
91337712,91336803,2162698,-0.12848882,-0.06703765,-9.899225,41.377056,0,0,0,0
91837956,91837059,2162698,-0.15003665,-0.06464344,-9.876082,41.377056,0,0,0,0
92038052,92037163,2162698,-0.14923857,-0.107739076,-9.97185,41.377056,0,0,0,0
92138116,92137215,2162698,-0.25617957,-0.10374874,-9.90162,41.471176,0,0,0,0
92238188,92237269,2162698,-0.19792067,-0.0973642,-9.8728895,41.471176,0,0,0,0
92538326,92537421,2162698,-0.22505496,-0.079008654,-9.919178,41.471176,0,0,0,0
92838462,92837566,2162698,-0.20031486,-0.15402699,-9.891246,41.471176,0,0,0,0
93238697,93237794,2162698,-0.16919024,-0.17397866,-9.916783,41.377056,0,0,0,0
93338754,93337833,2162698,-0.14445017,-0.1755748,-9.929553,41.377056,0,0,0,0
93438785,93437884,2162698,-0.17876706,-0.14604631,-9.923167,41.377056,0,0,0,0
93538837,93537944,2162698,-0.16759412,-0.1683922,-9.947109,41.377056,0,0,0,0
93738937,93738040,2162698,-0.20191102,-0.14923857,-9.890448,41.377056,0,0,0,0
93839002,93838090,2162698,-0.21308395,-0.15243085,-9.907207,41.377056,0,0,0,0
93939098,93938148,2162698,-0.177969,-0.12689269,-9.9511,41.377056,0,0,0,0
94039120,94038195,2162698,-0.121306226,-0.21228588,-9.927158,41.377056,0,0,0,0
94139148,94138248,2162698,-0.16679604,-0.1388637,-9.91439,41.377056,0,0,0,0
94239219,94238324,2162698,-0.16280572,-0.16280572,-9.965466,41.377056,0,0,0,0
94439348,94438431,2162698,-0.16679604,-0.1604115,-9.952697,41.377056,0,0,0,0
94539362,94538454,2162698,-0.15881538,-0.16998832,-9.879274,41.377056,0,0,0,0
95039615,95038712,2162698,-0.18914193,-0.21946849,-9.883265,41.377056,0,0,0,0
95139667,95138764,2162698,-0.19393034,-0.15402699,-9.851341,41.471176,0,0,0,0
95239718,95238815,2162698,-0.15881538,-0.16280572,-9.900024,41.471176,0,0,0,0
95339763,95338866,2162698,-0.1755748,-0.1827574,-9.935139,41.471176,0,0,0,0
95439826,95438919,2162698,-0.12050815,-0.1364695,-9.929553,41.471176,0,0,0,0
95739966,95739073,2162698,-0.20590134,-0.165998,-9.961474,41.471176,0,0,0,0
95840010,95839117,2162698,-0.1412579,-0.095768064,-9.887255,41.471176,0,0,0,0
95940077,95939185,2162698,-0.05746084,-0.14045984,-9.974244,41.471176,0,0,0,0
96037647,96036738,2162698,-0.15322891,-0.29927522,-9.853337,41.471176,0,0,0,0
96137705,96136794,2162698,-0.12569559,-0.18195933,-9.854534,41.565292,0,0,0,0
96237728,96236833,2162698,-0.20709845,-0.18794483,-9.956287,41.565292,0,0,0,0
96938112,96937204,2162698,-0.16280572,-0.17118542,-9.93474,41.565292,0,0,0,0
97138210,97137298,2162698,-0.18076223,-0.24899697,-9.928755,41.565292,0,0,0,0
97238295,97237354,2162698,-0.17597382,-0.17956513,-9.861717,41.565292,0,0,0,0
97338349,97337415,2162698,-0.17836803,-0.14604631,-9.890448,41.565292,0,0,0,0
97538409,97537507,2162698,-0.1376666,-0.18914193,-9.932345,41.565292,0,0,0,0
97738515,97737608,2162698,-0.16519992,-0.22266077,-9.92636,41.565292,0,0,0,0
97838579,97837660,2162698,-0.18315643,-0.16160862,-9.993398,41.565292,0,0,0,0
97938659,97937721,2162698,-0.15682021,-0.16519992,-9.92636,41.565292,0,0,0,0
98138732,98137838,2162698,-0.14604631,-0.19871874,-9.901221,41.565292,0,0,0,0
98238791,98237874,2162698,-0.15203181,-0.16400282,-9.919178,41.565292,0,0,0,0
98638980,98638076,2162698,-0.1388637,-0.11611878,-9.929952,41.565292,0,0,0,0
98739032,98738128,2162698,-0.1340753,-0.18195933,-9.862914,41.565292,0,0,0,0
98839119,98838201,2162698,-0.12808979,-0.23343466,-9.919178,41.565292,0,0,0,0
100239838,100238910,2162698,-0.059855044,-0.05865794,-10.022128,41.847645,0,0,0,0
100640032,100639131,2162698,-0.15442601,-0.17238252,-9.928755,41.847645,0,0,0,0
100737585,100736674,2162698,-0.15243085,-0.32720757,-9.874486,41.847645,0,0,0,0
100837639,100836726,2162698,-0.08619126,-0.29368874,-9.928755,41.847645,0,0,0,0
101037791,101036836,2162698,-0.12928689,-0.2705448,-9.938332,41.847645,0,0,0,0
101137779,101136883,2162698,-0.10295067,-0.28411192,-9.923167,41.75353,0,0,0,0
101337875,101336987,2162698,-0.1316811,-0.32561144,-9.975042,41.75353,0,0,0,0
101438047,101437073,2162698,-0.0973642,-0.23303564,-9.972649,41.75353,0,0,0,0
101537992,101537095,2162698,-0.1412579,-0.2825158,-9.976639,41.75353,0,0,0,0
101938249,101937312,2162698,-0.13726756,-0.24021824,-9.915985,41.75353,0,0,0,0
102038283,102037355,2162698,-0.14764245,-0.26974672,-9.942321,41.75353,0,0,0,0
102138336,102137411,2162698,-0.14923857,-0.24261245,-9.937532,41.75353,0,0,0,0
102338404,102337511,2162698,-0.16679604,-0.2362279,-9.865706,41.75353,0,0,0,0
102738665,102737718,2162698,-0.12609462,-0.20829555,-9.959879,41.75353,0,0,0,0
103038775,103037877,2162698,-0.1683922,-0.21707428,-9.876881,41.75353,0,0,0,0
103138828,103137930,2162698,-0.21068975,-0.23223756,-9.959081,41.941765,0,0,0,0
103939335,103938361,2162698,-0.1947284,-0.11651782,-9.885659,41.941765,0,0,0,0
104039309,104038405,2162698,-0.18594965,-0.14844051,-9.880871,41.941765,0,0,0,0
104239423,104238532,2162698,-0.15083471,-0.18036321,-9.939927,41.847645,0,0,0,0
104339456,104338563,2162698,-0.14844051,-0.15881538,-9.972649,41.847645,0,0,0,0
104539563,104538668,2162698,-0.19073807,-0.18594965,-9.898428,41.847645,0,0,0,0
104639645,104638736,2162698,-0.16200764,-0.15482503,-9.909601,41.847645,0,0,0,0
105340000,105339090,2162698,-0.20669942,-0.19951682,-9.924765,41.847645,0,0,0,0
105440032,105439141,2162698,-0.14524823,-0.17397866,-9.883265,41.847645,0,0,0,0
105537664,105536696,2162698,-0.20350714,-0.20111294,-9.929952,41.847645,0,0,0,0
105637761,105636796,2162698,-0.12449849,-0.18435353,-9.879673,41.847645,0,0,0,0
106037932,106036964,2162698,-0.17956513,-0.16759412,-9.884461,41.847645,0,0,0,0
106237972,106237068,2162698,-0.16519992,-0.12928689,-9.903615,41.941765,0,0,0,0
106338005,106337111,2162698,-0.16280572,-0.15203181,-9.94312,41.941765,0,0,0,0
106438072,106437167,2162698,-0.18914193,-0.17477672,-9.959879,41.941765,0,0,0,0
106638216,106637287,2162698,-0.12569559,-0.1352724,-9.93474,41.941765,0,0,0,0
106838373,106837388,2162698,-0.19991584,-0.1592144,-9.985018,41.941765,0,0,0,0
107038391,107037487,2162698,-0.22146365,-0.11731588,-9.940725,41.941765,0,0,0,0
107138446,107137546,2162698,-0.21308395,-0.21906945,-10.018537,41.941765,0,0,0,0
107238497,107237586,2162698,-0.18315643,-0.1364695,-9.890448,41.941765,0,0,0,0
107438594,107437695,2162698,-0.15083471,-0.20470424,-9.90601,41.941765,0,0,0,0
107538647,107537747,2162698,-0.19752164,-0.2873042,-9.91439,41.941765,0,0,0,0
107938928,107937966,2162698,-0.18195933,-0.18914193,-9.908403,41.941765,0,0,0,0
108038911,108038012,2162698,-0.1364695,-0.24181437,-9.895236,41.941765,0,0,0,0
108439126,108438227,2162698,-0.1376666,-0.16400282,-9.874885,42.03588,0,0,0,0
108539228,108538311,2162698,-0.15442601,-0.2777274,-9.981427,42.03588,0,0,0,0
108639237,108638338,2162698,-0.142455,-0.16879122,-9.985018,42.03588,0,0,0,0
108739295,108738390,2162698,-0.20949265,-0.1400608,-9.885659,42.03588,0,0,0,0
108939407,108938495,2162698,-0.15083471,-0.17238252,-9.8916445,42.03588,0,0,0,0
109039442,109038539,2162698,-0.18674773,-0.24420857,-9.909601,42.03588,0,0,0,0
109939955,109939044,2162698,-0.15442601,-0.18315643,-9.927557,41.941765,0,0,0,0
110237583,110236680,2162698,-0.14205596,-0.17158444,-9.869698,42.03588,0,0,0,0
110737933,110736981,2162698,-0.15482503,-0.24261245,-9.94312,42.03588,0,0,0,0
111038009,111037114,2162698,-0.121306226,-0.15003665,-9.858524,42.03588,0,0,0,0
111238191,111237214,2162698,-0.15163277,-0.22026655,-9.990205,42.224117,0,0,0,0
111338169,111337265,2162698,-0.1755748,-0.17397866,-9.9550905,42.224117,0,0,0,0
111438239,111437320,2162698,-0.12928689,-0.1755748,-9.910399,42.224117,0,0,0,0
111638332,111637428,2162698,-0.15322891,-0.21148783,-9.933543,42.224117,0,0,0,0
112238642,112237747,2162698,-0.16360378,-0.110133275,-9.884063,42.129997,0,0,0,0
112338695,112337806,2162698,-0.20111294,-0.15721925,-9.908005,42.129997,0,0,0,0
112538852,112537943,2162698,-0.13088302,-0.18594965,-10.003773,42.129997,0,0,0,0
112638861,112637961,2162698,-0.1731806,-0.16679604,-9.927158,42.129997,0,0,0,0
112738911,112738016,2162698,-0.18834387,-0.14524823,-9.94312,42.129997,0,0,0,0
113439300,113438394,2162698,-0.11412362,-0.20669942,-9.852939,42.224117,0,0,0,0
113539351,113538450,2162698,-0.19792067,-0.16280572,-9.985416,42.224117,0,0,0,0
113739455,113738562,2162698,-0.18036321,-0.18435353,-9.928755,42.224117,0,0,0,0
114539904,114538992,2162698,-0.20430522,-0.20111294,-9.927956,42.318233,0,0,0,0
114639939,114639039,2162698,-0.14445017,-0.15961345,-9.93913,42.318233,0,0,0,0
115237767,115236858,2162698,-0.19752164,-0.1376666,-9.951499,42.318233,0,0,0,0
115337829,115336921,2162698,-0.19393034,-0.12928689,-9.970653,42.318233,0,0,0,0
115537916,115537023,2162698,-0.1592144,-0.14604631,-9.817424,42.318233,0,0,0,0
115637970,115637077,2162698,-0.18674773,-0.17357962,-9.967062,42.318233,0,0,0,0
115738024,115737131,2162698,-0.16759412,-0.19393034,-9.8916445,42.318233,0,0,0,0
115838100,115837188,2162698,-0.16160862,-0.12330139,-9.842564,42.318233,0,0,0,0
115938209,115937266,2162698,-0.15682021,-0.11372458,-9.883265,42.318233,0,0,0,0
116038210,116037294,2162698,-0.22385786,-0.11611878,-10.030508,42.318233,0,0,0,0
116138283,116137347,2162698,-0.16519992,-0.19512744,-9.920375,42.318233,0,0,0,0
116238331,116237413,2162698,-0.16280572,-0.15801731,-9.888053,42.318233,0,0,0,0
116438435,116437518,2162698,-0.17836803,-0.20350714,-9.953894,42.318233,0,0,0,0
116638530,116637617,2162698,-0.16998832,-0.1388637,-9.910798,42.318233,0,0,0,0
116738585,116737675,2162698,-0.1352724,-0.18555063,-9.913192,42.318233,0,0,0,0
117038737,117037834,2162698,-0.10055647,-0.17956513,-10.019734,42.318233,0,0,0,0
117138785,117137886,2162698,-0.1412579,-0.20350714,-9.983821,42.412354,0,0,0,0
117539006,117538102,2162698,-0.23702596,-0.10055647,-9.941922,42.412354,0,0,0,0
117639085,117638181,2162698,-0.15562311,-0.15322891,-9.946711,42.412354,0,0,0,0
117839199,117838282,2162698,-0.15322891,-0.19393034,-9.977836,42.412354,0,0,0,0
117939252,117938340,2162698,-0.21068975,-0.17956513,-10.150218,42.412354,0,0,0,0
118039300,118038377,2162698,-0.18076223,-0.14844051,-9.868899,42.412354,0,0,0,0
118339436,118338537,2162698,-0.20111294,-0.19033903,-9.933543,42.600586,0,0,0,0
118739651,118738754,2162698,-0.15682021,-0.17238252,-9.828198,42.600586,0,0,0,0
118839705,118838809,2162698,-0.14604631,-0.19632454,-9.88925,42.600586,0,0,0,0
119039856,119038931,2162698,-0.21188685,-0.16280572,-9.911995,42.600586,0,0,0,0
119139903,119138983,2162698,-0.09935937,-0.18435353,-9.885659,42.694706,0,0,0,0
119239937,119239030,2162698,-0.19512744,-0.3184288,-9.952697,42.694706,0,0,0,0
119440042,119439145,2162698,-0.092176765,-0.08140286,-10.0029745,42.694706,0,0,0,0
119540117,119539219,2162698,-0.14604631,-0.21428105,-9.953894,42.694706,0,0,0,0
119637671,119636777,2162698,-0.25777572,-0.29129454,-9.976639,42.694706,0,0,0,0
120037858,120036965,2162698,-0.16919024,-0.21867043,-9.953495,42.694706,0,0,0,0
120438076,120437181,2162698,-0.11571974,-0.14604631,-9.978234,42.600586,0,0,0,0
120538247,120537246,2162698,-0.17238252,-0.20031486,-9.911995,42.600586,0,0,0,0
120638197,120637293,2162698,-0.18355545,-0.09497,-9.934341,42.600586,0,0,0,0
120738268,120737348,2162698,-0.18195933,-0.25458345,-9.862515,42.600586,0,0,0,0
120838319,120837404,2162698,-0.17238252,-0.15961345,-9.9550905,42.600586,0,0,0,0
121038400,121037502,2162698,-0.21148783,-0.1755748,-9.889648,42.600586,0,0,0,0
121238524,121237627,2162698,-0.1316811,-0.1364695,-9.80266,42.694706,0,0,0,0
121438635,121437732,2162698,-0.17637286,-0.22904529,-9.9686575,42.694706,0,0,0,0
121638726,121637839,2162698,-0.30166942,-0.10215261,-9.857727,42.694706,0,0,0,0
121738785,121737898,2162698,-0.1827574,-0.075018324,-9.874486,42.694706,0,0,0,0
121938934,121938024,2162698,-0.13088302,-0.17876706,-9.877678,42.694706,0,0,0,0
122139084,122138122,2162698,-0.18594965,-0.18594965,-10.000581,42.694706,0,0,0,0
122239082,122238178,2162698,-0.1388637,-0.30645782,-9.929553,42.694706,0,0,0,0
122339144,122338240,2162698,-0.20270906,-0.1364695,-9.974244,42.694706,0,0,0,0
122439186,122438289,2162698,-0.272939,-0.050278235,-10.327787,42.694706,0,0,0,0
122539233,122538336,2162698,-0.14445017,-0.16280572,-9.967062,42.694706,0,0,0,0
122639290,122638391,2162698,-0.23223756,-0.28890035,-9.94312,42.694706,0,0,0,0
122739361,122738456,2162698,-0.177969,-0.06544151,-9.887255,42.694706,0,0,0,0
122839398,122838501,2162698,-0.21148783,-0.26974672,-9.871294,42.694706,0,0,0,0
123039503,123038612,2162698,-0.1436521,-0.13247916,-9.925562,42.694706,0,0,0,0
123139569,123138666,2162698,-0.15721925,-0.20909362,-9.883265,42.88294,0,0,0,0
123239613,123238726,2162698,-0.18435353,-0.1604115,-9.955889,42.88294,0,0,0,0
123339666,123338779,2162698,-0.11731588,-0.39025488,-9.904813,42.88294,0,0,0,0
123940080,123939116,2162698,-0.20510328,-0.22505496,-9.85214,42.88294,0,0,0,0
124040080,124039175,2162698,-0.15801731,-0.27453512,-9.873688,42.88294,0,0,0,0
124140118,124139230,2162698,-0.14923857,-0.22984336,-9.983821,42.788822,0,0,0,0
124237719,124236807,2162698,-0.22146365,-0.16280572,-10.011354,42.788822,0,0,0,0
124337809,124336849,2162698,-0.18435353,-0.17238252,-9.938332,42.788822,0,0,0,0
124537861,124536943,2162698,-0.23702596,-0.22146365,-9.947908,42.788822,0,0,0,0
124637905,124636994,2162698,-0.2896984,-0.1592144,-9.920375,42.788822,0,0,0,0
124938074,124937180,2162698,-0.093373865,-0.19632454,-9.932345,42.788822,0,0,0,0
125138182,125137278,2162698,-0.16400282,-0.08259996,-9.925163,42.97706,0,0,0,0
125238244,125237325,2162698,-0.11971009,-0.17477672,-10.055647,42.97706,0,0,0,0
125438365,125437445,2162698,-0.06943185,-0.31124622,-9.824607,42.97706,0,0,0,0
125538397,125537493,2162698,-0.1592144,-0.18914193,-9.956287,42.97706,0,0,0,0
126238780,126237880,2162698,-0.19393034,-0.046686932,-9.985018,42.97706,0,0,0,0
126338835,126337936,2162698,-0.25019407,-0.23223756,-9.807847,42.97706,0,0,0,0
126438885,126437992,2162698,-0.18794483,-0.04070143,-10.007763,42.97706,0,0,0,0
126939219,126938317,2162698,-0.18195933,-0.020350715,-9.849746,42.97706,0,0,0,0
127339455,127338561,2162698,-0.17597382,-0.15801731,-9.947908,42.97706,0,0,0,0
127639565,127638661,2162698,-0.076614454,-0.36870706,-9.827001,42.97706,0,0,0,0
127739625,127738720,2162698,-0.19512744,-0.21906945,-9.97185,42.97706,0,0,0,0
128139855,128138940,2162698,-0.16160862,-0.1388637,-9.825804,42.97706,0,0,0,0
128239919,128239001,2162698,-0.1592144,-0.2645593,-9.835381,42.97706,0,0,0,0
129137902,129137009,2162698,-0.20669942,0.010374875,-9.995792,43.165295,0,0,0,0
129238016,129237058,2162698,-0.14205596,-0.16120958,-10.124281,43.165295,0,0,0,0
129338027,129337122,2162698,-0.15322891,-0.15801731,-9.734026,43.165295,0,0,0,0
129538128,129537236,2162698,0.00877874,-0.1412579,-9.417193,43.165295,0,0,0,0
129838335,129837412,2162698,-0.10534488,-0.16998832,-9.79867,43.165295,0,0,0,0
130238529,130237630,2162698,-0.11332554,-0.27453512,-9.91439,43.165295,0,0,0,0
130538685,130537795,2162698,-0.15322891,-0.15482503,-10.029311,43.165295,0,0,0,0
131038984,131038068,2162698,-0.19632454,-0.26416025,-9.998984,43.165295,0,0,0,0
131339144,131338242,2162698,-0.1755748,-0.26256412,-9.9686575,43.165295,0,0,0,0
131439193,131438282,2162698,-0.10055647,-0.29847714,-9.9550905,43.165295,0,0,0,0
131539291,131538382,2162698,-0.10374874,-0.50517654,-9.986216,43.165295,0,0,0,0
131839426,131838526,2162698,-0.13567144,-0.29688102,-9.9447155,43.165295,0,0,0,0
132239657,132238765,2162698,-0.1947284,-0.3264095,-9.984619,43.353527,0,0,0,0
132539827,132538921,2162698,-0.19313227,0.08619126,-9.855332,43.353527,0,0,0,0
132639879,132638979,2162698,-0.18914193,-0.15243085,-10.008561,43.353527,0,0,0,0
133037594,133036696,2162698,-0.19153613,-0.035913024,-10.044873,43.353527,0,0,0,0
133137650,133136749,2162698,-0.25977087,-0.05267244,-10.077195,43.25941,0,0,0,0
133237701,133236804,2162698,-0.22146365,-0.08379706,-9.929952,43.25941,0,0,0,0
133537865,133536971,2162698,-0.20709845,-0.06943185,-10.052056,43.25941,0,0,0,0
133637921,133637027,2162698,-0.2693477,0.22864626,-9.835381,43.25941,0,0,0,0
133737982,133737084,2162698,-0.15801731,-0.05267244,-9.967062,43.25941,0,0,0,0
134338360,134337431,2162698,-0.110133275,-0.20590134,-9.659407,43.25941,0,0,0,0
134638489,134637592,2162698,-0.21906945,-0.08499416,-9.837775,43.25941,0,0,0,0
135138790,135137875,2162698,-0.1316811,-0.4369418,-9.9790325,43.25941,0,0,0,0
135238828,135237932,2162698,-0.20590134,-0.1604115,-9.791088,43.25941,0,0,0,0
135438943,135438046,2162698,-0.14844051,-0.20470424,-10.068815,43.25941,0,0,0,0
135539008,135538101,2162698,0.06584055,-0.4429273,-10.280702,43.25941,0,0,0,0
135639070,135638158,2162698,-0.061052144,-0.25378537,-9.922769,43.25941,0,0,0,0
135739132,135738218,2162698,-0.093373865,-0.35075054,-9.861717,43.25941,0,0,0,0
135839220,135838322,2162698,-0.12330139,-0.3866636,-9.965864,43.25941,0,0,0,0
136239409,136238500,2162698,-0.11971009,-0.20590134,-9.794679,43.30647,0,0,0,0
136439520,136438616,2162698,-0.12928689,-0.37349546,-10.02572,43.30647,0,0,0,0
136639625,136638729,2162698,-0.11492168,-0.19033903,-9.956287,43.30647,0,0,0,0
136739700,136738780,2162698,-0.09935937,-0.31483752,-9.8198185,43.30647,0,0,0,0
137340044,137339150,2162698,-0.16160862,-0.24779987,-9.885659,43.447647,0,0,0,0
137440081,137439177,2162698,-0.21428105,-0.19512744,-9.79827,43.447647,0,0,0,0
137537626,137536736,2162698,-0.13327724,-0.30565974,-9.877678,43.447647,0,0,0,0
137737798,137736848,2162698,-0.1340753,-0.11651782,-9.910399,43.447647,0,0,0,0
137937869,137936962,2162698,-0.12609462,-0.16120958,-9.876881,43.447647,0,0,0,0
138037969,138037045,2162698,-0.1388637,-0.16440184,-9.748391,43.447647,0,0,0,0
138137985,138137090,2162698,-0.17637286,-0.14285403,-9.9550905,43.353527,0,0,0,0
138338085,138337188,2162698,-0.20669942,-0.16280572,-9.986216,43.353527,0,0,0,0
138438186,138437263,2162698,-0.09896033,-0.25617957,-9.97185,43.353527,0,0,0,0
138538202,138537304,2162698,-0.21468008,-0.18674773,-9.837775,43.353527,0,0,0,0
138638296,138637365,2162698,-0.16919024,-0.11891202,-9.932744,43.353527,0,0,0,0
139038484,139037593,2162698,-0.15961345,-0.21547815,-9.92237,43.353527,0,0,0,0
139138547,139137641,2162698,-0.20829555,-0.11891202,-9.974244,43.353527,0,0,0,0
139238588,139237698,2162698,-0.15482503,-0.15721925,-9.936735,43.353527,0,0,0,0
139338652,139337756,2162698,-0.23223756,-0.14844051,-9.896034,43.353527,0,0,0,0
139438705,139437812,2162698,-0.17238252,-0.21148783,-9.954292,43.353527,0,0,0,0
139538760,139537871,2162698,-0.1923342,-0.14205596,-9.921572,43.353527,0,0,0,0
139939070,139938096,2162698,-0.16120958,-0.20510328,-9.9207735,43.353527,0,0,0,0
140139120,140138213,2162698,-0.22984336,-0.12449849,-9.923167,43.447647,0,0,0,0
140239171,140238267,2162698,-0.15243085,-0.110931344,-9.830592,43.447647,0,0,0,0
140339214,140338322,2162698,-0.22026655,-0.10614294,-9.969456,43.447647,0,0,0,0
140539337,140538437,2162698,-0.1340753,-0.11731588,-9.917582,43.447647,0,0,0,0
140639394,140638491,2162698,-0.15243085,-0.14045984,-9.91439,43.447647,0,0,0,0
141039672,141038721,2162698,-0.16998832,-0.16679604,-10.007763,43.447647,0,0,0,0
141139672,141138775,2162698,-0.17397866,-0.17477672,-9.960677,43.353527,0,0,0,0
141539921,141539005,2162698,-0.15482503,-0.16679604,-9.915188,43.353527,0,0,0,0
141740020,141739115,2162698,-0.15881538,-0.24979505,-9.937532,43.353527,0,0,0,0
141940170,141939240,2162698,-0.20909362,-0.16519992,-9.932744,43.353527,0,0,0,0
142037683,142036786,2162698,-0.16519992,-0.095768064,-9.996989,43.353527,0,0,0,0
142337862,142336963,2162698,-0.18914193,-0.1448492,-9.876082,43.447647,0,0,0,0
142437905,142437011,2162698,-0.19632454,-0.16759412,-9.94312,43.447647,0,0,0,0
142537968,142537068,2162698,-0.17357962,-0.075417355,-9.986216,43.447647,0,0,0,0
142638025,142637125,2162698,-0.21068975,-0.17597382,-9.91439,43.447647,0,0,0,0
142838153,142837252,2162698,-0.19393034,-0.19033903,-9.884461,43.447647,0,0,0,0
142938321,142937387,2162698,-0.21428105,-0.19512744,-9.927557,43.447647,0,0,0,0
143038276,143037354,2162698,-0.1412579,-0.16759412,-9.877279,43.447647,0,0,0,0
143338432,143337527,2162698,-0.108936176,-0.260968,-9.894038,43.447647,0,0,0,0
143438483,143437582,2162698,-0.20350714,-0.23822308,-9.961076,43.447647,0,0,0,0
143538531,143537637,2162698,-0.16759412,-0.16160862,-9.850943,43.447647,0,0,0,0
143838701,143837808,2162698,-0.12449849,-0.21906945,-9.903615,43.447647,0,0,0,0
144238942,144238035,2162698,-0.1592144,-0.16879122,-9.91798,43.541763,0,0,0,0
144338992,144338092,2162698,-0.12689269,-0.18195933,-9.973047,43.541763,0,0,0,0
144639171,144638267,2162698,-0.12330139,-0.19991584,-9.909601,43.541763,0,0,0,0
144739221,144738327,2162698,-0.16759412,-0.19033903,-9.947908,43.541763,0,0,0,0
145239528,145238623,2162698,-0.19393034,-0.1388637,-9.969456,43.541763,0,0,0,0
145339577,145338683,2162698,-0.1340753,-0.1328782,-9.946711,43.541763,0,0,0,0
146140015,146139118,2162698,-0.14724341,-0.15322891,-9.919178,43.447647,0,0,0,0
146240068,146239175,2162698,-0.21068975,-0.20231004,-9.959879,43.447647,0,0,0,0
146537821,146536851,2162698,-0.18435353,-0.1707864,-9.873688,43.447647,0,0,0,0
146637861,146636905,2162698,-0.123700425,-0.15003665,-9.933543,43.447647,0,0,0,0
147038024,147037132,2162698,-0.15721925,-0.20031486,-9.999782,43.447647,0,0,0,0
147138098,147137192,2162698,-0.17876706,-0.15721925,-9.921572,43.541763,0,0,0,0
147238153,147237249,2162698,-0.21308395,-0.1707864,-9.895236,43.541763,0,0,0,0
147338237,147337315,2162698,-0.17876706,-0.18914193,-9.907207,43.541763,0,0,0,0
147538331,147537420,2162698,-0.18834387,-0.15083471,-9.9207735,43.541763,0,0,0,0
147638375,147637476,2162698,-0.19073807,-0.17158444,-9.923966,43.541763,0,0,0,0
147738434,147737533,2162698,-0.17956513,-0.20510328,-9.840967,43.541763,0,0,0,0
147938577,147937645,2162698,-0.19712262,-0.24261245,-9.938332,43.541763,0,0,0,0
148038612,148037710,2162698,-0.12449849,-0.19552647,-9.852939,43.541763,0,0,0,0
148138681,148137791,2162698,-0.1875458,-0.18594965,-9.91439,43.541763,0,0,0,0
148739068,148738103,2162698,-0.15322891,-0.19712262,-9.925562,43.541763,0,0,0,0
148839082,148838166,2162698,-0.1388637,-0.18994,-9.945514,43.541763,0,0,0,0
148939123,148938218,2162698,-0.15083471,-0.20350714,-9.904014,43.541763,0,0,0,0
149039220,149038282,2162698,-0.1388637,-0.18594965,-9.94312,43.541763,0,0,0,0
149539461,149538568,2162698,-0.21787235,-0.17637286,-9.950302,43.63588,0,0,0,0
149639514,149638616,2162698,-0.18914193,-0.17477672,-9.88486,43.63588,0,0,0,0
149739584,149738683,2162698,-0.16519992,-0.18594965,-9.927956,43.63588,0,0,0,0
149939681,149938789,2162698,-0.18914193,-0.14205596,-9.948707,43.63588,0,0,0,0
150139822,150138904,2162698,-0.14844051,-0.15003665,-9.908802,43.63588,0,0,0,0
150239894,150238960,2162698,-0.16200764,-0.1755748,-9.889648,43.63588,0,0,0,0
150439979,150439084,2162698,-0.18435353,-0.18195933,-9.976639,43.63588,0,0,0,0
150540033,150539133,2162698,-0.15163277,-0.15801731,-9.9207735,43.63588,0,0,0,0
150637630,150636733,2162698,-0.17357962,-0.16280572,-9.996989,43.63588,0,0,0,0
151037813,151036914,2162698,-0.19153613,-0.22864626,-9.928755,43.63588,0,0,0,0
151137878,151136971,2162698,-0.17597382,-0.19991584,-9.855731,43.63588,0,0,0,0
151237922,151237028,2162698,-0.18674773,-0.18435353,-9.922769,43.63588,0,0,0,0
151338032,151337086,2162698,-0.16400282,-0.18674773,-9.950302,43.63588,0,0,0,0
151538099,151537200,2162698,-0.12928689,-0.19512744,-9.904813,43.63588,0,0,0,0
151638160,151637260,2162698,-0.18315643,-0.17118542,-9.910798,43.63588,0,0,0,0
151738233,151737317,2162698,-0.16160862,-0.18076223,-9.97185,43.63588,0,0,0,0
151938349,151937433,2162698,-0.16280572,-0.18555063,-9.980229,43.63588,0,0,0,0
152038413,152037496,2162698,-0.18794483,-0.15562311,-9.939528,43.63588,0,0,0,0
152138450,152137547,2162698,-0.16160862,-0.14963761,-9.957485,43.63588,0,0,0,0
152238497,152237601,2162698,-0.15203181,-0.16879122,-9.970653,43.63588,0,0,0,0
152338560,152337666,2162698,-0.15442601,-0.15682021,-9.860519,43.63588,0,0,0,0
152638733,152637830,2162698,-0.16280572,-0.15203181,-9.91798,43.63588,0,0,0,0
152738789,152737887,2162698,-0.16160862,-0.17717093,-9.965864,43.63588,0,0,0,0
153239089,153238185,2162698,-0.21906945,-0.17597382,-9.931149,43.63588,0,0,0,0
153339161,153338246,2162698,-0.15322891,-0.17238252,-9.8677025,43.63588,0,0,0,0
153439217,153438293,2162698,-0.1316811,-0.1604115,-9.974244,43.63588,0,0,0,0
153539263,153538359,2162698,-0.19871874,-0.18195933,-9.927557,43.63588,0,0,0,0
153739391,153738463,2162698,-0.14724341,-0.17477672,-9.888053,43.63588,0,0,0,0
153939483,153938586,2162698,-0.18794483,-0.19991584,-9.962274,43.63588,0,0,0,0
154039543,154038633,2162698,-0.18674773,-0.20470424,-9.873688,43.63588,0,0,0,0
154239718,154238748,2162698,-0.17118542,-0.15322891,-9.920375,43.63588,0,0,0,0
154339761,154338805,2162698,-0.19512744,-0.17717093,-9.976639,43.63588,0,0,0,0
154439768,154438862,2162698,-0.16519992,-0.19153613,-9.904813,43.63588,0,0,0,0
154639891,154638987,2162698,-0.18435353,-0.16400282,-9.909601,43.63588,0,0,0,0
155037608,155036705,2162698,-0.177969,-0.20749748,-9.948707,43.63588,0,0,0,0
155337792,155336891,2162698,-0.1875458,-0.1827574,-9.919976,43.73,0,0,0,0
155537893,155537000,2162698,-0.16759412,-0.20989168,-9.9207735,43.73,0,0,0,0
155638024,155637082,2162698,-0.21308395,-0.1947284,-9.925562,43.73,0,0,0,0
156038205,156037301,2162698,-0.11172941,-0.17238252,-9.9550905,43.73,0,0,0,0
156438412,156437512,2162698,-0.13806564,-0.18914193,-9.8968315,43.63588,0,0,0,0
156538470,156537573,2162698,-0.14764245,-0.15721925,-9.9207735,43.63588,0,0,0,0
156638535,156637623,2162698,-0.16759412,-0.1388637,-9.903216,43.63588,0,0,0,0
156938692,156937796,2162698,-0.15163277,-0.19073807,-9.983821,43.63588,0,0,0,0
157038751,157037853,2162698,-0.1947284,-0.19552647,-9.942321,43.63588,0,0,0,0
157138801,157137910,2162698,-0.16998832,-0.1923342,-9.94312,43.73,0,0,0,0
157639113,157638201,2162698,-0.17876706,-0.17238252,-9.9511,43.73,0,0,0,0
157739171,157738259,2162698,-0.15642118,-0.18435353,-9.978234,43.73,0,0,0,0
157839215,157838316,2162698,-0.18036321,-0.1707864,-9.919976,43.73,0,0,0,0
157939263,157938372,2162698,-0.16919024,-0.17717093,-9.938332,43.73,0,0,0,0
158639748,158638782,2162698,-0.1851516,-0.19393034,-9.929553,43.63588,0,0,0,0
158739821,158738839,2162698,-0.16519992,-0.1683922,-9.923966,43.63588,0,0,0,0
158939938,158938954,2162698,-0.19951682,-0.20590134,-9.890448,43.63588,0,0,0,0
159837913,159836965,2162698,-0.15682021,-0.17836803,-9.935937,43.63588,0,0,0,0
159937924,159937022,2162698,-0.19512744,-0.15801731,-9.983821,43.63588,0,0,0,0
160138046,160137140,2162698,-0.15442601,-0.20470424,-9.931149,43.73,0,0,0,0
160638355,160637446,2162698,-0.1412579,-0.14963761,-9.958682,43.73,0,0,0,0
160738459,160737500,2162698,-0.17956513,-0.19512744,-9.88925,43.73,0,0,0,0
160838468,160837548,2162698,-0.1376666,-0.130484,-9.965864,43.73,0,0,0,0
160938503,160937598,2162698,-0.16519992,-0.20350714,-9.877279,43.73,0,0,0,0
161038610,161037656,2162698,-0.12449849,-0.19871874,-9.931149,43.73,0,0,0,0
161238720,161237807,2162698,-0.15562311,-0.14604631,-9.941922,43.73,0,0,0,0
161338809,161337842,2162698,-0.16519992,-0.19512744,-9.860519,43.73,0,0,0,0
161438855,161437893,2162698,-0.11851298,-0.20350714,-9.878476,43.73,0,0,0,0
161538893,161537941,2162698,-0.17717093,-0.110133275,-9.911995,43.73,0,0,0,0
161638932,161638004,2162698,-0.1592144,-0.17956513,-9.945514,43.73,0,0,0,0
162139267,162138301,2162698,-0.19752164,-0.20231004,-9.959879,43.63588,0,0,0,0
162239286,162238364,2162698,-0.1436521,-0.17477672,-9.929952,43.63588,0,0,0,0
162339384,162338437,2162698,-0.16280572,-0.16400282,-9.909601,43.63588,0,0,0,0
162439435,162438479,2162698,-0.15203181,-0.18914193,-9.913192,43.63588,0,0,0,0
162539451,162538530,2162698,-0.20470424,-0.15322891,-9.883265,43.63588,0,0,0,0
162639487,162638576,2162698,-0.130484,-0.1448492,-9.883265,43.63588,0,0,0,0
162739611,162738643,2162698,-0.18435353,-0.1592144,-9.9790325,43.63588,0,0,0,0
162839649,162838694,2162698,-0.1376666,-0.1328782,-9.8677025,43.63588,0,0,0,0
163039784,163038806,2162698,-0.110133275,-0.1364695,-9.992201,43.63588,0,0,0,0
163339951,163339012,2162698,-0.14604631,-0.1412579,-9.969456,43.824116,0,0,0,0
163439960,163439048,2162698,-0.15562311,-0.19393034,-9.847352,43.824116,0,0,0,0
163640058,163639156,2162698,-0.1388637,-0.22266077,-9.900024,43.824116,0,0,0,0
163737686,163736721,2162698,-0.20829555,-0.21228588,-9.928755,43.824116,0,0,0,0
164037801,164036908,2162698,-0.18674773,-0.15482503,-9.911197,43.824116,0,0,0,0
164137841,164136944,2162698,-0.19552647,-0.177969,-9.90162,43.824116,0,0,0,0
164538126,164537178,2162698,-0.15642118,-0.14285403,-9.915188,43.824116,0,0,0,0
165238477,165237579,2162698,-0.15322891,-0.18036321,-9.928755,43.73,0,0,0,0
165638715,165637823,2162698,-0.16759412,-0.18116125,-9.948707,43.73,0,0,0,0
166539236,166538329,2162698,-0.17477672,-0.16120958,-9.931947,43.824116,0,0,0,0
166639341,166638427,2162698,-0.11811395,-0.093373865,-9.927956,43.824116,0,0,0,0
167139628,167138677,2162698,-0.16679604,-0.13487336,-9.883265,43.824116,0,0,0,0
167239634,167238735,2162698,-0.15881538,-0.1364695,-9.921572,43.824116,0,0,0,0
168037599,168036696,2162698,-0.1400608,-0.05626374,-9.841366,43.824116,0,0,0,0
168337761,168336867,2162698,-0.32441434,0.17836803,-9.77792,43.918236,0,0,0,0
169038197,169037279,2162698,-0.36990416,-0.9888053,-9.763555,43.918236,0,0,0,0
169138252,169137341,2162698,-0.46447513,0.2717419,-10.572795,43.824116,0,0,0,0
169438424,169437514,2162698,-0.37828386,-0.21787235,-9.810242,43.824116,0,0,0,0
169538470,169537563,2162698,-0.35194764,-0.35434186,-10.000581,43.824116,0,0,0,0
169638524,169637622,2162698,-0.1316811,-0.09935937,-9.742006,43.824116,0,0,0,0
169938688,169937794,2162698,-0.14844051,-0.05746084,-10.156203,43.824116,0,0,0,0
170038800,170037852,2162698,-0.22026655,-0.24301147,-9.945514,43.824116,0,0,0,0
170138806,170137910,2162698,-0.21308395,-0.10295067,-10.042479,43.871174,0,0,0,0
170238872,170237968,2162698,-0.15682021,-0.0023942017,-9.962274,43.871174,0,0,0,0
170338933,170338026,2162698,-0.11851298,-0.16160862,-9.9790325,43.871174,0,0,0,0
170438995,170438084,2162698,-0.21667525,-0.25977087,-9.6845455,43.871174,0,0,0,0
170639132,170638204,2162698,0.045489833,0.46686932,-10.289082,43.871174,0,0,0,0
170739185,170738282,2162698,-0.1316811,-0.16639702,-9.904813,43.871174,0,0,0,0
171439569,171438664,2162698,-0.22864626,-0.31364042,-10.09156,43.918236,0,0,0,0
171539647,171538733,2162698,-0.24899697,-0.21787235,-10.038888,43.918236,0,0,0,0
171639694,171638780,2162698,-0.1436521,-0.093373865,-9.938332,43.918236,0,0,0,0
171739766,171738847,2162698,-0.18794483,-0.14724341,-9.812635,43.918236,0,0,0,0
171839800,171838896,2162698,-0.25737667,-0.07182605,-10.029311,43.918236,0,0,0,0
171939887,171938966,2162698,-0.20590134,-0.088585466,-10.006566,43.918236,0,0,0,0
172039927,172039016,2162698,-0.19991584,-0.10295067,-9.915586,43.918236,0,0,0,0
172139978,172139075,2162698,-0.15083471,-0.1448492,-9.91798,43.918236,0,0,0,0
172240030,172239136,2162698,-0.19512744,-0.17597382,-9.944317,43.918236,0,0,0,0
172337581,172336689,2162698,-0.16200764,-0.2553815,-9.953495,43.918236,0,0,0,0
172637765,172636862,2162698,-0.1604115,-0.17876706,-10.012551,43.918236,0,0,0,0
173538327,173537404,2162698,-0.15402699,-0.16679604,-9.947109,43.824116,0,0,0,0
173838456,173837558,2162698,-0.19393034,-0.21547815,-9.891246,43.824116,0,0,0,0
173938537,173937630,2162698,-0.19552647,-0.14684437,-9.813034,43.824116,0,0,0,0
174538852,174537964,2162698,-0.12689269,-0.16919024,-9.962274,43.918236,0,0,0,0
174738992,174738094,2162698,-0.18914193,-0.18195933,-9.894437,43.918236,0,0,0,0
174839049,174838140,2162698,-0.1604115,-0.18036321,-9.958283,43.918236,0,0,0,0
174939120,174938207,2162698,-0.16759412,-0.16919024,-9.885659,43.918236,0,0,0,0
175039188,175038282,2162698,-0.1683922,-0.18195933,-9.890448,43.918236,0,0,0,0
175139220,175138322,2162698,-0.16120958,-0.15562311,-9.896034,43.918236,0,0,0,0
175239290,175238384,2162698,-0.1683922,-0.18036321,-9.925562,43.918236,0,0,0,0
175439391,175438489,2162698,-0.16280572,-0.15881538,-9.903216,43.918236,0,0,0,0
175639510,175638608,2162698,-0.1875458,-0.15322891,-9.989408,43.918236,0,0,0,0
175739578,175738665,2162698,-0.16200764,-0.15083471,-9.927956,43.918236,0,0,0,0
175839609,175838721,2162698,-0.15402699,-0.17717093,-9.859323,43.918236,0,0,0,0
176737637,176736743,2162698,-0.18195933,-0.22505496,-9.879673,43.918236,0,0,0,0
176937776,176936869,2162698,-0.17118542,-0.19033903,-9.975441,43.918236,0,0,0,0
177037818,177036918,2162698,-0.19033903,-0.19153613,-9.946711,43.918236,0,0,0,0
177137870,177136976,2162698,-0.17717093,-0.17238252,-10.028113,44.012352,0,0,0,0
177237934,177237034,2162698,-0.19752164,-0.1364695,-9.928755,44.012352,0,0,0,0
177538107,177537211,2162698,-0.14724341,-0.1592144,-9.951499,44.012352,0,0,0,0
177838329,177837401,2162698,-0.130484,-0.24181437,-9.88925,44.012352,0,0,0,0
177938357,177937446,2162698,-0.17717093,-0.14724341,-9.920375,44.012352,0,0,0,0
178038411,178037501,2162698,-0.17717093,-0.22026655,-9.94312,44.012352,0,0,0,0
178138458,178137559,2162698,-0.1340753,-0.17477672,-9.931149,44.012352,0,0,0,0
178238533,178237620,2162698,-0.15203181,-0.19632454,-9.91798,44.012352,0,0,0,0
178338654,178337675,2162698,-0.18555063,-0.18794483,-9.874885,44.012352,0,0,0,0
178738880,178737916,2162698,-0.1448492,-0.18914193,-9.91439,44.012352,0,0,0,0
178838887,178837974,2162698,-0.1448492,-0.18315643,-9.882068,44.012352,0,0,0,0
179039021,179038090,2162698,-0.18076223,-0.16879122,-9.944317,44.012352,0,0,0,0
179139094,179138180,2162698,-0.18555063,-0.22744916,-9.935937,43.918236,0,0,0,0
179239155,179238229,2162698,-0.1352724,-0.15203181,-9.951499,43.918236,0,0,0,0
179339264,179338321,2162698,-0.17597382,-0.20949265,-9.937134,43.918236,0,0,0,0
179539296,179538380,2162698,-0.14963761,-0.1340753,-9.892841,43.918236,0,0,0,0
179639352,179638442,2162698,-0.1592144,-0.14724341,-9.880871,43.918236,0,0,0,0
179739405,179738499,2162698,-0.1592144,-0.19752164,-9.89763,43.918236,0,0,0,0
180039569,180038668,2162698,-0.20111294,-0.17357962,-9.859323,43.918236,0,0,0,0
180139622,180138726,2162698,-0.20350714,-0.1400608,-9.911995,44.05941,0,0,0,0
180239684,180238784,2162698,-0.17118542,-0.19153613,-9.902418,44.05941,0,0,0,0
180339790,180338853,2162698,-0.12928689,-0.20231004,-9.911995,44.05941,0,0,0,0
180639939,180639028,2162698,-0.17477672,-0.15442601,-9.925163,44.05941,0,0,0,0
181437879,181436987,2162698,-0.19313227,-0.10853714,-9.93035,44.10647,0,0,0,0
181537947,181537046,2162698,-0.19153613,-0.14923857,-9.939927,44.10647,0,0,0,0
181838114,181837220,2162698,-0.14205596,-0.16360378,-9.90162,44.10647,0,0,0,0
182238362,182237453,2162698,-0.1731806,-0.15642118,-9.896034,44.012352,0,0,0,0
182338486,182337533,2162698,-0.19073807,-0.17717093,-9.940725,44.012352,0,0,0,0
182438480,182437572,2162698,-0.17477672,-0.14285403,-9.927158,44.012352,0,0,0,0
182638601,182637709,2162698,-0.17477672,-0.21867043,-9.947908,44.012352,0,0,0,0
182738670,182737754,2162698,-0.17397866,-0.15003665,-9.921572,44.012352,0,0,0,0
182838703,182837810,2162698,-0.1875458,-0.18116125,-9.89364,44.012352,0,0,0,0
183338999,183338096,2162698,-0.21547815,-0.13487336,-9.908802,44.10647,0,0,0,0
183539120,183538214,2162698,-0.18435353,-0.165998,-9.92237,44.10647,0,0,0,0
183639184,183638277,2162698,-0.1827574,-0.177969,-9.950302,44.10647,0,0,0,0
184139472,184138568,2162698,-0.1340753,-0.11492168,-9.915985,44.012352,0,0,0,0
184339582,184338683,2162698,-0.1683922,-0.21388203,-9.933543,44.012352,0,0,0,0
184539698,184538799,2162698,-0.16360378,-0.21228588,-9.845756,44.012352,0,0,0,0
184639760,184638861,2162698,-0.18834387,-0.14764245,-9.929553,44.012352,0,0,0,0
184739846,184738917,2162698,-0.15003665,-0.15402699,-9.943918,44.012352,0,0,0,0
184839900,184838984,2162698,-0.15402699,-0.22984336,-9.902418,44.012352,0,0,0,0
185039986,185039093,2162698,-0.19393034,-0.16919024,-9.919976,44.012352,0,0,0,0
185140050,185139152,2162698,-0.1851516,-0.18914193,-9.988609,44.10647,0,0,0,0
185337669,185336772,2162698,-0.09696517,-0.22984336,-9.958682,44.10647,0,0,0,0
186038081,186037174,2162698,-0.1436521,-0.12808979,-9.992201,44.10647,0,0,0,0
186138149,186137238,2162698,-0.17477672,-0.14724341,-9.91798,44.20059,0,0,0,0
186238204,186237293,2162698,-0.18914193,-0.142455,-9.940725,44.20059,0,0,0,0
186338298,186337378,2162698,-0.17956513,-0.12689269,-9.855731,44.20059,0,0,0,0
186438335,186437418,2162698,-0.19033903,-0.12928689,-9.895236,44.20059,0,0,0,0
186538389,186537475,2162698,-0.18435353,-0.14844051,-9.85214,44.20059,0,0,0,0
186638446,186637526,2162698,-0.142455,-0.130484,-9.919178,44.20059,0,0,0,0
186738486,186737584,2162698,-0.11851298,-0.20350714,-9.876082,44.20059,0,0,0,0
187238787,187237874,2162698,-0.1352724,-0.21667525,-9.929952,44.10647,0,0,0,0
187338842,187337936,2162698,-0.19752164,-0.19273324,-9.896433,44.10647,0,0,0,0
187538950,187538053,2162698,-0.2633622,0.25498247,-10.001778,44.10647,0,0,0,0
187639052,187638134,2162698,-0.45250413,-0.0,-10.13705,44.10647,0,0,0,0
187739109,187738181,2162698,-0.21068975,-0.51116204,-10.155006,44.10647,0,0,0,0
188039276,188038374,2162698,-0.19632454,-0.16400282,-10.047267,44.10647,0,0,0,0
188139323,188138410,2162698,-0.18195933,-0.08259996,-9.898827,44.20059,0,0,0,0
188339440,188338525,2162698,-0.18076223,-0.073023155,-9.838972,44.20059,0,0,0,0
189139919,189139001,2162698,-0.142455,-0.20350714,-9.91439,44.20059,0,0,0,0
189239977,189239054,2162698,-0.1448492,-0.16639702,-9.973047,44.20059,0,0,0,0
189537623,189536728,2162698,-0.17158444,-0.19153613,-9.965466,44.20059,0,0,0,0
189837817,189836904,2162698,-0.16519992,-0.16759412,-9.936735,44.20059,0,0,0,0
189937876,189936971,2162698,-0.19073807,-0.20669942,-9.908005,44.20059,0,0,0,0
190037918,190037021,2162698,-0.18674773,-0.13806564,-9.876082,44.20059,0,0,0,0
190137975,190137081,2162698,-0.18195933,-0.12848882,-9.896034,44.20059,0,0,0,0
190238029,190237142,2162698,-0.1364695,-0.12210429,-9.90162,44.20059,0,0,0,0
190538240,190537323,2162698,-0.15163277,-0.17158444,-9.924765,44.20059,0,0,0,0
190638323,190637395,2162698,-0.17956513,-0.20430522,-9.923966,44.20059,0,0,0,0
190738354,190737434,2162698,-0.15642118,-0.18355545,-9.931947,44.20059,0,0,0,0
190838399,190837493,2162698,-0.15003665,-0.20749748,-9.916783,44.20059,0,0,0,0
191038586,191037613,2162698,-0.15961345,-0.2338337,-9.885659,44.20059,0,0,0,0
191138641,191137668,2162698,-0.14604631,-0.17477672,-9.874486,44.20059,0,0,0,0
191238701,191237730,2162698,-0.19632454,-0.15801731,-9.931947,44.20059,0,0,0,0
191438823,191437877,2162698,-0.050278235,-0.2657564,-9.84815,44.20059,0,0,0,0
191538794,191537903,2162698,-0.05267244,-0.3240153,-9.870495,44.20059,0,0,0,0
191638857,191637969,2162698,-0.14844051,-0.25937185,-9.931947,44.20059,0,0,0,0
191939056,191938137,2162698,-0.06304731,-0.177969,-9.966263,44.20059,0,0,0,0
192039113,192038201,2162698,-0.1604115,-0.20350714,-10.024523,44.20059,0,0,0,0
192139164,192138266,2162698,-0.14285403,-0.20989168,-9.900024,44.294704,0,0,0,0
192239212,192238320,2162698,-0.16280572,-0.260968,-9.952697,44.294704,0,0,0,0
192439347,192438440,2162698,-0.21148783,-0.079008654,-9.836976,44.294704,0,0,0,0
192539394,192538495,2162698,-0.21547815,-0.106941015,-9.921572,44.294704,0,0,0,0
192639447,192638550,2162698,-0.19153613,-0.21228588,-9.954292,44.294704,0,0,0,0
192739544,192738622,2162698,-0.17637286,-0.12449849,-9.911197,44.294704,0,0,0,0
192839570,192838667,2162698,-0.15642118,-0.10215261,-9.847352,44.294704,0,0,0,0
192939628,192938724,2162698,-0.14045984,-0.20989168,-9.994196,44.294704,0,0,0,0
193139741,193138853,2162698,-0.16519992,-0.030326556,-9.805852,44.20059,0,0,0,0
193239813,193238915,2162698,-0.14205596,-0.20430522,-9.936735,44.20059,0,0,0,0
193439913,193439022,2162698,-0.15402699,-0.165998,-9.829794,44.20059,0,0,0,0
193539978,193539081,2162698,-0.08060479,-0.17956513,-9.985416,44.20059,0,0,0,0
194037764,194036870,2162698,-0.17357962,-0.23104046,-9.916783,44.20059,0,0,0,0
194137825,194136929,2162698,-0.19752164,-0.22625206,-9.964667,44.20059,0,0,0,0
194237895,194236988,2162698,-0.18195933,-0.18435353,-9.901221,44.20059,0,0,0,0
194437999,194437105,2162698,0.016759412,-0.06823475,-9.736021,44.20059,0,0,0,0
194538072,194537164,2162698,-0.19153613,-0.021547815,-9.884461,44.20059,0,0,0,0
194638130,194637228,2162698,-0.32321724,-0.007182605,-9.927557,44.20059,0,0,0,0
194738255,194737292,2162698,-0.32202014,-0.09816227,-9.88925,44.20059,0,0,0,0
194938332,194937398,2162698,-0.17477672,-0.10295067,-9.983821,44.20059,0,0,0,0
195338539,195337637,2162698,-0.18555063,-0.19632454,-9.879673,44.20059,0,0,0,0
195538650,195537754,2162698,-0.21308395,-0.1436521,-9.8916445,44.20059,0,0,0,0
195638736,195637818,2162698,-0.19991584,-0.12210429,-9.988609,44.20059,0,0,0,0
196539262,196538345,2162698,-0.20111294,-0.17477672,-9.973047,44.20059,0,0,0,0
196639387,196638411,2162698,-0.15682021,-0.16879122,-9.8916445,44.20059,0,0,0,0
197139603,197138697,2162698,-0.051475335,-0.39384618,-9.974244,44.294704,0,0,0,0
197339777,197338826,2162698,-0.18076223,-0.24779987,-9.927557,44.294704,0,0,0,0
197439872,197438885,2162698,-0.10654198,-0.30047232,-9.902418,44.294704,0,0,0,0
197539879,197538940,2162698,-0.11372458,-0.2681506,-9.957485,44.294704,0,0,0,0
197639982,197639001,2162698,-0.1364695,-0.24301147,-9.958682,44.294704,0,0,0,0
198337852,198336906,2162698,-0.14524823,-0.23143949,-9.929553,44.20059,0,0,0,0
198437855,198436966,2162698,-0.1412579,-0.2386221,-9.959879,44.20059,0,0,0,0
198637991,198637088,2162698,-0.16679604,-0.19712262,-9.92636,44.20059,0,0,0,0
199238370,199237444,2162698,-0.1364695,-0.15163277,-9.938332,44.294704,0,0,0,0
199838718,199837802,2162698,-0.18195933,-0.13726756,-9.971051,44.294704,0,0,0,0
200038816,200037914,2162698,-0.19552647,-0.18834387,-9.938332,44.294704,0,0,0,0
200739230,200738325,2162698,-0.1683922,-0.1683922,-9.888053,44.38882,0,0,0,0
201039418,201038506,2162698,-0.17637286,-0.19712262,-9.936735,44.38882,0,0,0,0
201139473,201138572,2162698,-0.16759412,-0.18914193,-9.907207,44.294704,0,0,0,0
201639772,201638857,2162698,-0.15322891,-0.18195933,-9.952697,44.294704,0,0,0,0
201739818,201738915,2162698,-0.1388637,-0.18914193,-9.85214,44.294704,0,0,0,0
201839892,201838985,2162698,-0.15322891,-0.12848882,-9.911197,44.294704,0,0,0,0
202237671,202236717,2162698,-0.15682021,-0.17238252,-9.933543,44.38882,0,0,0,0
202337687,202336774,2162698,-0.16519992,-0.22146365,-9.938332,44.38882,0,0,0,0
202437759,202436842,2162698,-0.1592144,-0.15322891,-9.939528,44.38882,0,0,0,0
202537797,202536891,2162698,-0.17956513,-0.17836803,-9.933543,44.38882,0,0,0,0
203138154,203137248,2162698,-0.17956513,-0.19871874,-9.90601,44.294704,0,0,0,0
203238206,203237302,2162698,-0.15682021,-0.1376666,-9.911995,44.294704,0,0,0,0
203338304,203337361,2162698,-0.17836803,-0.1448492,-9.927557,44.294704,0,0,0,0
203538385,203537481,2162698,-0.18914193,-0.17956513,-9.933543,44.294704,0,0,0,0
203738500,203737604,2162698,-0.19632454,-0.1412579,-9.903615,44.294704,0,0,0,0
204038780,204037796,2162698,-0.18555063,-0.16759412,-9.932345,44.294704,0,0,0,0
204138801,204137836,2162698,-0.14844051,-0.12090719,-9.908403,44.38882,0,0,0,0
204238889,204237906,2162698,-0.19153613,-0.17956513,-9.904813,44.38882,0,0,0,0
204338872,204337951,2162698,-0.15682021,-0.17477672,-9.944317,44.38882,0,0,0,0
204639034,204638129,2162698,-0.1376666,-0.22026655,-9.927557,44.38882,0,0,0,0
204739160,204738243,2162698,-0.20709845,-0.21547815,-9.947908,44.38882,0,0,0,0
205039268,205038369,2162698,-0.17597382,-0.16280572,-9.920375,44.38882,0,0,0,0
205239390,205238488,2162698,-0.16639702,-0.16160862,-10.032902,44.38882,0,0,0,0
205339447,205338544,2162698,-0.17357962,-0.1340753,-9.904813,44.38882,0,0,0,0
205439510,205438613,2162698,-0.14604631,-0.18794483,-9.937134,44.38882,0,0,0,0
205639637,205638726,2162698,-0.18076223,-0.19393034,-9.946711,44.38882,0,0,0,0
205839756,205838840,2162698,-0.14724341,-0.14963761,-9.908403,44.38882,0,0,0,0
206039880,206038959,2162698,-0.15203181,-0.1592144,-9.956287,44.38882,0,0,0,0
206139919,206139022,2162698,-0.16160862,-0.19632454,-9.90601,44.38882,0,0,0,0
206239979,206239082,2162698,-0.15322891,-0.20470424,-9.949105,44.38882,0,0,0,0
206437610,206436712,2162698,-0.14684437,-0.19552647,-9.885659,44.38882,0,0,0,0
206937905,206936999,2162698,-0.16440184,-0.18834387,-9.940725,44.38882,0,0,0,0
207037942,207037054,2162698,-0.1707864,-0.19951682,-9.927158,44.38882,0,0,0,0
207138010,207137111,2162698,-0.17637286,-0.15003665,-9.875283,44.38882,0,0,0,0
207238075,207237170,2162698,-0.1731806,-0.19153613,-9.939927,44.38882,0,0,0,0
207338144,207337239,2162698,-0.1755748,-0.21388203,-9.8728895,44.38882,0,0,0,0
207438196,207437292,2162698,-0.15721925,-0.21787235,-9.923966,44.38882,0,0,0,0
207538278,207537354,2162698,-0.15322891,-0.24181437,-9.908005,44.38882,0,0,0,0
207638339,207637421,2162698,-0.1731806,-0.1827574,-9.96786,44.38882,0,0,0,0
207738369,207737470,2162698,-0.22984336,-0.12848882,-9.92636,44.38882,0,0,0,0
207838436,207837530,2162698,-0.14045984,-0.17477672,-9.911995,44.38882,0,0,0,0
207938471,207937580,2162698,-0.17238252,-0.1851516,-9.887255,44.38882,0,0,0,0
208038539,208037649,2162698,-0.18914193,-0.16998832,-9.933543,44.38882,0,0,0,0
208238668,208237766,2162698,-0.1707864,-0.13247916,-9.923167,44.577057,0,0,0,0
208338746,208337826,2162698,-0.17637286,-0.18195933,-9.924765,44.577057,0,0,0,0
208438777,208437884,2162698,-0.18994,-0.23143949,-9.948707,44.577057,0,0,0,0
208538915,208537951,2162698,-0.16519992,-0.177969,-9.870495,44.577057,0,0,0,0
208939100,208938194,2162698,-0.1731806,-0.19632454,-9.937532,44.577057,0,0,0,0
209339410,209338426,2162698,-0.16440184,-0.19792067,-9.971051,44.48294,0,0,0,0
209439462,209438484,2162698,-0.1755748,-0.15562311,-9.864909,44.48294,0,0,0,0
209539487,209538539,2162698,-0.18116125,-0.19712262,-9.970254,44.48294,0,0,0,0
209639563,209638607,2162698,-0.19073807,-0.16679604,-9.918379,44.48294,0,0,0,0
209939726,209938781,2162698,-0.16200764,-0.19712262,-9.904014,44.48294,0,0,0,0
210039777,210038842,2162698,-0.165998,-0.15322891,-9.931947,44.48294,0,0,0,0
210540033,210539141,2162698,-0.1436521,-0.19632454,-9.951898,44.38882,0,0,0,0
210640107,210639201,2162698,-0.15003665,-0.17158444,-9.915985,44.38882,0,0,0,0
210937767,210936872,2162698,-0.17357962,-0.17597382,-9.967062,44.38882,0,0,0,0
211037841,211036927,2162698,-0.17477672,-0.19033903,-9.895236,44.38882,0,0,0,0
211137940,211136987,2162698,-0.20350714,-0.17238252,-9.956287,44.48294,0,0,0,0
211237945,211237046,2162698,-0.19273324,-0.18794483,-9.929952,44.48294,0,0,0,0
211337999,211337105,2162698,-0.18315643,-0.1592144,-9.94312,44.48294,0,0,0,0
211538197,211537234,2162698,-0.16879122,-0.15203181,-9.967062,44.48294,0,0,0,0
211638219,211637300,2162698,-0.18315643,-0.18076223,-9.9550905,44.48294,0,0,0,0
211738296,211737359,2162698,-0.18914193,-0.21547815,-9.91439,44.48294,0,0,0,0
212138480,212137583,2162698,-0.16759412,-0.22146365,-9.925163,44.38882,0,0,0,0
212238535,212237641,2162698,-0.16639702,-0.1364695,-9.913192,44.38882,0,0,0,0
212338608,212337707,2162698,-0.16759412,-0.21906945,-9.940725,44.38882,0,0,0,0
213139098,213138191,2162698,-0.14963761,-0.19632454,-9.922769,44.48294,0,0,0,0
213239150,213238244,2162698,-0.18076223,-0.16879122,-9.876082,44.48294,0,0,0,0
213339208,213338307,2162698,-0.16639702,-0.17956513,-9.950302,44.48294,0,0,0,0
214239745,214238845,2162698,-0.15203181,-0.20111294,-9.925163,44.624115,0,0,0,0
214937644,214936751,2162698,-0.1683922,-0.20669942,-9.90162,44.624115,0,0,0,0
215037717,215036812,2162698,-0.18036321,-0.16280572,-9.997388,44.624115,0,0,0,0
215237885,215236938,2162698,-0.15881538,-0.1707864,-9.911995,44.48294,0,0,0,0
215337971,215337005,2162698,-0.22026655,-0.16280572,-9.89763,44.48294,0,0,0,0
215638123,215637170,2162698,-0.14764245,-0.16360378,-9.923966,44.48294,0,0,0,0
215738218,215737232,2162698,-0.17876706,-0.19313227,-9.981427,44.48294,0,0,0,0
216238490,216237542,2162698,-0.15402699,-0.18195933,-9.934341,44.48294,0,0,0,0
216338492,216337592,2162698,-0.16919024,-0.20031486,-9.9207735,44.48294,0,0,0,0
216438556,216437648,2162698,-0.1707864,-0.15163277,-9.971051,44.48294,0,0,0,0
216538654,216537707,2162698,-0.16280572,-0.1731806,-9.956686,44.48294,0,0,0,0
216738726,216737827,2162698,-0.16120958,-0.18116125,-9.929553,44.48294,0,0,0,0
217038906,217038012,2162698,-0.15083471,-0.20989168,-9.937532,44.48294,0,0,0,0
217138961,217138068,2162698,-0.16679604,-0.19313227,-9.939927,44.577057,0,0,0,0
217339120,217338192,2162698,-0.18435353,-0.20031486,-9.883265,44.577057,0,0,0,0
217639266,217638364,2162698,-0.21228588,-0.17637286,-9.941524,44.577057,0,0,0,0
217739341,217738423,2162698,-0.21627623,-0.1827574,-9.867304,44.577057,0,0,0,0
218239617,218238726,2162698,-0.18036321,-0.1604115,-9.895236,44.577057,0,0,0,0
218339672,218338783,2162698,-0.14764245,-0.22505496,-9.904813,44.577057,0,0,0,0
218639864,218638955,2162698,-0.165998,-0.16998832,-9.952697,44.577057,0,0,0,0
218739938,218739032,2162698,-0.18994,-0.15721925,-9.938332,44.577057,0,0,0,0
218839983,218839082,2162698,-0.13008496,-0.15881538,-9.970254,44.577057,0,0,0,0
218940044,218939140,2162698,-0.15322891,-0.16280572,-9.905611,44.577057,0,0,0,0
219037615,219036697,2162698,-0.12569559,-0.19512744,-9.915586,44.577057,0,0,0,0
219137678,219136766,2162698,-0.16879122,-0.21906945,-9.980229,44.48294,0,0,0,0
219237715,219236817,2162698,-0.18315643,-0.19632454,-9.88925,44.48294,0,0,0,0
219637990,219637084,2162698,-0.1592144,-0.17836803,-9.898827,44.48294,0,0,0,0
219738030,219737115,2162698,-0.12569559,-0.19991584,-9.956287,44.48294,0,0,0,0
219938256,219937248,2162698,-0.16160862,-0.14604631,-9.879673,44.48294,0,0,0,0
220038205,220037295,2162698,-0.19752164,-0.21906945,-9.921572,44.48294,0,0,0,0
220238393,220237426,2162698,-0.18555063,-0.18555063,-9.928755,44.48294,0,0,0,0
221839298,221838383,2162698,-0.19393034,-0.18315643,-9.90601,44.671177,0,0,0,0
221939348,221938436,2162698,-0.15083471,-0.16759412,-9.916783,44.671177,0,0,0,0
222339580,222338672,2162698,-0.17597382,-0.17597382,-9.920375,44.577057,0,0,0,0
222439659,222438739,2162698,-0.11252748,-0.18674773,-9.974244,44.577057,0,0,0,0
222639757,222638854,2162698,-0.16998832,-0.16400282,-9.922769,44.577057,0,0,0,0
222739816,222738912,2162698,-0.20111294,-0.16879122,-9.901221,44.577057,0,0,0,0
222839939,222838983,2162698,-0.15682021,-0.20949265,-9.860519,44.577057,0,0,0,0
222940006,222939038,2162698,-0.15682021,-0.19273324,-9.931149,44.577057,0,0,0,0
223040003,223039106,2162698,-0.15083471,-0.19991584,-9.89763,44.577057,0,0,0,0
223637918,223636960,2162698,-0.1755748,-0.21547815,-9.924765,44.671177,0,0,0,0
223838021,223837073,2162698,-0.1755748,-0.17238252,-9.873688,44.671177,0,0,0,0
224238230,224237313,2162698,-0.15801731,-0.17477672,-9.88486,44.671177,0,0,0,0
224338305,224337384,2162698,-0.20191102,-0.1683922,-9.9207735,44.671177,0,0,0,0
224938699,224937740,2162698,-0.1947284,-0.16280572,-9.947109,44.671177,0,0,0,0
225038697,225037801,2162698,-0.1731806,-0.19313227,-9.9207735,44.671177,0,0,0,0
225138746,225137850,2162698,-0.16998832,-0.14604631,-9.93035,44.671177,0,0,0,0
225538991,225538093,2162698,-0.18994,-0.20510328,-9.887255,44.671177,0,0,0,0
226039303,226038400,2162698,-0.16679604,-0.17717093,-9.940725,44.671177,0,0,0,0
226439526,226438634,2162698,-0.16440184,-0.165998,-9.995792,44.577057,0,0,0,0
226739753,226738851,2162698,-0.1604115,-0.19153613,-9.887255,44.577057,0,0,0,0
226839783,226838881,2162698,-0.165998,-0.14684437,-9.889648,44.577057,0,0,0,0
226939864,226938939,2162698,-0.15642118,-0.16200764,-9.932744,44.577057,0,0,0,0
227139953,227139056,2162698,-0.1923342,-0.165998,-9.898428,44.577057,0,0,0,0
227240024,227239122,2162698,-0.16679604,-0.18834387,-9.896034,44.577057,0,0,0,0
227340064,227339176,2162698,-0.16759412,-0.20191102,-9.979831,44.577057,0,0,0,0
227737851,227736921,2162698,-0.19632454,-0.21188685,-9.949105,44.577057,0,0,0,0
227837924,227836971,2162698,-0.18914193,-0.17238252,-9.90601,44.577057,0,0,0,0
227938033,227937043,2162698,-0.15562311,-0.18555063,-9.975441,44.577057,0,0,0,0
228138122,228137161,2162698,-0.21188685,-0.21667525,-9.946711,44.671177,0,0,0,0
228238130,228237236,2162698,-0.17357962,-0.19632454,-9.96347,44.671177,0,0,0,0
228338193,228337281,2162698,-0.10534488,-0.22505496,-9.975441,44.671177,0,0,0,0
228738444,228737526,2162698,-0.22146365,-0.23223756,-9.854534,44.671177,0,0,0,0
229038595,229037693,2162698,-0.20949265,-0.30047232,-9.664195,44.671177,0,0,0,0
229138654,229137760,2162698,-0.142455,0.033518825,-9.848549,44.765293,0,0,0,0
229238715,229237814,2162698,-0.21547815,-0.1436521,-9.920375,44.765293,0,0,0,0
229438831,229437937,2162698,-0.1352724,-0.22744916,-9.935937,44.765293,0,0,0,0
229538888,229537995,2162698,-0.18794483,-0.21547815,-9.907207,44.765293,0,0,0,0
229638962,229638055,2162698,-0.47644615,-0.60333884,-10.493786,44.765293,0,0,0,0
229839102,229838195,2162698,-0.2669535,-0.35793316,-10.147824,44.765293,0,0,0,0
230039195,230038297,2162698,-0.17717093,-0.36631286,-9.878476,44.765293,0,0,0,0
230239334,230238426,2162698,-0.20709845,-0.19153613,-9.9550905,44.765293,0,0,0,0
230339392,230338483,2162698,-0.037110128,-0.15562311,-9.94312,44.765293,0,0,0,0
230439440,230438544,2162698,-0.092176765,-0.046686932,-9.868899,44.765293,0,0,0,0
230539507,230538606,2162698,-0.7422025,-0.34356794,-10.199299,44.765293,0,0,0,0
230939752,230938845,2162698,-0.08259996,-0.7637503,-10.097546,44.765293,0,0,0,0
231139871,231138958,2162698,-0.31364042,-0.17477672,-9.883265,44.765293,0,0,0,0
231540097,231539201,2162698,-0.19033903,-0.12689269,-9.976639,44.765293,0,0,0,0
231637662,231636763,2162698,-0.11891202,-0.20749748,-9.892043,44.765293,0,0,0,0
231837775,231836882,2162698,-0.06783572,-0.4892152,-10.020533,44.765293,0,0,0,0
231937848,231936953,2162698,-0.08938353,-0.37110126,-10.040483,44.765293,0,0,0,0
232037928,232037002,2162698,-0.08379706,-0.21468008,-9.947908,44.765293,0,0,0,0
232238092,232237146,2162698,-0.095768064,-0.43973505,-9.984619,44.765293,0,0,0,0
232338083,232337183,2162698,-0.12449849,-0.3599283,-10.009358,44.765293,0,0,0,0
232538210,232537303,2162698,-0.21867043,-0.09177773,-9.935937,44.765293,0,0,0,0
232640791,232639887,2162698,0.4261679,0.05626374,-10.086772,44.765293,0,0,0,0
232738329,232737424,2162698,0.1364695,-0.22186269,-9.457894,44.765293,0,0,0,0
232838405,232837493,2162698,-0.13008496,-0.17158444,-10.101935,44.765293,0,0,0,0
232938444,232937544,2162698,-0.26256412,-0.061451174,-9.910399,44.765293,0,0,0,0
233338710,233337805,2162698,-0.20191102,-0.14844051,-9.940725,44.765293,0,0,0,0
233438788,233437890,2162698,-0.25777572,-0.1731806,-9.889648,44.765293,0,0,0,0
233538811,233537906,2162698,-0.14764245,-0.090181604,-9.863313,44.765293,0,0,0,0
233738920,233738027,2162698,-0.19313227,-0.18116125,-9.951898,44.765293,0,0,0,0
233839013,233838103,2162698,-0.23303564,-0.11412362,-9.89763,44.765293,0,0,0,0
233939070,233938154,2162698,-0.21946849,-0.0973642,-9.876082,44.765293,0,0,0,0
234239232,234238335,2162698,-0.21787235,-0.1316811,-9.92237,44.765293,0,0,0,0
234339291,234338391,2162698,-0.25458345,-0.13966176,-9.939927,44.765293,0,0,0,0
234439376,234438451,2162698,-0.1604115,-0.17158444,-9.956686,44.765293,0,0,0,0
234839609,234838710,2162698,-0.52033985,-0.6584055,-8.716491,44.765293,0,0,0,0
235139812,235138902,2162698,-0.19552647,-0.11891202,-9.855332,44.765293,0,0,0,0
235239848,235238935,2162698,-0.12928689,-0.1923342,-9.882466,44.85941,0,0,0,0
235339902,235338994,2162698,-0.18355545,-0.23143949,-10.085974,44.85941,0,0,0,0
235640076,235639177,2162698,-0.15881538,-0.22665109,-9.887255,44.85941,0,0,0,0
235737646,235736743,2162698,-0.18914193,-0.21068975,-9.876082,44.85941,0,0,0,0
236137877,236136977,2162698,-0.1436521,-0.20709845,-9.938332,44.85941,0,0,0,0
236237947,236237034,2162698,-0.11492168,-0.31124622,-9.903615,44.85941,0,0,0,0
236338041,236337095,2162698,-0.1436521,-0.24899697,-9.890448,44.85941,0,0,0,0
236438056,236437155,2162698,-0.06823475,-0.16998832,-9.829395,44.85941,0,0,0,0
236738262,236737340,2162698,-0.18555063,-0.25378537,-9.911995,44.85941,0,0,0,0
236838346,236837404,2162698,-0.093373865,-0.30406362,-9.994595,44.85941,0,0,0,0
236938372,236937462,2162698,-0.1436521,-0.2645593,-9.940725,44.85941,0,0,0,0
237138493,237137596,2162698,-0.21906945,-0.18435353,-9.982624,44.85941,0,0,0,0
237838902,237838003,2162698,-0.16160862,-0.19871874,-9.956287,44.765293,0,0,0,0
238339209,238338309,2162698,-0.1340753,-0.22385786,-9.850943,44.85941,0,0,0,0
238539350,238538434,2162698,-0.10295067,-0.25139117,-9.985018,44.85941,0,0,0,0
238639410,238638497,2162698,-0.12449849,-0.19033903,-9.890448,44.85941,0,0,0,0
238839505,238838608,2162698,-0.18674773,-0.22984336,-9.941922,44.85941,0,0,0,0
238939572,238938669,2162698,-0.08140286,-0.2825158,-9.871294,44.85941,0,0,0,0
239139717,239138796,2162698,-0.17597382,-0.19991584,-9.8437605,44.85941,0,0,0,0
239239745,239238851,2162698,-0.1592144,-0.20470424,-9.937134,44.85941,0,0,0,0
239339862,239338947,2162698,-0.19393034,-0.24061728,-9.870096,44.85941,0,0,0,0
239439920,239439008,2162698,-0.1376666,-0.14604631,-9.888053,44.85941,0,0,0,0
239539954,239539036,2162698,-0.1436521,-0.16759412,-9.88925,44.85941,0,0,0,0
239637622,239636720,2162698,-0.110133275,-0.23942018,-9.884461,44.85941,0,0,0,0
239937844,239936902,2162698,-0.18555063,-0.1400608,-9.91439,44.85941,0,0,0,0
240037858,240036962,2162698,-0.14724341,-0.25857377,-9.938332,44.85941,0,0,0,0
240237995,240237083,2162698,-0.130484,-0.2681506,-9.928755,44.81235,0,0,0,0
240938431,240937522,2162698,-0.094570965,-0.24540567,-9.904813,44.81235,0,0,0,0
241038484,241037575,2162698,-0.19273324,-0.25617957,-10.016143,44.81235,0,0,0,0
241138523,241137629,2162698,-0.12210429,-0.19752164,-9.929952,44.81235,0,0,0,0
241238613,241237696,2162698,-0.1604115,-0.21667525,-9.895236,44.90647,0,0,0,0
241338697,241337750,2162698,-0.16759412,-0.19393034,-10.036493,44.90647,0,0,0,0
241641429,241640507,2162698,-0.16679604,-0.19552647,-10.109916,44.90647,0,0,0,0
241738900,241737993,2162698,-0.095768064,-0.3866636,-9.919178,44.90647,0,0,0,0
241838950,241838054,2162698,-0.11731588,-0.22146365,-9.957485,44.90647,0,0,0,0
241939132,241938121,2162698,-0.15562311,-0.2645593,-10.007763,44.90647,0,0,0,0
242239189,242238298,2162698,-0.19273324,-0.19871874,-9.985018,44.90647,0,0,0,0
242339283,242338364,2162698,-0.16400282,-0.25258827,-10.060435,44.90647,0,0,0,0
242439351,242438451,2162698,-0.15203181,-0.16519992,-9.898827,44.90647,0,0,0,0
242939642,242938728,2162698,-0.18674773,-0.20350714,-9.915586,44.90647,0,0,0,0
243339874,243338965,2162698,-0.1448492,-0.23463176,-9.877279,44.81235,0,0,0,0
243439920,243439027,2162698,-0.074220255,-0.22744916,-9.932345,44.81235,0,0,0,0
243640032,243639145,2162698,-0.05626374,-0.2837129,-9.872491,44.81235,0,0,0,0
243837710,243836811,2162698,-0.15163277,-0.260968,-9.9511,44.81235,0,0,0,0
243937863,243936871,2162698,-0.13327724,-0.21867043,-9.937532,44.81235,0,0,0,0
244338025,244337114,2162698,-0.11332554,-0.18914193,-9.848948,44.90647,0,0,0,0
244638215,244637297,2162698,-0.11891202,-0.23064144,-9.962274,44.90647,0,0,0,0
244838332,244837422,2162698,-0.21148783,-0.26176605,-9.946312,44.90647,0,0,0,0
244938415,244937507,2162698,-0.13088302,-0.22425689,-9.859323,44.90647,0,0,0,0
245038446,245037544,2162698,-0.17158444,-0.15482503,-9.92636,44.90647,0,0,0,0
245238630,245237661,2162698,-0.093373865,-0.15083471,-9.832188,45.000587,0,0,0,0
245338706,245337748,2162698,-0.14684437,-0.272939,-9.927956,45.000587,0,0,0,0
245438691,245437783,2162698,-0.14923857,-0.22186269,-9.934341,45.000587,0,0,0,0
245838940,245838040,2162698,-0.18674773,-0.19792067,-9.934341,45.000587,0,0,0,0
245938999,245938095,2162698,-0.13088302,-0.19951682,-9.814631,45.000587,0,0,0,0
246039064,246038149,2162698,-0.13806564,-0.1827574,-9.888053,45.000587,0,0,0,0
246139132,246138234,2162698,-0.19313227,-0.21228588,-9.950302,45.000587,0,0,0,0
