timestamp,voltage_v,voltage_filtered_v,current_a,current_filtered_a,average_current_a,discharged_mah,remaining,scale,temperature,cell_count,voltage_cell_v[0],voltage_cell_v[1],voltage_cell_v[2],voltage_cell_v[3],voltage_cell_v[4],voltage_cell_v[5],voltage_cell_v[6],voltage_cell_v[7],voltage_cell_v[8],voltage_cell_v[9],max_cell_voltage_delta,capacity,cycle_count,run_time_to_empty,average_time_to_empty,serial_number,state_of_health,max_error,connected,source,priority,id,is_powering_off,warning
2954355,0.0,0.0,-1.0,0.0,0.0,0.0,1.0,1.0,nan,3,0.0,0.0,0.0,0.0,0.0,0.0,0.0,0.0,0.0,0.0,0.0,0,0,0,0,0,0,0,0,0,0,1,0,0
3554511,0.0,0.0,-1.0,0.0,0.0,0.0,1.0,1.0,nan,3,0.0,0.0,0.0,0.0,0.0,0.0,0.0,0.0,0.0,0.0,0.0,0,0,0,0,0,0,0,0,0,0,1,0,0
3854780,0.0,0.0,-1.0,0.0,0.0,0.0,1.0,1.0,nan,3,0.0,0.0,0.0,0.0,0.0,0.0,0.0,0.0,0.0,0.0,0.0,0,0,0,0,0,0,0,0,0,0,1,0,0
4754361,0.0,0.0,-1.0,0.0,0.0,0.0,1.0,1.0,nan,3,0.0,0.0,0.0,0.0,0.0,0.0,0.0,0.0,0.0,0.0,0.0,0,0,0,0,0,0,0,0,0,0,1,0,0
5654337,0.0,0.0,-1.0,0.0,0.0,0.0,1.0,1.0,nan,3,0.0,0.0,0.0,0.0,0.0,0.0,0.0,0.0,0.0,0.0,0.0,0,0,0,0,0,0,0,0,0,0,1,0,0
5954346,0.0,0.0,-1.0,0.0,0.0,0.0,1.0,1.0,nan,3,0.0,0.0,0.0,0.0,0.0,0.0,0.0,0.0,0.0,0.0,0.0,0,0,0,0,0,0,0,0,0,0,1,0,0
6254381,0.0,0.0,-1.0,0.0,0.0,0.0,1.0,1.0,nan,3,0.0,0.0,0.0,0.0,0.0,0.0,0.0,0.0,0.0,0.0,0.0,0,0,0,0,0,0,0,0,0,0,1,0,0
6554348,0.0,0.0,-1.0,0.0,0.0,0.0,1.0,1.0,nan,3,0.0,0.0,0.0,0.0,0.0,0.0,0.0,0.0,0.0,0.0,0.0,0,0,0,0,0,0,0,0,0,0,1,0,0
7154337,0.0,0.0,-1.0,0.0,0.0,0.0,1.0,1.0,nan,3,0.0,0.0,0.0,0.0,0.0,0.0,0.0,0.0,0.0,0.0,0.0,0,0,0,0,0,0,0,0,0,0,1,0,0
7454337,0.0,0.0,-1.0,0.0,0.0,0.0,1.0,1.0,nan,3,0.0,0.0,0.0,0.0,0.0,0.0,0.0,0.0,0.0,0.0,0.0,0,0,0,0,0,0,0,0,0,0,1,0,0
7754370,0.0,0.0,-1.0,0.0,0.0,0.0,1.0,1.0,nan,3,0.0,0.0,0.0,0.0,0.0,0.0,0.0,0.0,0.0,0.0,0.0,0,0,0,0,0,0,0,0,0,0,1,0,0
8954359,0.0,0.0,-1.0,0.0,0.0,0.0,1.0,1.0,nan,3,0.0,0.0,0.0,0.0,0.0,0.0,0.0,0.0,0.0,0.0,0.0,0,0,0,0,0,0,0,0,0,0,1,0,0
9554392,0.0,0.0,-1.0,0.0,0.0,0.0,1.0,1.0,nan,3,0.0,0.0,0.0,0.0,0.0,0.0,0.0,0.0,0.0,0.0,0.0,0,0,0,0,0,0,0,0,0,0,1,0,0
9854417,0.0,0.0,-1.0,0.0,0.0,0.0,1.0,1.0,nan,3,0.0,0.0,0.0,0.0,0.0,0.0,0.0,0.0,0.0,0.0,0.0,0,0,0,0,0,0,0,0,0,0,1,0,0
10454739,0.0,0.0,-1.0,0.0,0.0,0.0,1.0,1.0,nan,3,0.0,0.0,0.0,0.0,0.0,0.0,0.0,0.0,0.0,0.0,0.0,0,0,0,0,0,0,0,0,0,0,1,0,0
11054408,0.0,0.0,-1.0,0.0,0.0,0.0,1.0,1.0,nan,3,0.0,0.0,0.0,0.0,0.0,0.0,0.0,0.0,0.0,0.0,0.0,0,0,0,0,0,0,0,0,0,0,1,0,0
11354342,0.0,0.0,-1.0,0.0,0.0,0.0,1.0,1.0,nan,3,0.0,0.0,0.0,0.0,0.0,0.0,0.0,0.0,0.0,0.0,0.0,0,0,0,0,0,0,0,0,0,0,1,0,0
11954378,0.0,0.0,-1.0,0.0,0.0,0.0,1.0,1.0,nan,3,0.0,0.0,0.0,0.0,0.0,0.0,0.0,0.0,0.0,0.0,0.0,0,0,0,0,0,0,0,0,0,0,1,0,0
12254415,0.0,0.0,-1.0,0.0,0.0,0.0,1.0,1.0,nan,3,0.0,0.0,0.0,0.0,0.0,0.0,0.0,0.0,0.0,0.0,0.0,0,0,0,0,0,0,0,0,0,0,1,0,0
12554341,0.0,0.0,-1.0,0.0,0.0,0.0,1.0,1.0,nan,3,0.0,0.0,0.0,0.0,0.0,0.0,0.0,0.0,0.0,0.0,0.0,0,0,0,0,0,0,0,0,0,0,1,0,0
13154362,0.0,0.0,-1.0,0.0,0.0,0.0,1.0,1.0,nan,3,0.0,0.0,0.0,0.0,0.0,0.0,0.0,0.0,0.0,0.0,0.0,0,0,0,0,0,0,0,0,0,0,1,0,0
13454346,0.0,0.0,-1.0,0.0,0.0,0.0,1.0,1.0,nan,3,0.0,0.0,0.0,0.0,0.0,0.0,0.0,0.0,0.0,0.0,0.0,0,0,0,0,0,0,0,0,0,0,1,0,0
14054345,0.0,0.0,-1.0,0.0,0.0,0.0,1.0,1.0,nan,3,0.0,0.0,0.0,0.0,0.0,0.0,0.0,0.0,0.0,0.0,0.0,0,0,0,0,0,0,0,0,0,0,1,0,0
14354394,0.0,0.0,-1.0,0.0,0.0,0.0,1.0,1.0,nan,3,0.0,0.0,0.0,0.0,0.0,0.0,0.0,0.0,0.0,0.0,0.0,0,0,0,0,0,0,0,0,0,0,1,0,0
14654344,0.0,0.0,-1.0,0.0,0.0,0.0,1.0,1.0,nan,3,0.0,0.0,0.0,0.0,0.0,0.0,0.0,0.0,0.0,0.0,0.0,0,0,0,0,0,0,0,0,0,0,1,0,0
15254591,0.0,0.0,-1.0,0.0,0.0,0.0,1.0,1.0,nan,3,0.0,0.0,0.0,0.0,0.0,0.0,0.0,0.0,0.0,0.0,0.0,0,0,0,0,0,0,0,0,0,0,1,0,0
15554931,0.0,0.0,-1.0,0.0,0.0,0.0,1.0,1.0,nan,3,0.0,0.0,0.0,0.0,0.0,0.0,0.0,0.0,0.0,0.0,0.0,0,0,0,0,0,0,0,0,0,0,1,0,0
16155123,0.0,0.0,-1.0,0.0,0.0,0.0,1.0,1.0,nan,3,0.0,0.0,0.0,0.0,0.0,0.0,0.0,0.0,0.0,0.0,0.0,0,0,0,0,0,0,0,0,0,0,1,0,0
16754342,0.0,0.0,-1.0,0.0,0.0,0.0,1.0,1.0,nan,3,0.0,0.0,0.0,0.0,0.0,0.0,0.0,0.0,0.0,0.0,0.0,0,0,0,0,0,0,0,0,0,0,1,0,0
17054346,0.0,0.0,-1.0,0.0,0.0,0.0,1.0,1.0,nan,3,0.0,0.0,0.0,0.0,0.0,0.0,0.0,0.0,0.0,0.0,0.0,0,0,0,0,0,0,0,0,0,0,1,0,0
17354385,0.0,0.0,-1.0,0.0,0.0,0.0,1.0,1.0,nan,3,0.0,0.0,0.0,0.0,0.0,0.0,0.0,0.0,0.0,0.0,0.0,0,0,0,0,0,0,0,0,0,0,1,0,0
17654345,0.0,0.0,-1.0,0.0,0.0,0.0,1.0,1.0,nan,3,0.0,0.0,0.0,0.0,0.0,0.0,0.0,0.0,0.0,0.0,0.0,0,0,0,0,0,0,0,0,0,0,1,0,0
18254395,0.0,0.0,-1.0,0.0,0.0,0.0,1.0,1.0,nan,3,0.0,0.0,0.0,0.0,0.0,0.0,0.0,0.0,0.0,0.0,0.0,0,0,0,0,0,0,0,0,0,0,1,0,0
18554395,0.0,0.0,-1.0,0.0,0.0,0.0,1.0,1.0,nan,3,0.0,0.0,0.0,0.0,0.0,0.0,0.0,0.0,0.0,0.0,0.0,0,0,0,0,0,0,0,0,0,0,1,0,0
18854395,0.0,0.0,-1.0,0.0,0.0,0.0,1.0,1.0,nan,3,0.0,0.0,0.0,0.0,0.0,0.0,0.0,0.0,0.0,0.0,0.0,0,0,0,0,0,0,0,0,0,0,1,0,0
19454370,0.0,0.0,-1.0,0.0,0.0,0.0,1.0,1.0,nan,3,0.0,0.0,0.0,0.0,0.0,0.0,0.0,0.0,0.0,0.0,0.0,0,0,0,0,0,0,0,0,0,0,1,0,0
21254342,0.0,0.0,-1.0,0.0,0.0,0.0,1.0,1.0,nan,3,0.0,0.0,0.0,0.0,0.0,0.0,0.0,0.0,0.0,0.0,0.0,0,0,0,0,0,0,0,0,0,0,1,0,0
21554401,0.0,0.0,-1.0,0.0,0.0,0.0,1.0,1.0,nan,3,0.0,0.0,0.0,0.0,0.0,0.0,0.0,0.0,0.0,0.0,0.0,0,0,0,0,0,0,0,0,0,0,1,0,0
22454382,0.0,0.0,-1.0,0.0,0.0,0.0,1.0,1.0,nan,3,0.0,0.0,0.0,0.0,0.0,0.0,0.0,0.0,0.0,0.0,0.0,0,0,0,0,0,0,0,0,0,0,1,0,0
22754343,0.0,0.0,-1.0,0.0,0.0,0.0,1.0,1.0,nan,3,0.0,0.0,0.0,0.0,0.0,0.0,0.0,0.0,0.0,0.0,0.0,0,0,0,0,0,0,0,0,0,0,1,0,0
23654371,0.0,0.0,-1.0,0.0,0.0,0.0,1.0,1.0,nan,3,0.0,0.0,0.0,0.0,0.0,0.0,0.0,0.0,0.0,0.0,0.0,0,0,0,0,0,0,0,0,0,0,1,0,0
23954474,0.0,0.0,-1.0,0.0,0.0,0.0,1.0,1.0,nan,3,0.0,0.0,0.0,0.0,0.0,0.0,0.0,0.0,0.0,0.0,0.0,0,0,0,0,0,0,0,0,0,0,1,0,0
24254339,0.0,0.0,-1.0,0.0,0.0,0.0,1.0,1.0,nan,3,0.0,0.0,0.0,0.0,0.0,0.0,0.0,0.0,0.0,0.0,0.0,0,0,0,0,0,0,0,0,0,0,1,0,0
24554547,0.0,0.0,-1.0,0.0,0.0,0.0,1.0,1.0,nan,3,0.0,0.0,0.0,0.0,0.0,0.0,0.0,0.0,0.0,0.0,0.0,0,0,0,0,0,0,0,0,0,0,1,0,0
24855038,0.0,0.0,-1.0,0.0,0.0,0.0,1.0,1.0,nan,3,0.0,0.0,0.0,0.0,0.0,0.0,0.0,0.0,0.0,0.0,0.0,0,0,0,0,0,0,0,0,0,0,1,0,0
25454575,0.0,0.0,-1.0,0.0,0.0,0.0,1.0,1.0,nan,3,0.0,0.0,0.0,0.0,0.0,0.0,0.0,0.0,0.0,0.0,0.0,0,0,0,0,0,0,0,0,0,0,1,0,0
25755078,0.0,0.0,-1.0,0.0,0.0,0.0,1.0,1.0,nan,3,0.0,0.0,0.0,0.0,0.0,0.0,0.0,0.0,0.0,0.0,0.0,0,0,0,0,0,0,0,0,0,0,1,0,0
26055132,0.0,0.0,-1.0,0.0,0.0,0.0,1.0,1.0,nan,3,0.0,0.0,0.0,0.0,0.0,0.0,0.0,0.0,0.0,0.0,0.0,0,0,0,0,0,0,0,0,0,0,1,0,0
26655160,0.0,0.0,-1.0,0.0,0.0,0.0,1.0,1.0,nan,3,0.0,0.0,0.0,0.0,0.0,0.0,0.0,0.0,0.0,0.0,0.0,0,0,0,0,0,0,0,0,0,0,1,0,0
27855699,0.0,0.0,-1.0,0.0,0.0,0.0,1.0,1.0,nan,3,0.0,0.0,0.0,0.0,0.0,0.0,0.0,0.0,0.0,0.0,0.0,0,0,0,0,0,0,0,0,0,0,1,0,0
28154342,0.0,0.0,-1.0,0.0,0.0,0.0,1.0,1.0,nan,3,0.0,0.0,0.0,0.0,0.0,0.0,0.0,0.0,0.0,0.0,0.0,0,0,0,0,0,0,0,0,0,0,1,0,0
29654349,0.0,0.0,-1.0,0.0,0.0,0.0,1.0,1.0,nan,3,0.0,0.0,0.0,0.0,0.0,0.0,0.0,0.0,0.0,0.0,0.0,0,0,0,0,0,0,0,0,0,0,1,0,0
30854386,0.0,0.0,-1.0,0.0,0.0,0.0,1.0,1.0,nan,3,0.0,0.0,0.0,0.0,0.0,0.0,0.0,0.0,0.0,0.0,0.0,0,0,0,0,0,0,0,0,0,0,1,0,0
31154398,0.0,0.0,-1.0,0.0,0.0,0.0,1.0,1.0,nan,3,0.0,0.0,0.0,0.0,0.0,0.0,0.0,0.0,0.0,0.0,0.0,0,0,0,0,0,0,0,0,0,0,1,0,0
31454339,0.0,0.0,-1.0,0.0,0.0,0.0,1.0,1.0,nan,3,0.0,0.0,0.0,0.0,0.0,0.0,0.0,0.0,0.0,0.0,0.0,0,0,0,0,0,0,0,0,0,0,1,0,0
32054359,0.0,0.0,-1.0,0.0,0.0,0.0,1.0,1.0,nan,3,0.0,0.0,0.0,0.0,0.0,0.0,0.0,0.0,0.0,0.0,0.0,0,0,0,0,0,0,0,0,0,0,1,0,0
32354605,0.0,0.0,-1.0,0.0,0.0,0.0,1.0,1.0,nan,3,0.0,0.0,0.0,0.0,0.0,0.0,0.0,0.0,0.0,0.0,0.0,0,0,0,0,0,0,0,0,0,0,1,0,0
32654366,0.0,0.0,-1.0,0.0,0.0,0.0,1.0,1.0,nan,3,0.0,0.0,0.0,0.0,0.0,0.0,0.0,0.0,0.0,0.0,0.0,0,0,0,0,0,0,0,0,0,0,1,0,0
32954500,0.0,0.0,-1.0,0.0,0.0,0.0,1.0,1.0,nan,3,0.0,0.0,0.0,0.0,0.0,0.0,0.0,0.0,0.0,0.0,0.0,0,0,0,0,0,0,0,0,0,0,1,0,0
33254675,0.0,0.0,-1.0,0.0,0.0,0.0,1.0,1.0,nan,3,0.0,0.0,0.0,0.0,0.0,0.0,0.0,0.0,0.0,0.0,0.0,0,0,0,0,0,0,0,0,0,0,1,0,0
33554342,0.0,0.0,-1.0,0.0,0.0,0.0,1.0,1.0,nan,3,0.0,0.0,0.0,0.0,0.0,0.0,0.0,0.0,0.0,0.0,0.0,0,0,0,0,0,0,0,0,0,0,1,0,0
33854344,0.0,0.0,-1.0,0.0,0.0,0.0,1.0,1.0,nan,3,0.0,0.0,0.0,0.0,0.0,0.0,0.0,0.0,0.0,0.0,0.0,0,0,0,0,0,0,0,0,0,0,1,0,0
34154357,0.0,0.0,-1.0,0.0,0.0,0.0,1.0,1.0,nan,3,0.0,0.0,0.0,0.0,0.0,0.0,0.0,0.0,0.0,0.0,0.0,0,0,0,0,0,0,0,0,0,0,1,0,0
34454359,0.0,0.0,-1.0,0.0,0.0,0.0,1.0,1.0,nan,3,0.0,0.0,0.0,0.0,0.0,0.0,0.0,0.0,0.0,0.0,0.0,0,0,0,0,0,0,0,0,0,0,1,0,0
35054406,0.0,0.0,-1.0,0.0,0.0,0.0,1.0,1.0,nan,3,0.0,0.0,0.0,0.0,0.0,0.0,0.0,0.0,0.0,0.0,0.0,0,0,0,0,0,0,0,0,0,0,1,0,0
35354448,0.0,0.0,-1.0,0.0,0.0,0.0,1.0,1.0,nan,3,0.0,0.0,0.0,0.0,0.0,0.0,0.0,0.0,0.0,0.0,0.0,0,0,0,0,0,0,0,0,0,0,1,0,0
35954526,0.0,0.0,-1.0,0.0,0.0,0.0,1.0,1.0,nan,3,0.0,0.0,0.0,0.0,0.0,0.0,0.0,0.0,0.0,0.0,0.0,0,0,0,0,0,0,0,0,0,0,1,0,0
36254364,0.0,0.0,-1.0,0.0,0.0,0.0,1.0,1.0,nan,3,0.0,0.0,0.0,0.0,0.0,0.0,0.0,0.0,0.0,0.0,0.0,0,0,0,0,0,0,0,0,0,0,1,0,0
36554394,0.0,0.0,-1.0,0.0,0.0,0.0,1.0,1.0,nan,3,0.0,0.0,0.0,0.0,0.0,0.0,0.0,0.0,0.0,0.0,0.0,0,0,0,0,0,0,0,0,0,0,1,0,0
36854341,0.0,0.0,-1.0,0.0,0.0,0.0,1.0,1.0,nan,3,0.0,0.0,0.0,0.0,0.0,0.0,0.0,0.0,0.0,0.0,0.0,0,0,0,0,0,0,0,0,0,0,1,0,0
37154506,0.0,0.0,-1.0,0.0,0.0,0.0,1.0,1.0,nan,3,0.0,0.0,0.0,0.0,0.0,0.0,0.0,0.0,0.0,0.0,0.0,0,0,0,0,0,0,0,0,0,0,1,0,0
37754729,0.0,0.0,-1.0,0.0,0.0,0.0,1.0,1.0,nan,3,0.0,0.0,0.0,0.0,0.0,0.0,0.0,0.0,0.0,0.0,0.0,0,0,0,0,0,0,0,0,0,0,1,0,0
38354987,0.0,0.0,-1.0,0.0,0.0,0.0,1.0,1.0,nan,3,0.0,0.0,0.0,0.0,0.0,0.0,0.0,0.0,0.0,0.0,0.0,0,0,0,0,0,0,0,0,0,0,1,0,0
38654956,0.0,0.0,-1.0,0.0,0.0,0.0,1.0,1.0,nan,3,0.0,0.0,0.0,0.0,0.0,0.0,0.0,0.0,0.0,0.0,0.0,0,0,0,0,0,0,0,0,0,0,1,0,0
39254342,0.0,0.0,-1.0,0.0,0.0,0.0,1.0,1.0,nan,3,0.0,0.0,0.0,0.0,0.0,0.0,0.0,0.0,0.0,0.0,0.0,0,0,0,0,0,0,0,0,0,0,1,0,0
39854441,0.0,0.0,-1.0,0.0,0.0,0.0,1.0,1.0,nan,3,0.0,0.0,0.0,0.0,0.0,0.0,0.0,0.0,0.0,0.0,0.0,0,0,0,0,0,0,0,0,0,0,1,0,0
40454411,0.0,0.0,-1.0,0.0,0.0,0.0,1.0,1.0,nan,3,0.0,0.0,0.0,0.0,0.0,0.0,0.0,0.0,0.0,0.0,0.0,0,0,0,0,0,0,0,0,0,0,1,0,0
40754396,0.0,0.0,-1.0,0.0,0.0,0.0,1.0,1.0,nan,3,0.0,0.0,0.0,0.0,0.0,0.0,0.0,0.0,0.0,0.0,0.0,0,0,0,0,0,0,0,0,0,0,1,0,0
42854342,0.0,0.0,-1.0,0.0,0.0,0.0,1.0,1.0,nan,3,0.0,0.0,0.0,0.0,0.0,0.0,0.0,0.0,0.0,0.0,0.0,0,0,0,0,0,0,0,0,0,0,1,0,0
43154405,0.0,0.0,-1.0,0.0,0.0,0.0,1.0,1.0,nan,3,0.0,0.0,0.0,0.0,0.0,0.0,0.0,0.0,0.0,0.0,0.0,0,0,0,0,0,0,0,0,0,0,1,0,0
44354343,0.0,0.0,-1.0,0.0,0.0,0.0,1.0,1.0,nan,3,0.0,0.0,0.0,0.0,0.0,0.0,0.0,0.0,0.0,0.0,0.0,0,0,0,0,0,0,0,0,0,0,1,0,0
45554373,0.0,0.0,-1.0,0.0,0.0,0.0,1.0,1.0,nan,3,0.0,0.0,0.0,0.0,0.0,0.0,0.0,0.0,0.0,0.0,0.0,0,0,0,0,0,0,0,0,0,0,1,0,0
45854570,0.0,0.0,-1.0,0.0,0.0,0.0,1.0,1.0,nan,3,0.0,0.0,0.0,0.0,0.0,0.0,0.0,0.0,0.0,0.0,0.0,0,0,0,0,0,0,0,0,0,0,1,0,0
46754623,0.0,0.0,-1.0,0.0,0.0,0.0,1.0,1.0,nan,3,0.0,0.0,0.0,0.0,0.0,0.0,0.0,0.0,0.0,0.0,0.0,0,0,0,0,0,0,0,0,0,0,1,0,0
47055047,0.0,0.0,-1.0,0.0,0.0,0.0,1.0,1.0,nan,3,0.0,0.0,0.0,0.0,0.0,0.0,0.0,0.0,0.0,0.0,0.0,0,0,0,0,0,0,0,0,0,0,1,0,0
48855494,0.0,0.0,-1.0,0.0,0.0,0.0,1.0,1.0,nan,3,0.0,0.0,0.0,0.0,0.0,0.0,0.0,0.0,0.0,0.0,0.0,0,0,0,0,0,0,0,0,0,0,1,0,0
49754342,0.0,0.0,-1.0,0.0,0.0,0.0,1.0,1.0,nan,3,0.0,0.0,0.0,0.0,0.0,0.0,0.0,0.0,0.0,0.0,0.0,0,0,0,0,0,0,0,0,0,0,1,0,0
50054350,0.0,0.0,-1.0,0.0,0.0,0.0,1.0,1.0,nan,3,0.0,0.0,0.0,0.0,0.0,0.0,0.0,0.0,0.0,0.0,0.0,0,0,0,0,0,0,0,0,0,0,1,0,0
50354339,0.0,0.0,-1.0,0.0,0.0,0.0,1.0,1.0,nan,3,0.0,0.0,0.0,0.0,0.0,0.0,0.0,0.0,0.0,0.0,0.0,0,0,0,0,0,0,0,0,0,0,1,0,0
51254342,0.0,0.0,-1.0,0.0,0.0,0.0,1.0,1.0,nan,3,0.0,0.0,0.0,0.0,0.0,0.0,0.0,0.0,0.0,0.0,0.0,0,0,0,0,0,0,0,0,0,0,1,0,0
51554352,0.0,0.0,-1.0,0.0,0.0,0.0,1.0,1.0,nan,3,0.0,0.0,0.0,0.0,0.0,0.0,0.0,0.0,0.0,0.0,0.0,0,0,0,0,0,0,0,0,0,0,1,0,0
51854342,0.0,0.0,-1.0,0.0,0.0,0.0,1.0,1.0,nan,3,0.0,0.0,0.0,0.0,0.0,0.0,0.0,0.0,0.0,0.0,0.0,0,0,0,0,0,0,0,0,0,0,1,0,0
52154473,0.0,0.0,-1.0,0.0,0.0,0.0,1.0,1.0,nan,3,0.0,0.0,0.0,0.0,0.0,0.0,0.0,0.0,0.0,0.0,0.0,0,0,0,0,0,0,0,0,0,0,1,0,0
52754342,0.0,0.0,-1.0,0.0,0.0,0.0,1.0,1.0,nan,3,0.0,0.0,0.0,0.0,0.0,0.0,0.0,0.0,0.0,0.0,0.0,0,0,0,0,0,0,0,0,0,0,1,0,0
53954639,0.0,0.0,-1.0,0.0,0.0,0.0,1.0,1.0,nan,3,0.0,0.0,0.0,0.0,0.0,0.0,0.0,0.0,0.0,0.0,0.0,0,0,0,0,0,0,0,0,0,0,1,0,0
54254479,0.0,0.0,-1.0,0.0,0.0,0.0,1.0,1.0,nan,3,0.0,0.0,0.0,0.0,0.0,0.0,0.0,0.0,0.0,0.0,0.0,0,0,0,0,0,0,0,0,0,0,1,0,0
58154526,0.0,0.0,-1.0,0.0,0.0,0.0,1.0,1.0,nan,3,0.0,0.0,0.0,0.0,0.0,0.0,0.0,0.0,0.0,0.0,0.0,0,0,0,0,0,0,0,0,0,0,1,0,0
59354843,0.0,0.0,-1.0,0.0,0.0,0.0,1.0,1.0,nan,3,0.0,0.0,0.0,0.0,0.0,0.0,0.0,0.0,0.0,0.0,0.0,0,0,0,0,0,0,0,0,0,0,1,0,0
59655011,0.0,0.0,-1.0,0.0,0.0,0.0,1.0,1.0,nan,3,0.0,0.0,0.0,0.0,0.0,0.0,0.0,0.0,0.0,0.0,0.0,0,0,0,0,0,0,0,0,0,0,1,0,0
60254342,0.0,0.0,-1.0,0.0,0.0,0.0,1.0,1.0,nan,3,0.0,0.0,0.0,0.0,0.0,0.0,0.0,0.0,0.0,0.0,0.0,0,0,0,0,0,0,0,0,0,0,1,0,0
60554344,0.0,0.0,-1.0,0.0,0.0,0.0,1.0,1.0,nan,3,0.0,0.0,0.0,0.0,0.0,0.0,0.0,0.0,0.0,0.0,0.0,0,0,0,0,0,0,0,0,0,0,1,0,0
61754395,0.0,0.0,-1.0,0.0,0.0,0.0,1.0,1.0,nan,3,0.0,0.0,0.0,0.0,0.0,0.0,0.0,0.0,0.0,0.0,0.0,0,0,0,0,0,0,0,0,0,0,1,0,0
62954354,0.0,0.0,-1.0,0.0,0.0,0.0,1.0,1.0,nan,3,0.0,0.0,0.0,0.0,0.0,0.0,0.0,0.0,0.0,0.0,0.0,0,0,0,0,0,0,0,0,0,0,1,0,0
63554373,0.0,0.0,-1.0,0.0,0.0,0.0,1.0,1.0,nan,3,0.0,0.0,0.0,0.0,0.0,0.0,0.0,0.0,0.0,0.0,0.0,0,0,0,0,0,0,0,0,0,0,1,0,0
63854537,0.0,0.0,-1.0,0.0,0.0,0.0,1.0,1.0,nan,3,0.0,0.0,0.0,0.0,0.0,0.0,0.0,0.0,0.0,0.0,0.0,0,0,0,0,0,0,0,0,0,0,1,0,0
64454397,0.0,0.0,-1.0,0.0,0.0,0.0,1.0,1.0,nan,3,0.0,0.0,0.0,0.0,0.0,0.0,0.0,0.0,0.0,0.0,0.0,0,0,0,0,0,0,0,0,0,0,1,0,0
65354339,0.0,0.0,-1.0,0.0,0.0,0.0,1.0,1.0,nan,3,0.0,0.0,0.0,0.0,0.0,0.0,0.0,0.0,0.0,0.0,0.0,0,0,0,0,0,0,0,0,0,0,1,0,0
65954387,0.0,0.0,-1.0,0.0,0.0,0.0,1.0,1.0,nan,3,0.0,0.0,0.0,0.0,0.0,0.0,0.0,0.0,0.0,0.0,0.0,0,0,0,0,0,0,0,0,0,0,1,0,0
66554394,0.0,0.0,-1.0,0.0,0.0,0.0,1.0,1.0,nan,3,0.0,0.0,0.0,0.0,0.0,0.0,0.0,0.0,0.0,0.0,0.0,0,0,0,0,0,0,0,0,0,0,1,0,0
66854680,0.0,0.0,-1.0,0.0,0.0,0.0,1.0,1.0,nan,3,0.0,0.0,0.0,0.0,0.0,0.0,0.0,0.0,0.0,0.0,0.0,0,0,0,0,0,0,0,0,0,0,1,0,0
67754750,0.0,0.0,-1.0,0.0,0.0,0.0,1.0,1.0,nan,3,0.0,0.0,0.0,0.0,0.0,0.0,0.0,0.0,0.0,0.0,0.0,0,0,0,0,0,0,0,0,0,0,1,0,0
68055132,0.0,0.0,-1.0,0.0,0.0,0.0,1.0,1.0,nan,3,0.0,0.0,0.0,0.0,0.0,0.0,0.0,0.0,0.0,0.0,0.0,0,0,0,0,0,0,0,0,0,0,1,0,0
68955620,0.0,0.0,-1.0,0.0,0.0,0.0,1.0,1.0,nan,3,0.0,0.0,0.0,0.0,0.0,0.0,0.0,0.0,0.0,0.0,0.0,0,0,0,0,0,0,0,0,0,0,1,0,0
69555506,0.0,0.0,-1.0,0.0,0.0,0.0,1.0,1.0,nan,3,0.0,0.0,0.0,0.0,0.0,0.0,0.0,0.0,0.0,0.0,0.0,0,0,0,0,0,0,0,0,0,0,1,0,0
70454346,0.0,0.0,-1.0,0.0,0.0,0.0,1.0,1.0,nan,3,0.0,0.0,0.0,0.0,0.0,0.0,0.0,0.0,0.0,0.0,0.0,0,0,0,0,0,0,0,0,0,0,1,0,0
71354351,0.0,0.0,-1.0,0.0,0.0,0.0,1.0,1.0,nan,3,0.0,0.0,0.0,0.0,0.0,0.0,0.0,0.0,0.0,0.0,0.0,0,0,0,0,0,0,0,0,0,0,1,0,0
71954356,0.0,0.0,-1.0,0.0,0.0,0.0,1.0,1.0,nan,3,0.0,0.0,0.0,0.0,0.0,0.0,0.0,0.0,0.0,0.0,0.0,0,0,0,0,0,0,0,0,0,0,1,0,0
72554376,0.0,0.0,-1.0,0.0,0.0,0.0,1.0,1.0,nan,3,0.0,0.0,0.0,0.0,0.0,0.0,0.0,0.0,0.0,0.0,0.0,0,0,0,0,0,0,0,0,0,0,1,0,0
72854341,0.0,0.0,-1.0,0.0,0.0,0.0,1.0,1.0,nan,3,0.0,0.0,0.0,0.0,0.0,0.0,0.0,0.0,0.0,0.0,0.0,0,0,0,0,0,0,0,0,0,0,1,0,0
73154442,0.0,0.0,-1.0,0.0,0.0,0.0,1.0,1.0,nan,3,0.0,0.0,0.0,0.0,0.0,0.0,0.0,0.0,0.0,0.0,0.0,0,0,0,0,0,0,0,0,0,0,1,0,0
73454353,0.0,0.0,-1.0,0.0,0.0,0.0,1.0,1.0,nan,3,0.0,0.0,0.0,0.0,0.0,0.0,0.0,0.0,0.0,0.0,0.0,0,0,0,0,0,0,0,0,0,0,1,0,0
74054378,0.0,0.0,-1.0,0.0,0.0,0.0,1.0,1.0,nan,3,0.0,0.0,0.0,0.0,0.0,0.0,0.0,0.0,0.0,0.0,0.0,0,0,0,0,0,0,0,0,0,0,1,0,0
74354345,0.0,0.0,-1.0,0.0,0.0,0.0,1.0,1.0,nan,3,0.0,0.0,0.0,0.0,0.0,0.0,0.0,0.0,0.0,0.0,0.0,0,0,0,0,0,0,0,0,0,0,1,0,0
76154387,0.0,0.0,-1.0,0.0,0.0,0.0,1.0,1.0,nan,3,0.0,0.0,0.0,0.0,0.0,0.0,0.0,0.0,0.0,0.0,0.0,0,0,0,0,0,0,0,0,0,0,1,0,0
76454409,0.0,0.0,-1.0,0.0,0.0,0.0,1.0,1.0,nan,3,0.0,0.0,0.0,0.0,0.0,0.0,0.0,0.0,0.0,0.0,0.0,0,0,0,0,0,0,0,0,0,0,1,0,0
76754576,0.0,0.0,-1.0,0.0,0.0,0.0,1.0,1.0,nan,3,0.0,0.0,0.0,0.0,0.0,0.0,0.0,0.0,0.0,0.0,0.0,0,0,0,0,0,0,0,0,0,0,1,0,0
77054353,0.0,0.0,-1.0,0.0,0.0,0.0,1.0,1.0,nan,3,0.0,0.0,0.0,0.0,0.0,0.0,0.0,0.0,0.0,0.0,0.0,0,0,0,0,0,0,0,0,0,0,1,0,0
77354401,0.0,0.0,-1.0,0.0,0.0,0.0,1.0,1.0,nan,3,0.0,0.0,0.0,0.0,0.0,0.0,0.0,0.0,0.0,0.0,0.0,0,0,0,0,0,0,0,0,0,0,1,0,0
77954346,0.0,0.0,-1.0,0.0,0.0,0.0,1.0,1.0,nan,3,0.0,0.0,0.0,0.0,0.0,0.0,0.0,0.0,0.0,0.0,0.0,0,0,0,0,0,0,0,0,0,0,1,0,0
78254359,0.0,0.0,-1.0,0.0,0.0,0.0,1.0,1.0,nan,3,0.0,0.0,0.0,0.0,0.0,0.0,0.0,0.0,0.0,0.0,0.0,0,0,0,0,0,0,0,0,0,0,1,0,0
78554408,0.0,0.0,-1.0,0.0,0.0,0.0,1.0,1.0,nan,3,0.0,0.0,0.0,0.0,0.0,0.0,0.0,0.0,0.0,0.0,0.0,0,0,0,0,0,0,0,0,0,0,1,0,0
78854471,0.0,0.0,-1.0,0.0,0.0,0.0,1.0,1.0,nan,3,0.0,0.0,0.0,0.0,0.0,0.0,0.0,0.0,0.0,0.0,0.0,0,0,0,0,0,0,0,0,0,0,1,0,0
79154741,0.0,0.0,-1.0,0.0,0.0,0.0,1.0,1.0,nan,3,0.0,0.0,0.0,0.0,0.0,0.0,0.0,0.0,0.0,0.0,0.0,0,0,0,0,0,0,0,0,0,0,1,0,0
79454950,0.0,0.0,-1.0,0.0,0.0,0.0,1.0,1.0,nan,3,0.0,0.0,0.0,0.0,0.0,0.0,0.0,0.0,0.0,0.0,0.0,0,0,0,0,0,0,0,0,0,0,1,0,0
79755095,0.0,0.0,-1.0,0.0,0.0,0.0,1.0,1.0,nan,3,0.0,0.0,0.0,0.0,0.0,0.0,0.0,0.0,0.0,0.0,0.0,0,0,0,0,0,0,0,0,0,0,1,0,0
80354358,0.0,0.0,-1.0,0.0,0.0,0.0,1.0,1.0,nan,3,0.0,0.0,0.0,0.0,0.0,0.0,0.0,0.0,0.0,0.0,0.0,0,0,0,0,0,0,0,0,0,0,1,0,0
80954390,0.0,0.0,-1.0,0.0,0.0,0.0,1.0,1.0,nan,3,0.0,0.0,0.0,0.0,0.0,0.0,0.0,0.0,0.0,0.0,0.0,0,0,0,0,0,0,0,0,0,0,1,0,0
81554399,0.0,0.0,-1.0,0.0,0.0,0.0,1.0,1.0,nan,3,0.0,0.0,0.0,0.0,0.0,0.0,0.0,0.0,0.0,0.0,0.0,0,0,0,0,0,0,0,0,0,0,1,0,0
81854342,0.0,0.0,-1.0,0.0,0.0,0.0,1.0,1.0,nan,3,0.0,0.0,0.0,0.0,0.0,0.0,0.0,0.0,0.0,0.0,0.0,0,0,0,0,0,0,0,0,0,0,1,0,0
82154339,0.0,0.0,-1.0,0.0,0.0,0.0,1.0,1.0,nan,3,0.0,0.0,0.0,0.0,0.0,0.0,0.0,0.0,0.0,0.0,0.0,0,0,0,0,0,0,0,0,0,0,1,0,0
82454488,0.0,0.0,-1.0,0.0,0.0,0.0,1.0,1.0,nan,3,0.0,0.0,0.0,0.0,0.0,0.0,0.0,0.0,0.0,0.0,0.0,0,0,0,0,0,0,0,0,0,0,1,0,0
83654495,0.0,0.0,-1.0,0.0,0.0,0.0,1.0,1.0,nan,3,0.0,0.0,0.0,0.0,0.0,0.0,0.0,0.0,0.0,0.0,0.0,0,0,0,0,0,0,0,0,0,0,1,0,0
83954342,0.0,0.0,-1.0,0.0,0.0,0.0,1.0,1.0,nan,3,0.0,0.0,0.0,0.0,0.0,0.0,0.0,0.0,0.0,0.0,0.0,0,0,0,0,0,0,0,0,0,0,1,0,0
84854735,0.0,0.0,-1.0,0.0,0.0,0.0,1.0,1.0,nan,3,0.0,0.0,0.0,0.0,0.0,0.0,0.0,0.0,0.0,0.0,0.0,0,0,0,0,0,0,0,0,0,0,1,0,0
85154358,0.0,0.0,-1.0,0.0,0.0,0.0,1.0,1.0,nan,3,0.0,0.0,0.0,0.0,0.0,0.0,0.0,0.0,0.0,0.0,0.0,0,0,0,0,0,0,0,0,0,0,1,0,0
85454357,0.0,0.0,-1.0,0.0,0.0,0.0,1.0,1.0,nan,3,0.0,0.0,0.0,0.0,0.0,0.0,0.0,0.0,0.0,0.0,0.0,0,0,0,0,0,0,0,0,0,0,1,0,0
85754344,0.0,0.0,-1.0,0.0,0.0,0.0,1.0,1.0,nan,3,0.0,0.0,0.0,0.0,0.0,0.0,0.0,0.0,0.0,0.0,0.0,0,0,0,0,0,0,0,0,0,0,1,0,0
86054361,0.0,0.0,-1.0,0.0,0.0,0.0,1.0,1.0,nan,3,0.0,0.0,0.0,0.0,0.0,0.0,0.0,0.0,0.0,0.0,0.0,0,0,0,0,0,0,0,0,0,0,1,0,0
86654849,0.0,0.0,-1.0,0.0,0.0,0.0,1.0,1.0,nan,3,0.0,0.0,0.0,0.0,0.0,0.0,0.0,0.0,0.0,0.0,0.0,0,0,0,0,0,0,0,0,0,0,1,0,0
86954729,0.0,0.0,-1.0,0.0,0.0,0.0,1.0,1.0,nan,3,0.0,0.0,0.0,0.0,0.0,0.0,0.0,0.0,0.0,0.0,0.0,0,0,0,0,0,0,0,0,0,0,1,0,0
87254675,0.0,0.0,-1.0,0.0,0.0,0.0,1.0,1.0,nan,3,0.0,0.0,0.0,0.0,0.0,0.0,0.0,0.0,0.0,0.0,0.0,0,0,0,0,0,0,0,0,0,0,1,0,0
87554561,0.0,0.0,-1.0,0.0,0.0,0.0,1.0,1.0,nan,3,0.0,0.0,0.0,0.0,0.0,0.0,0.0,0.0,0.0,0.0,0.0,0,0,0,0,0,0,0,0,0,0,1,0,0
88154736,0.0,0.0,-1.0,0.0,0.0,0.0,1.0,1.0,nan,3,0.0,0.0,0.0,0.0,0.0,0.0,0.0,0.0,0.0,0.0,0.0,0,0,0,0,0,0,0,0,0,0,1,0,0
88755730,0.0,0.0,-1.0,0.0,0.0,0.0,1.0,1.0,nan,3,0.0,0.0,0.0,0.0,0.0,0.0,0.0,0.0,0.0,0.0,0.0,0,0,0,0,0,0,0,0,0,0,1,0,0
89055748,0.0,0.0,-1.0,0.0,0.0,0.0,1.0,1.0,nan,3,0.0,0.0,0.0,0.0,0.0,0.0,0.0,0.0,0.0,0.0,0.0,0,0,0,0,0,0,0,0,0,0,1,0,0
89656259,0.0,0.0,-1.0,0.0,0.0,0.0,1.0,1.0,nan,3,0.0,0.0,0.0,0.0,0.0,0.0,0.0,0.0,0.0,0.0,0.0,0,0,0,0,0,0,0,0,0,0,1,0,0
89954344,0.0,0.0,-1.0,0.0,0.0,0.0,1.0,1.0,nan,3,0.0,0.0,0.0,0.0,0.0,0.0,0.0,0.0,0.0,0.0,0.0,0,0,0,0,0,0,0,0,0,0,1,0,0
90254343,0.0,0.0,-1.0,0.0,0.0,0.0,1.0,1.0,nan,3,0.0,0.0,0.0,0.0,0.0,0.0,0.0,0.0,0.0,0.0,0.0,0,0,0,0,0,0,0,0,0,0,1,0,0
90554342,0.0,0.0,-1.0,0.0,0.0,0.0,1.0,1.0,nan,3,0.0,0.0,0.0,0.0,0.0,0.0,0.0,0.0,0.0,0.0,0.0,0,0,0,0,0,0,0,0,0,0,1,0,0
92054416,0.0,0.0,-1.0,0.0,0.0,0.0,1.0,1.0,nan,3,0.0,0.0,0.0,0.0,0.0,0.0,0.0,0.0,0.0,0.0,0.0,0,0,0,0,0,0,0,0,0,0,1,0,0
93254342,0.0,0.0,-1.0,0.0,0.0,0.0,1.0,1.0,nan,3,0.0,0.0,0.0,0.0,0.0,0.0,0.0,0.0,0.0,0.0,0.0,0,0,0,0,0,0,0,0,0,0,1,0,0
93554341,0.0,0.0,-1.0,0.0,0.0,0.0,1.0,1.0,nan,3,0.0,0.0,0.0,0.0,0.0,0.0,0.0,0.0,0.0,0.0,0.0,0,0,0,0,0,0,0,0,0,0,1,0,0
93854387,0.0,0.0,-1.0,0.0,0.0,0.0,1.0,1.0,nan,3,0.0,0.0,0.0,0.0,0.0,0.0,0.0,0.0,0.0,0.0,0.0,0,0,0,0,0,0,0,0,0,0,1,0,0
94154445,0.0,0.0,-1.0,0.0,0.0,0.0,1.0,1.0,nan,3,0.0,0.0,0.0,0.0,0.0,0.0,0.0,0.0,0.0,0.0,0.0,0,0,0,0,0,0,0,0,0,0,1,0,0
94454550,0.0,0.0,-1.0,0.0,0.0,0.0,1.0,1.0,nan,3,0.0,0.0,0.0,0.0,0.0,0.0,0.0,0.0,0.0,0.0,0.0,0,0,0,0,0,0,0,0,0,0,1,0,0
95054410,0.0,0.0,-1.0,0.0,0.0,0.0,1.0,1.0,nan,3,0.0,0.0,0.0,0.0,0.0,0.0,0.0,0.0,0.0,0.0,0.0,0,0,0,0,0,0,0,0,0,0,1,0,0
95354408,0.0,0.0,-1.0,0.0,0.0,0.0,1.0,1.0,nan,3,0.0,0.0,0.0,0.0,0.0,0.0,0.0,0.0,0.0,0.0,0.0,0,0,0,0,0,0,0,0,0,0,1,0,0
95954387,0.0,0.0,-1.0,0.0,0.0,0.0,1.0,1.0,nan,3,0.0,0.0,0.0,0.0,0.0,0.0,0.0,0.0,0.0,0.0,0.0,0,0,0,0,0,0,0,0,0,0,1,0,0
96254458,0.0,0.0,-1.0,0.0,0.0,0.0,1.0,1.0,nan,3,0.0,0.0,0.0,0.0,0.0,0.0,0.0,0.0,0.0,0.0,0.0,0,0,0,0,0,0,0,0,0,0,1,0,0
97154371,0.0,0.0,-1.0,0.0,0.0,0.0,1.0,1.0,nan,3,0.0,0.0,0.0,0.0,0.0,0.0,0.0,0.0,0.0,0.0,0.0,0,0,0,0,0,0,0,0,0,0,1,0,0
97754345,0.0,0.0,-1.0,0.0,0.0,0.0,1.0,1.0,nan,3,0.0,0.0,0.0,0.0,0.0,0.0,0.0,0.0,0.0,0.0,0.0,0,0,0,0,0,0,0,0,0,0,1,0,0
98354799,0.0,0.0,-1.0,0.0,0.0,0.0,1.0,1.0,nan,3,0.0,0.0,0.0,0.0,0.0,0.0,0.0,0.0,0.0,0.0,0.0,0,0,0,0,0,0,0,0,0,0,1,0,0
98655238,0.0,0.0,-1.0,0.0,0.0,0.0,1.0,1.0,nan,3,0.0,0.0,0.0,0.0,0.0,0.0,0.0,0.0,0.0,0.0,0.0,0,0,0,0,0,0,0,0,0,0,1,0,0
100754397,0.0,0.0,-1.0,0.0,0.0,0.0,1.0,1.0,nan,3,0.0,0.0,0.0,0.0,0.0,0.0,0.0,0.0,0.0,0.0,0.0,0,0,0,0,0,0,0,0,0,0,1,0,0
101054425,0.0,0.0,-1.0,0.0,0.0,0.0,1.0,1.0,nan,3,0.0,0.0,0.0,0.0,0.0,0.0,0.0,0.0,0.0,0.0,0.0,0,0,0,0,0,0,0,0,0,0,1,0,0
101354359,0.0,0.0,-1.0,0.0,0.0,0.0,1.0,1.0,nan,3,0.0,0.0,0.0,0.0,0.0,0.0,0.0,0.0,0.0,0.0,0.0,0,0,0,0,0,0,0,0,0,0,1,0,0
101954341,0.0,0.0,-1.0,0.0,0.0,0.0,1.0,1.0,nan,3,0.0,0.0,0.0,0.0,0.0,0.0,0.0,0.0,0.0,0.0,0.0,0,0,0,0,0,0,0,0,0,0,1,0,0
103154390,0.0,0.0,-1.0,0.0,0.0,0.0,1.0,1.0,nan,3,0.0,0.0,0.0,0.0,0.0,0.0,0.0,0.0,0.0,0.0,0.0,0,0,0,0,0,0,0,0,0,0,1,0,0
104054695,0.0,0.0,-1.0,0.0,0.0,0.0,1.0,1.0,nan,3,0.0,0.0,0.0,0.0,0.0,0.0,0.0,0.0,0.0,0.0,0.0,0,0,0,0,0,0,0,0,0,0,1,0,0
104354632,0.0,0.0,-1.0,0.0,0.0,0.0,1.0,1.0,nan,3,0.0,0.0,0.0,0.0,0.0,0.0,0.0,0.0,0.0,0.0,0.0,0,0,0,0,0,0,0,0,0,0,1,0,0
104654352,0.0,0.0,-1.0,0.0,0.0,0.0,1.0,1.0,nan,3,0.0,0.0,0.0,0.0,0.0,0.0,0.0,0.0,0.0,0.0,0.0,0,0,0,0,0,0,0,0,0,0,1,0,0
105554365,0.0,0.0,-1.0,0.0,0.0,0.0,1.0,1.0,nan,3,0.0,0.0,0.0,0.0,0.0,0.0,0.0,0.0,0.0,0.0,0.0,0,0,0,0,0,0,0,0,0,0,1,0,0
106454546,0.0,0.0,-1.0,0.0,0.0,0.0,1.0,1.0,nan,3,0.0,0.0,0.0,0.0,0.0,0.0,0.0,0.0,0.0,0.0,0.0,0,0,0,0,0,0,0,0,0,0,1,0,0
107055365,0.0,0.0,-1.0,0.0,0.0,0.0,1.0,1.0,nan,3,0.0,0.0,0.0,0.0,0.0,0.0,0.0,0.0,0.0,0.0,0.0,0,0,0,0,0,0,0,0,0,0,1,0,0
107955237,0.0,0.0,-1.0,0.0,0.0,0.0,1.0,1.0,nan,3,0.0,0.0,0.0,0.0,0.0,0.0,0.0,0.0,0.0,0.0,0.0,0,0,0,0,0,0,0,0,0,0,1,0,0
108555575,0.0,0.0,-1.0,0.0,0.0,0.0,1.0,1.0,nan,3,0.0,0.0,0.0,0.0,0.0,0.0,0.0,0.0,0.0,0.0,0.0,0,0,0,0,0,0,0,0,0,0,1,0,0
111254342,0.0,0.0,-1.0,0.0,0.0,0.0,1.0,1.0,nan,3,0.0,0.0,0.0,0.0,0.0,0.0,0.0,0.0,0.0,0.0,0.0,0,0,0,0,0,0,0,0,0,0,1,0,0
112754342,0.0,0.0,-1.0,0.0,0.0,0.0,1.0,1.0,nan,3,0.0,0.0,0.0,0.0,0.0,0.0,0.0,0.0,0.0,0.0,0.0,0,0,0,0,0,0,0,0,0,0,1,0,0
114554452,0.0,0.0,-1.0,0.0,0.0,0.0,1.0,1.0,nan,3,0.0,0.0,0.0,0.0,0.0,0.0,0.0,0.0,0.0,0.0,0.0,0,0,0,0,0,0,0,0,0,0,1,0,0
115754341,0.0,0.0,-1.0,0.0,0.0,0.0,1.0,1.0,nan,3,0.0,0.0,0.0,0.0,0.0,0.0,0.0,0.0,0.0,0.0,0.0,0,0,0,0,0,0,0,0,0,0,1,0,0
116054408,0.0,0.0,-1.0,0.0,0.0,0.0,1.0,1.0,nan,3,0.0,0.0,0.0,0.0,0.0,0.0,0.0,0.0,0.0,0.0,0.0,0,0,0,0,0,0,0,0,0,0,1,0,0
116654393,0.0,0.0,-1.0,0.0,0.0,0.0,1.0,1.0,nan,3,0.0,0.0,0.0,0.0,0.0,0.0,0.0,0.0,0.0,0.0,0.0,0,0,0,0,0,0,0,0,0,0,1,0,0
117554791,0.0,0.0,-1.0,0.0,0.0,0.0,1.0,1.0,nan,3,0.0,0.0,0.0,0.0,0.0,0.0,0.0,0.0,0.0,0.0,0.0,0,0,0,0,0,0,0,0,0,0,1,0,0
117854747,0.0,0.0,-1.0,0.0,0.0,0.0,1.0,1.0,nan,3,0.0,0.0,0.0,0.0,0.0,0.0,0.0,0.0,0.0,0.0,0.0,0,0,0,0,0,0,0,0,0,0,1,0,0
118754342,0.0,0.0,-1.0,0.0,0.0,0.0,1.0,1.0,nan,3,0.0,0.0,0.0,0.0,0.0,0.0,0.0,0.0,0.0,0.0,0.0,0,0,0,0,0,0,0,0,0,0,1,0,0
119054342,0.0,0.0,-1.0,0.0,0.0,0.0,1.0,1.0,nan,3,0.0,0.0,0.0,0.0,0.0,0.0,0.0,0.0,0.0,0.0,0.0,0,0,0,0,0,0,0,0,0,0,1,0,0
119654473,0.0,0.0,-1.0,0.0,0.0,0.0,1.0,1.0,nan,3,0.0,0.0,0.0,0.0,0.0,0.0,0.0,0.0,0.0,0.0,0.0,0,0,0,0,0,0,0,0,0,0,1,0,0
120554392,0.0,0.0,-1.0,0.0,0.0,0.0,1.0,1.0,nan,3,0.0,0.0,0.0,0.0,0.0,0.0,0.0,0.0,0.0,0.0,0.0,0,0,0,0,0,0,0,0,0,0,1,0,0
120854342,0.0,0.0,-1.0,0.0,0.0,0.0,1.0,1.0,nan,3,0.0,0.0,0.0,0.0,0.0,0.0,0.0,0.0,0.0,0.0,0.0,0,0,0,0,0,0,0,0,0,0,1,0,0
121454473,0.0,0.0,-1.0,0.0,0.0,0.0,1.0,1.0,nan,3,0.0,0.0,0.0,0.0,0.0,0.0,0.0,0.0,0.0,0.0,0.0,0,0,0,0,0,0,0,0,0,0,1,0,0
121754401,0.0,0.0,-1.0,0.0,0.0,0.0,1.0,1.0,nan,3,0.0,0.0,0.0,0.0,0.0,0.0,0.0,0.0,0.0,0.0,0.0,0,0,0,0,0,0,0,0,0,0,1,0,0
122354798,0.0,0.0,-1.0,0.0,0.0,0.0,1.0,1.0,nan,3,0.0,0.0,0.0,0.0,0.0,0.0,0.0,0.0,0.0,0.0,0.0,0,0,0,0,0,0,0,0,0,0,1,0,0
122654732,0.0,0.0,-1.0,0.0,0.0,0.0,1.0,1.0,nan,3,0.0,0.0,0.0,0.0,0.0,0.0,0.0,0.0,0.0,0.0,0.0,0,0,0,0,0,0,0,0,0,0,1,0,0
123254339,0.0,0.0,-1.0,0.0,0.0,0.0,1.0,1.0,nan,3,0.0,0.0,0.0,0.0,0.0,0.0,0.0,0.0,0.0,0.0,0.0,0,0,0,0,0,0,0,0,0,0,1,0,0
124154380,0.0,0.0,-1.0,0.0,0.0,0.0,1.0,1.0,nan,3,0.0,0.0,0.0,0.0,0.0,0.0,0.0,0.0,0.0,0.0,0.0,0,0,0,0,0,0,0,0,0,0,1,0,0
125354950,0.0,0.0,-1.0,0.0,0.0,0.0,1.0,1.0,nan,3,0.0,0.0,0.0,0.0,0.0,0.0,0.0,0.0,0.0,0.0,0.0,0,0,0,0,0,0,0,0,0,0,1,0,0
126255246,0.0,0.0,-1.0,0.0,0.0,0.0,1.0,1.0,nan,3,0.0,0.0,0.0,0.0,0.0,0.0,0.0,0.0,0.0,0.0,0.0,0,0,0,0,0,0,0,0,0,0,1,0,0
127754344,0.0,0.0,-1.0,0.0,0.0,0.0,1.0,1.0,nan,3,0.0,0.0,0.0,0.0,0.0,0.0,0.0,0.0,0.0,0.0,0.0,0,0,0,0,0,0,0,0,0,0,1,0,0
129254341,0.0,0.0,-1.0,0.0,0.0,0.0,1.0,1.0,nan,3,0.0,0.0,0.0,0.0,0.0,0.0,0.0,0.0,0.0,0.0,0.0,0,0,0,0,0,0,0,0,0,0,1,0,0
129554350,0.0,0.0,-1.0,0.0,0.0,0.0,1.0,1.0,nan,3,0.0,0.0,0.0,0.0,0.0,0.0,0.0,0.0,0.0,0.0,0.0,0,0,0,0,0,0,0,0,0,0,1,0,0
129854442,0.0,0.0,-1.0,0.0,0.0,0.0,1.0,1.0,nan,3,0.0,0.0,0.0,0.0,0.0,0.0,0.0,0.0,0.0,0.0,0.0,0,0,0,0,0,0,0,0,0,0,1,0,0
131054396,0.0,0.0,-1.0,0.0,0.0,0.0,1.0,1.0,nan,3,0.0,0.0,0.0,0.0,0.0,0.0,0.0,0.0,0.0,0.0,0.0,0,0,0,0,0,0,0,0,0,0,1,0,0
131354421,0.0,0.0,-1.0,0.0,0.0,0.0,1.0,1.0,nan,3,0.0,0.0,0.0,0.0,0.0,0.0,0.0,0.0,0.0,0.0,0.0,0,0,0,0,0,0,0,0,0,0,1,0,0
132254342,0.0,0.0,-1.0,0.0,0.0,0.0,1.0,1.0,nan,3,0.0,0.0,0.0,0.0,0.0,0.0,0.0,0.0,0.0,0.0,0.0,0,0,0,0,0,0,0,0,0,0,1,0,0
132554342,0.0,0.0,-1.0,0.0,0.0,0.0,1.0,1.0,nan,3,0.0,0.0,0.0,0.0,0.0,0.0,0.0,0.0,0.0,0.0,0.0,0,0,0,0,0,0,0,0,0,0,1,0,0
133154521,0.0,0.0,-1.0,0.0,0.0,0.0,1.0,1.0,nan,3,0.0,0.0,0.0,0.0,0.0,0.0,0.0,0.0,0.0,0.0,0.0,0,0,0,0,0,0,0,0,0,0,1,0,0
133754344,0.0,0.0,-1.0,0.0,0.0,0.0,1.0,1.0,nan,3,0.0,0.0,0.0,0.0,0.0,0.0,0.0,0.0,0.0,0.0,0.0,0,0,0,0,0,0,0,0,0,0,1,0,0
134354349,0.0,0.0,-1.0,0.0,0.0,0.0,1.0,1.0,nan,3,0.0,0.0,0.0,0.0,0.0,0.0,0.0,0.0,0.0,0.0,0.0,0,0,0,0,0,0,0,0,0,0,1,0,0
134654411,0.0,0.0,-1.0,0.0,0.0,0.0,1.0,1.0,nan,3,0.0,0.0,0.0,0.0,0.0,0.0,0.0,0.0,0.0,0.0,0.0,0,0,0,0,0,0,0,0,0,0,1,0,0
135254567,0.0,0.0,-1.0,0.0,0.0,0.0,1.0,1.0,nan,3,0.0,0.0,0.0,0.0,0.0,0.0,0.0,0.0,0.0,0.0,0.0,0,0,0,0,0,0,0,0,0,0,1,0,0
135554625,0.0,0.0,-1.0,0.0,0.0,0.0,1.0,1.0,nan,3,0.0,0.0,0.0,0.0,0.0,0.0,0.0,0.0,0.0,0.0,0.0,0,0,0,0,0,0,0,0,0,0,1,0,0
135854868,0.0,0.0,-1.0,0.0,0.0,0.0,1.0,1.0,nan,3,0.0,0.0,0.0,0.0,0.0,0.0,0.0,0.0,0.0,0.0,0.0,0,0,0,0,0,0,0,0,0,0,1,0,0
136454339,0.0,0.0,-1.0,0.0,0.0,0.0,1.0,1.0,nan,3,0.0,0.0,0.0,0.0,0.0,0.0,0.0,0.0,0.0,0.0,0.0,0,0,0,0,0,0,0,0,0,0,1,0,0
136754342,0.0,0.0,-1.0,0.0,0.0,0.0,1.0,1.0,nan,3,0.0,0.0,0.0,0.0,0.0,0.0,0.0,0.0,0.0,0.0,0.0,0,0,0,0,0,0,0,0,0,0,1,0,0
137354342,0.0,0.0,-1.0,0.0,0.0,0.0,1.0,1.0,nan,3,0.0,0.0,0.0,0.0,0.0,0.0,0.0,0.0,0.0,0.0,0.0,0,0,0,0,0,0,0,0,0,0,1,0,0
137954346,0.0,0.0,-1.0,0.0,0.0,0.0,1.0,1.0,nan,3,0.0,0.0,0.0,0.0,0.0,0.0,0.0,0.0,0.0,0.0,0.0,0,0,0,0,0,0,0,0,0,0,1,0,0
138554353,0.0,0.0,-1.0,0.0,0.0,0.0,1.0,1.0,nan,3,0.0,0.0,0.0,0.0,0.0,0.0,0.0,0.0,0.0,0.0,0.0,0,0,0,0,0,0,0,0,0,0,1,0,0
139154364,0.0,0.0,-1.0,0.0,0.0,0.0,1.0,1.0,nan,3,0.0,0.0,0.0,0.0,0.0,0.0,0.0,0.0,0.0,0.0,0.0,0,0,0,0,0,0,0,0,0,0,1,0,0
139454341,0.0,0.0,-1.0,0.0,0.0,0.0,1.0,1.0,nan,3,0.0,0.0,0.0,0.0,0.0,0.0,0.0,0.0,0.0,0.0,0.0,0,0,0,0,0,0,0,0,0,0,1,0,0
140354630,0.0,0.0,-1.0,0.0,0.0,0.0,1.0,1.0,nan,3,0.0,0.0,0.0,0.0,0.0,0.0,0.0,0.0,0.0,0.0,0.0,0,0,0,0,0,0,0,0,0,0,1,0,0
140654851,0.0,0.0,-1.0,0.0,0.0,0.0,1.0,1.0,nan,3,0.0,0.0,0.0,0.0,0.0,0.0,0.0,0.0,0.0,0.0,0.0,0,0,0,0,0,0,0,0,0,0,1,0,0
141554343,0.0,0.0,-1.0,0.0,0.0,0.0,1.0,1.0,nan,3,0.0,0.0,0.0,0.0,0.0,0.0,0.0,0.0,0.0,0.0,0.0,0,0,0,0,0,0,0,0,0,0,1,0,0
142454455,0.0,0.0,-1.0,0.0,0.0,0.0,1.0,1.0,nan,3,0.0,0.0,0.0,0.0,0.0,0.0,0.0,0.0,0.0,0.0,0.0,0,0,0,0,0,0,0,0,0,0,1,0,0
143054757,0.0,0.0,-1.0,0.0,0.0,0.0,1.0,1.0,nan,3,0.0,0.0,0.0,0.0,0.0,0.0,0.0,0.0,0.0,0.0,0.0,0,0,0,0,0,0,0,0,0,0,1,0,0
143355150,0.0,0.0,-1.0,0.0,0.0,0.0,1.0,1.0,nan,3,0.0,0.0,0.0,0.0,0.0,0.0,0.0,0.0,0.0,0.0,0.0,0,0,0,0,0,0,0,0,0,0,1,0,0
144255309,0.0,0.0,-1.0,0.0,0.0,0.0,1.0,1.0,nan,3,0.0,0.0,0.0,0.0,0.0,0.0,0.0,0.0,0.0,0.0,0.0,0,0,0,0,0,0,0,0,0,0,1,0,0
146654461,0.0,0.0,-1.0,0.0,0.0,0.0,1.0,1.0,nan,3,0.0,0.0,0.0,0.0,0.0,0.0,0.0,0.0,0.0,0.0,0.0,0,0,0,0,0,0,0,0,0,0,1,0,0
147254342,0.0,0.0,-1.0,0.0,0.0,0.0,1.0,1.0,nan,3,0.0,0.0,0.0,0.0,0.0,0.0,0.0,0.0,0.0,0.0,0.0,0,0,0,0,0,0,0,0,0,0,1,0,0
147554419,0.0,0.0,-1.0,0.0,0.0,0.0,1.0,1.0,nan,3,0.0,0.0,0.0,0.0,0.0,0.0,0.0,0.0,0.0,0.0,0.0,0,0,0,0,0,0,0,0,0,0,1,0,0
148154384,0.0,0.0,-1.0,0.0,0.0,0.0,1.0,1.0,nan,3,0.0,0.0,0.0,0.0,0.0,0.0,0.0,0.0,0.0,0.0,0.0,0,0,0,0,0,0,0,0,0,0,1,0,0
148754495,0.0,0.0,-1.0,0.0,0.0,0.0,1.0,1.0,nan,3,0.0,0.0,0.0,0.0,0.0,0.0,0.0,0.0,0.0,0.0,0.0,0,0,0,0,0,0,0,0,0,0,1,0,0
149054490,0.0,0.0,-1.0,0.0,0.0,0.0,1.0,1.0,nan,3,0.0,0.0,0.0,0.0,0.0,0.0,0.0,0.0,0.0,0.0,0.0,0,0,0,0,0,0,0,0,0,0,1,0,0
149654358,0.0,0.0,-1.0,0.0,0.0,0.0,1.0,1.0,nan,3,0.0,0.0,0.0,0.0,0.0,0.0,0.0,0.0,0.0,0.0,0.0,0,0,0,0,0,0,0,0,0,0,1,0,0
149954352,0.0,0.0,-1.0,0.0,0.0,0.0,1.0,1.0,nan,3,0.0,0.0,0.0,0.0,0.0,0.0,0.0,0.0,0.0,0.0,0.0,0,0,0,0,0,0,0,0,0,0,1,0,0
150254368,0.0,0.0,-1.0,0.0,0.0,0.0,1.0,1.0,nan,3,0.0,0.0,0.0,0.0,0.0,0.0,0.0,0.0,0.0,0.0,0.0,0,0,0,0,0,0,0,0,0,0,1,0,0
150554342,0.0,0.0,-1.0,0.0,0.0,0.0,1.0,1.0,nan,3,0.0,0.0,0.0,0.0,0.0,0.0,0.0,0.0,0.0,0.0,0.0,0,0,0,0,0,0,0,0,0,0,1,0,0
151154339,0.0,0.0,-1.0,0.0,0.0,0.0,1.0,1.0,nan,3,0.0,0.0,0.0,0.0,0.0,0.0,0.0,0.0,0.0,0.0,0.0,0,0,0,0,0,0,0,0,0,0,1,0,0
151754408,0.0,0.0,-1.0,0.0,0.0,0.0,1.0,1.0,nan,3,0.0,0.0,0.0,0.0,0.0,0.0,0.0,0.0,0.0,0.0,0.0,0,0,0,0,0,0,0,0,0,0,1,0,0
152054502,0.0,0.0,-1.0,0.0,0.0,0.0,1.0,1.0,nan,3,0.0,0.0,0.0,0.0,0.0,0.0,0.0,0.0,0.0,0.0,0.0,0,0,0,0,0,0,0,0,0,0,1,0,0
152354346,0.0,0.0,-1.0,0.0,0.0,0.0,1.0,1.0,nan,3,0.0,0.0,0.0,0.0,0.0,0.0,0.0,0.0,0.0,0.0,0.0,0,0,0,0,0,0,0,0,0,0,1,0,0
152654348,0.0,0.0,-1.0,0.0,0.0,0.0,1.0,1.0,nan,3,0.0,0.0,0.0,0.0,0.0,0.0,0.0,0.0,0.0,0.0,0.0,0,0,0,0,0,0,0,0,0,0,1,0,0
153254687,0.0,0.0,-1.0,0.0,0.0,0.0,1.0,1.0,nan,3,0.0,0.0,0.0,0.0,0.0,0.0,0.0,0.0,0.0,0.0,0.0,0,0,0,0,0,0,0,0,0,0,1,0,0
153554948,0.0,0.0,-1.0,0.0,0.0,0.0,1.0,1.0,nan,3,0.0,0.0,0.0,0.0,0.0,0.0,0.0,0.0,0.0,0.0,0.0,0,0,0,0,0,0,0,0,0,0,1,0,0
154454340,0.0,0.0,-1.0,0.0,0.0,0.0,1.0,1.0,nan,3,0.0,0.0,0.0,0.0,0.0,0.0,0.0,0.0,0.0,0.0,0.0,0,0,0,0,0,0,0,0,0,0,1,0,0
155054403,0.0,0.0,-1.0,0.0,0.0,0.0,1.0,1.0,nan,3,0.0,0.0,0.0,0.0,0.0,0.0,0.0,0.0,0.0,0.0,0.0,0,0,0,0,0,0,0,0,0,0,1,0,0
155354641,0.0,0.0,-1.0,0.0,0.0,0.0,1.0,1.0,nan,3,0.0,0.0,0.0,0.0,0.0,0.0,0.0,0.0,0.0,0.0,0.0,0,0,0,0,0,0,0,0,0,0,1,0,0
155654342,0.0,0.0,-1.0,0.0,0.0,0.0,1.0,1.0,nan,3,0.0,0.0,0.0,0.0,0.0,0.0,0.0,0.0,0.0,0.0,0.0,0,0,0,0,0,0,0,0,0,0,1,0,0
156554343,0.0,0.0,-1.0,0.0,0.0,0.0,1.0,1.0,nan,3,0.0,0.0,0.0,0.0,0.0,0.0,0.0,0.0,0.0,0.0,0.0,0,0,0,0,0,0,0,0,0,0,1,0,0
156854399,0.0,0.0,-1.0,0.0,0.0,0.0,1.0,1.0,nan,3,0.0,0.0,0.0,0.0,0.0,0.0,0.0,0.0,0.0,0.0,0.0,0,0,0,0,0,0,0,0,0,0,1,0,0
157154424,0.0,0.0,-1.0,0.0,0.0,0.0,1.0,1.0,nan,3,0.0,0.0,0.0,0.0,0.0,0.0,0.0,0.0,0.0,0.0,0.0,0,0,0,0,0,0,0,0,0,0,1,0,0
157754428,0.0,0.0,-1.0,0.0,0.0,0.0,1.0,1.0,nan,3,0.0,0.0,0.0,0.0,0.0,0.0,0.0,0.0,0.0,0.0,0.0,0,0,0,0,0,0,0,0,0,0,1,0,0
158654342,0.0,0.0,-1.0,0.0,0.0,0.0,1.0,1.0,nan,3,0.0,0.0,0.0,0.0,0.0,0.0,0.0,0.0,0.0,0.0,0.0,0,0,0,0,0,0,0,0,0,0,1,0,0
158954344,0.0,0.0,-1.0,0.0,0.0,0.0,1.0,1.0,nan,3,0.0,0.0,0.0,0.0,0.0,0.0,0.0,0.0,0.0,0.0,0.0,0,0,0,0,0,0,0,0,0,0,1,0,0
159854762,0.0,0.0,-1.0,0.0,0.0,0.0,1.0,1.0,nan,3,0.0,0.0,0.0,0.0,0.0,0.0,0.0,0.0,0.0,0.0,0.0,0,0,0,0,0,0,0,0,0,0,1,0,0
160154359,0.0,0.0,-1.0,0.0,0.0,0.0,1.0,1.0,nan,3,0.0,0.0,0.0,0.0,0.0,0.0,0.0,0.0,0.0,0.0,0.0,0,0,0,0,0,0,0,0,0,0,1,0,0
160754945,0.0,0.0,-1.0,0.0,0.0,0.0,1.0,1.0,nan,3,0.0,0.0,0.0,0.0,0.0,0.0,0.0,0.0,0.0,0.0,0.0,0,0,0,0,0,0,0,0,0,0,1,0,0
161055112,0.0,0.0,-1.0,0.0,0.0,0.0,1.0,1.0,nan,3,0.0,0.0,0.0,0.0,0.0,0.0,0.0,0.0,0.0,0.0,0.0,0,0,0,0,0,0,0,0,0,0,1,0,0
161355515,0.0,0.0,-1.0,0.0,0.0,0.0,1.0,1.0,nan,3,0.0,0.0,0.0,0.0,0.0,0.0,0.0,0.0,0.0,0.0,0.0,0,0,0,0,0,0,0,0,0,0,1,0,0
161655155,0.0,0.0,-1.0,0.0,0.0,0.0,1.0,1.0,nan,3,0.0,0.0,0.0,0.0,0.0,0.0,0.0,0.0,0.0,0.0,0.0,0,0,0,0,0,0,0,0,0,0,1,0,0
162255359,0.0,0.0,-1.0,0.0,0.0,0.0,1.0,1.0,nan,3,0.0,0.0,0.0,0.0,0.0,0.0,0.0,0.0,0.0,0.0,0.0,0,0,0,0,0,0,0,0,0,0,1,0,0
162556115,0.0,0.0,-1.0,0.0,0.0,0.0,1.0,1.0,nan,3,0.0,0.0,0.0,0.0,0.0,0.0,0.0,0.0,0.0,0.0,0.0,0,0,0,0,0,0,0,0,0,0,1,0,0
162854390,0.0,0.0,-1.0,0.0,0.0,0.0,1.0,1.0,nan,3,0.0,0.0,0.0,0.0,0.0,0.0,0.0,0.0,0.0,0.0,0.0,0,0,0,0,0,0,0,0,0,0,1,0,0
163454346,0.0,0.0,-1.0,0.0,0.0,0.0,1.0,1.0,nan,3,0.0,0.0,0.0,0.0,0.0,0.0,0.0,0.0,0.0,0.0,0.0,0,0,0,0,0,0,0,0,0,0,1,0,0
163754383,0.0,0.0,-1.0,0.0,0.0,0.0,1.0,1.0,nan,3,0.0,0.0,0.0,0.0,0.0,0.0,0.0,0.0,0.0,0.0,0.0,0,0,0,0,0,0,0,0,0,0,1,0,0
164054342,0.0,0.0,-1.0,0.0,0.0,0.0,1.0,1.0,nan,3,0.0,0.0,0.0,0.0,0.0,0.0,0.0,0.0,0.0,0.0,0.0,0,0,0,0,0,0,0,0,0,0,1,0,0
165254360,0.0,0.0,-1.0,0.0,0.0,0.0,1.0,1.0,nan,3,0.0,0.0,0.0,0.0,0.0,0.0,0.0,0.0,0.0,0.0,0.0,0,0,0,0,0,0,0,0,0,0,1,0,0
169154343,0.0,0.0,-1.0,0.0,0.0,0.0,1.0,1.0,nan,3,0.0,0.0,0.0,0.0,0.0,0.0,0.0,0.0,0.0,0.0,0.0,0,0,0,0,0,0,0,0,0,0,1,0,0
169454342,0.0,0.0,-1.0,0.0,0.0,0.0,1.0,1.0,nan,3,0.0,0.0,0.0,0.0,0.0,0.0,0.0,0.0,0.0,0.0,0.0,0,0,0,0,0,0,0,0,0,0,1,0,0
170054393,0.0,0.0,-1.0,0.0,0.0,0.0,1.0,1.0,nan,3,0.0,0.0,0.0,0.0,0.0,0.0,0.0,0.0,0.0,0.0,0.0,0,0,0,0,0,0,0,0,0,0,1,0,0
170354472,0.0,0.0,-1.0,0.0,0.0,0.0,1.0,1.0,nan,3,0.0,0.0,0.0,0.0,0.0,0.0,0.0,0.0,0.0,0.0,0.0,0,0,0,0,0,0,0,0,0,0,1,0,0
170654688,0.0,0.0,-1.0,0.0,0.0,0.0,1.0,1.0,nan,3,0.0,0.0,0.0,0.0,0.0,0.0,0.0,0.0,0.0,0.0,0.0,0,0,0,0,0,0,0,0,0,0,1,0,0
171554339,0.0,0.0,-1.0,0.0,0.0,0.0,1.0,1.0,nan,3,0.0,0.0,0.0,0.0,0.0,0.0,0.0,0.0,0.0,0.0,0.0,0,0,0,0,0,0,0,0,0,0,1,0,0
171854346,0.0,0.0,-1.0,0.0,0.0,0.0,1.0,1.0,nan,3,0.0,0.0,0.0,0.0,0.0,0.0,0.0,0.0,0.0,0.0,0.0,0,0,0,0,0,0,0,0,0,0,1,0,0
172154345,0.0,0.0,-1.0,0.0,0.0,0.0,1.0,1.0,nan,3,0.0,0.0,0.0,0.0,0.0,0.0,0.0,0.0,0.0,0.0,0.0,0,0,0,0,0,0,0,0,0,0,1,0,0
173954452,0.0,0.0,-1.0,0.0,0.0,0.0,1.0,1.0,nan,3,0.0,0.0,0.0,0.0,0.0,0.0,0.0,0.0,0.0,0.0,0.0,0,0,0,0,0,0,0,0,0,0,1,0,0
174554423,0.0,0.0,-1.0,0.0,0.0,0.0,1.0,1.0,nan,3,0.0,0.0,0.0,0.0,0.0,0.0,0.0,0.0,0.0,0.0,0.0,0,0,0,0,0,0,0,0,0,0,1,0,0
174854359,0.0,0.0,-1.0,0.0,0.0,0.0,1.0,1.0,nan,3,0.0,0.0,0.0,0.0,0.0,0.0,0.0,0.0,0.0,0.0,0.0,0,0,0,0,0,0,0,0,0,0,1,0,0
175154584,0.0,0.0,-1.0,0.0,0.0,0.0,1.0,1.0,nan,3,0.0,0.0,0.0,0.0,0.0,0.0,0.0,0.0,0.0,0.0,0.0,0,0,0,0,0,0,0,0,0,0,1,0,0
175454618,0.0,0.0,-1.0,0.0,0.0,0.0,1.0,1.0,nan,3,0.0,0.0,0.0,0.0,0.0,0.0,0.0,0.0,0.0,0.0,0.0,0,0,0,0,0,0,0,0,0,0,1,0,0
175754365,0.0,0.0,-1.0,0.0,0.0,0.0,1.0,1.0,nan,3,0.0,0.0,0.0,0.0,0.0,0.0,0.0,0.0,0.0,0.0,0.0,0,0,0,0,0,0,0,0,0,0,1,0,0
176954699,0.0,0.0,-1.0,0.0,0.0,0.0,1.0,1.0,nan,3,0.0,0.0,0.0,0.0,0.0,0.0,0.0,0.0,0.0,0.0,0.0,0,0,0,0,0,0,0,0,0,0,1,0,0
177254349,0.0,0.0,-1.0,0.0,0.0,0.0,1.0,1.0,nan,3,0.0,0.0,0.0,0.0,0.0,0.0,0.0,0.0,0.0,0.0,0.0,0,0,0,0,0,0,0,0,0,0,1,0,0
177554424,0.0,0.0,-1.0,0.0,0.0,0.0,1.0,1.0,nan,3,0.0,0.0,0.0,0.0,0.0,0.0,0.0,0.0,0.0,0.0,0.0,0,0,0,0,0,0,0,0,0,0,1,0,0
177854693,0.0,0.0,-1.0,0.0,0.0,0.0,1.0,1.0,nan,3,0.0,0.0,0.0,0.0,0.0,0.0,0.0,0.0,0.0,0.0,0.0,0,0,0,0,0,0,0,0,0,0,1,0,0
178154867,0.0,0.0,-1.0,0.0,0.0,0.0,1.0,1.0,nan,3,0.0,0.0,0.0,0.0,0.0,0.0,0.0,0.0,0.0,0.0,0.0,0,0,0,0,0,0,0,0,0,0,1,0,0
178755211,0.0,0.0,-1.0,0.0,0.0,0.0,1.0,1.0,nan,3,0.0,0.0,0.0,0.0,0.0,0.0,0.0,0.0,0.0,0.0,0.0,0,0,0,0,0,0,0,0,0,0,1,0,0
179055141,0.0,0.0,-1.0,0.0,0.0,0.0,1.0,1.0,nan,3,0.0,0.0,0.0,0.0,0.0,0.0,0.0,0.0,0.0,0.0,0.0,0,0,0,0,0,0,0,0,0,0,1,0,0
179355267,0.0,0.0,-1.0,0.0,0.0,0.0,1.0,1.0,nan,3,0.0,0.0,0.0,0.0,0.0,0.0,0.0,0.0,0.0,0.0,0.0,0,0,0,0,0,0,0,0,0,0,1,0,0
179656093,0.0,0.0,-1.0,0.0,0.0,0.0,1.0,1.0,nan,3,0.0,0.0,0.0,0.0,0.0,0.0,0.0,0.0,0.0,0.0,0.0,0,0,0,0,0,0,0,0,0,0,1,0,0
180254357,0.0,0.0,-1.0,0.0,0.0,0.0,1.0,1.0,nan,3,0.0,0.0,0.0,0.0,0.0,0.0,0.0,0.0,0.0,0.0,0.0,0,0,0,0,0,0,0,0,0,0,1,0,0
180854345,0.0,0.0,-1.0,0.0,0.0,0.0,1.0,1.0,nan,3,0.0,0.0,0.0,0.0,0.0,0.0,0.0,0.0,0.0,0.0,0.0,0,0,0,0,0,0,0,0,0,0,1,0,0
181454339,0.0,0.0,-1.0,0.0,0.0,0.0,1.0,1.0,nan,3,0.0,0.0,0.0,0.0,0.0,0.0,0.0,0.0,0.0,0.0,0.0,0,0,0,0,0,0,0,0,0,0,1,0,0
182354399,0.0,0.0,-1.0,0.0,0.0,0.0,1.0,1.0,nan,3,0.0,0.0,0.0,0.0,0.0,0.0,0.0,0.0,0.0,0.0,0.0,0,0,0,0,0,0,0,0,0,0,1,0,0
182654339,0.0,0.0,-1.0,0.0,0.0,0.0,1.0,1.0,nan,3,0.0,0.0,0.0,0.0,0.0,0.0,0.0,0.0,0.0,0.0,0.0,0,0,0,0,0,0,0,0,0,0,1,0,0
183554393,0.0,0.0,-1.0,0.0,0.0,0.0,1.0,1.0,nan,3,0.0,0.0,0.0,0.0,0.0,0.0,0.0,0.0,0.0,0.0,0.0,0,0,0,0,0,0,0,0,0,0,1,0,0
184154757,0.0,0.0,-1.0,0.0,0.0,0.0,1.0,1.0,nan,3,0.0,0.0,0.0,0.0,0.0,0.0,0.0,0.0,0.0,0.0,0.0,0,0,0,0,0,0,0,0,0,0,1,0,0
184754356,0.0,0.0,-1.0,0.0,0.0,0.0,1.0,1.0,nan,3,0.0,0.0,0.0,0.0,0.0,0.0,0.0,0.0,0.0,0.0,0.0,0,0,0,0,0,0,0,0,0,0,1,0,0
185054342,0.0,0.0,-1.0,0.0,0.0,0.0,1.0,1.0,nan,3,0.0,0.0,0.0,0.0,0.0,0.0,0.0,0.0,0.0,0.0,0.0,0,0,0,0,0,0,0,0,0,0,1,0,0
185354444,0.0,0.0,-1.0,0.0,0.0,0.0,1.0,1.0,nan,3,0.0,0.0,0.0,0.0,0.0,0.0,0.0,0.0,0.0,0.0,0.0,0,0,0,0,0,0,0,0,0,0,1,0,0
186254342,0.0,0.0,-1.0,0.0,0.0,0.0,1.0,1.0,nan,3,0.0,0.0,0.0,0.0,0.0,0.0,0.0,0.0,0.0,0.0,0.0,0,0,0,0,0,0,0,0,0,0,1,0,0
186554390,0.0,0.0,-1.0,0.0,0.0,0.0,1.0,1.0,nan,3,0.0,0.0,0.0,0.0,0.0,0.0,0.0,0.0,0.0,0.0,0.0,0,0,0,0,0,0,0,0,0,0,1,0,0
187754822,0.0,0.0,-1.0,0.0,0.0,0.0,1.0,1.0,nan,3,0.0,0.0,0.0,0.0,0.0,0.0,0.0,0.0,0.0,0.0,0.0,0,0,0,0,0,0,0,0,0,0,1,0,0
188054921,0.0,0.0,-1.0,0.0,0.0,0.0,1.0,1.0,nan,3,0.0,0.0,0.0,0.0,0.0,0.0,0.0,0.0,0.0,0.0,0.0,0,0,0,0,0,0,0,0,0,0,1,0,0
188354954,0.0,0.0,-1.0,0.0,0.0,0.0,1.0,1.0,nan,3,0.0,0.0,0.0,0.0,0.0,0.0,0.0,0.0,0.0,0.0,0.0,0,0,0,0,0,0,0,0,0,0,1,0,0
189254342,0.0,0.0,-1.0,0.0,0.0,0.0,1.0,1.0,nan,3,0.0,0.0,0.0,0.0,0.0,0.0,0.0,0.0,0.0,0.0,0.0,0,0,0,0,0,0,0,0,0,0,1,0,0
189554379,0.0,0.0,-1.0,0.0,0.0,0.0,1.0,1.0,nan,3,0.0,0.0,0.0,0.0,0.0,0.0,0.0,0.0,0.0,0.0,0.0,0,0,0,0,0,0,0,0,0,0,1,0,0
189854342,0.0,0.0,-1.0,0.0,0.0,0.0,1.0,1.0,nan,3,0.0,0.0,0.0,0.0,0.0,0.0,0.0,0.0,0.0,0.0,0.0,0,0,0,0,0,0,0,0,0,0,1,0,0
190154342,0.0,0.0,-1.0,0.0,0.0,0.0,1.0,1.0,nan,3,0.0,0.0,0.0,0.0,0.0,0.0,0.0,0.0,0.0,0.0,0.0,0,0,0,0,0,0,0,0,0,0,1,0,0
190754433,0.0,0.0,-1.0,0.0,0.0,0.0,1.0,1.0,nan,3,0.0,0.0,0.0,0.0,0.0,0.0,0.0,0.0,0.0,0.0,0.0,0,0,0,0,0,0,0,0,0,0,1,0,0
191054394,0.0,0.0,-1.0,0.0,0.0,0.0,1.0,1.0,nan,3,0.0,0.0,0.0,0.0,0.0,0.0,0.0,0.0,0.0,0.0,0.0,0,0,0,0,0,0,0,0,0,0,1,0,0
191654380,0.0,0.0,-1.0,0.0,0.0,0.0,1.0,1.0,nan,3,0.0,0.0,0.0,0.0,0.0,0.0,0.0,0.0,0.0,0.0,0.0,0,0,0,0,0,0,0,0,0,0,1,0,0
191954345,0.0,0.0,-1.0,0.0,0.0,0.0,1.0,1.0,nan,3,0.0,0.0,0.0,0.0,0.0,0.0,0.0,0.0,0.0,0.0,0.0,0,0,0,0,0,0,0,0,0,0,1,0,0
192254479,0.0,0.0,-1.0,0.0,0.0,0.0,1.0,1.0,nan,3,0.0,0.0,0.0,0.0,0.0,0.0,0.0,0.0,0.0,0.0,0.0,0,0,0,0,0,0,0,0,0,0,1,0,0
192554609,0.0,0.0,-1.0,0.0,0.0,0.0,1.0,1.0,nan,3,0.0,0.0,0.0,0.0,0.0,0.0,0.0,0.0,0.0,0.0,0.0,0,0,0,0,0,0,0,0,0,0,1,0,0
192854344,0.0,0.0,-1.0,0.0,0.0,0.0,1.0,1.0,nan,3,0.0,0.0,0.0,0.0,0.0,0.0,0.0,0.0,0.0,0.0,0.0,0,0,0,0,0,0,0,0,0,0,1,0,0
193154358,0.0,0.0,-1.0,0.0,0.0,0.0,1.0,1.0,nan,3,0.0,0.0,0.0,0.0,0.0,0.0,0.0,0.0,0.0,0.0,0.0,0,0,0,0,0,0,0,0,0,0,1,0,0
193454342,0.0,0.0,-1.0,0.0,0.0,0.0,1.0,1.0,nan,3,0.0,0.0,0.0,0.0,0.0,0.0,0.0,0.0,0.0,0.0,0.0,0,0,0,0,0,0,0,0,0,0,1,0,0
194054343,0.0,0.0,-1.0,0.0,0.0,0.0,1.0,1.0,nan,3,0.0,0.0,0.0,0.0,0.0,0.0,0.0,0.0,0.0,0.0,0.0,0,0,0,0,0,0,0,0,0,0,1,0,0
194654386,0.0,0.0,-1.0,0.0,0.0,0.0,1.0,1.0,nan,3,0.0,0.0,0.0,0.0,0.0,0.0,0.0,0.0,0.0,0.0,0.0,0,0,0,0,0,0,0,0,0,0,1,0,0
194954787,0.0,0.0,-1.0,0.0,0.0,0.0,1.0,1.0,nan,3,0.0,0.0,0.0,0.0,0.0,0.0,0.0,0.0,0.0,0.0,0.0,0,0,0,0,0,0,0,0,0,0,1,0,0
195555193,0.0,0.0,-1.0,0.0,0.0,0.0,1.0,1.0,nan,3,0.0,0.0,0.0,0.0,0.0,0.0,0.0,0.0,0.0,0.0,0.0,0,0,0,0,0,0,0,0,0,0,1,0,0
197354342,0.0,0.0,-1.0,0.0,0.0,0.0,1.0,1.0,nan,3,0.0,0.0,0.0,0.0,0.0,0.0,0.0,0.0,0.0,0.0,0.0,0,0,0,0,0,0,0,0,0,0,1,0,0
197654344,0.0,0.0,-1.0,0.0,0.0,0.0,1.0,1.0,nan,3,0.0,0.0,0.0,0.0,0.0,0.0,0.0,0.0,0.0,0.0,0.0,0,0,0,0,0,0,0,0,0,0,1,0,0
200054359,0.0,0.0,-1.0,0.0,0.0,0.0,1.0,1.0,nan,3,0.0,0.0,0.0,0.0,0.0,0.0,0.0,0.0,0.0,0.0,0.0,0,0,0,0,0,0,0,0,0,0,1,0,0
201854397,0.0,0.0,-1.0,0.0,0.0,0.0,1.0,1.0,nan,3,0.0,0.0,0.0,0.0,0.0,0.0,0.0,0.0,0.0,0.0,0.0,0,0,0,0,0,0,0,0,0,0,1,0,0
202454443,0.0,0.0,-1.0,0.0,0.0,0.0,1.0,1.0,nan,3,0.0,0.0,0.0,0.0,0.0,0.0,0.0,0.0,0.0,0.0,0.0,0,0,0,0,0,0,0,0,0,0,1,0,0
203354452,0.0,0.0,-1.0,0.0,0.0,0.0,1.0,1.0,nan,3,0.0,0.0,0.0,0.0,0.0,0.0,0.0,0.0,0.0,0.0,0.0,0,0,0,0,0,0,0,0,0,0,1,0,0
204254499,0.0,0.0,-1.0,0.0,0.0,0.0,1.0,1.0,nan,3,0.0,0.0,0.0,0.0,0.0,0.0,0.0,0.0,0.0,0.0,0.0,0,0,0,0,0,0,0,0,0,0,1,0,0
205454343,0.0,0.0,-1.0,0.0,0.0,0.0,1.0,1.0,nan,3,0.0,0.0,0.0,0.0,0.0,0.0,0.0,0.0,0.0,0.0,0.0,0,0,0,0,0,0,0,0,0,0,1,0,0
206054343,0.0,0.0,-1.0,0.0,0.0,0.0,1.0,1.0,nan,3,0.0,0.0,0.0,0.0,0.0,0.0,0.0,0.0,0.0,0.0,0.0,0,0,0,0,0,0,0,0,0,0,1,0,0
206954341,0.0,0.0,-1.0,0.0,0.0,0.0,1.0,1.0,nan,3,0.0,0.0,0.0,0.0,0.0,0.0,0.0,0.0,0.0,0.0,0.0,0,0,0,0,0,0,0,0,0,0,1,0,0
207254377,0.0,0.0,-1.0,0.0,0.0,0.0,1.0,1.0,nan,3,0.0,0.0,0.0,0.0,0.0,0.0,0.0,0.0,0.0,0.0,0.0,0,0,0,0,0,0,0,0,0,0,1,0,0
207554449,0.0,0.0,-1.0,0.0,0.0,0.0,1.0,1.0,nan,3,0.0,0.0,0.0,0.0,0.0,0.0,0.0,0.0,0.0,0.0,0.0,0,0,0,0,0,0,0,0,0,0,1,0,0
207854342,0.0,0.0,-1.0,0.0,0.0,0.0,1.0,1.0,nan,3,0.0,0.0,0.0,0.0,0.0,0.0,0.0,0.0,0.0,0.0,0.0,0,0,0,0,0,0,0,0,0,0,1,0,0
208454360,0.0,0.0,-1.0,0.0,0.0,0.0,1.0,1.0,nan,3,0.0,0.0,0.0,0.0,0.0,0.0,0.0,0.0,0.0,0.0,0.0,0,0,0,0,0,0,0,0,0,0,1,0,0
209354566,0.0,0.0,-1.0,0.0,0.0,0.0,1.0,1.0,nan,3,0.0,0.0,0.0,0.0,0.0,0.0,0.0,0.0,0.0,0.0,0.0,0,0,0,0,0,0,0,0,0,0,1,0,0
209654353,0.0,0.0,-1.0,0.0,0.0,0.0,1.0,1.0,nan,3,0.0,0.0,0.0,0.0,0.0,0.0,0.0,0.0,0.0,0.0,0.0,0,0,0,0,0,0,0,0,0,0,1,0,0
209954342,0.0,0.0,-1.0,0.0,0.0,0.0,1.0,1.0,nan,3,0.0,0.0,0.0,0.0,0.0,0.0,0.0,0.0,0.0,0.0,0.0,0,0,0,0,0,0,0,0,0,0,1,0,0
210554372,0.0,0.0,-1.0,0.0,0.0,0.0,1.0,1.0,nan,3,0.0,0.0,0.0,0.0,0.0,0.0,0.0,0.0,0.0,0.0,0.0,0,0,0,0,0,0,0,0,0,0,1,0,0
211154396,0.0,0.0,-1.0,0.0,0.0,0.0,1.0,1.0,nan,3,0.0,0.0,0.0,0.0,0.0,0.0,0.0,0.0,0.0,0.0,0.0,0,0,0,0,0,0,0,0,0,0,1,0,0
211754595,0.0,0.0,-1.0,0.0,0.0,0.0,1.0,1.0,nan,3,0.0,0.0,0.0,0.0,0.0,0.0,0.0,0.0,0.0,0.0,0.0,0,0,0,0,0,0,0,0,0,0,1,0,0
212355369,0.0,0.0,-1.0,0.0,0.0,0.0,1.0,1.0,nan,3,0.0,0.0,0.0,0.0,0.0,0.0,0.0,0.0,0.0,0.0,0.0,0,0,0,0,0,0,0,0,0,0,1,0,0
213255347,0.0,0.0,-1.0,0.0,0.0,0.0,1.0,1.0,nan,3,0.0,0.0,0.0,0.0,0.0,0.0,0.0,0.0,0.0,0.0,0.0,0,0,0,0,0,0,0,0,0,0,1,0,0
215054394,0.0,0.0,-1.0,0.0,0.0,0.0,1.0,1.0,nan,3,0.0,0.0,0.0,0.0,0.0,0.0,0.0,0.0,0.0,0.0,0.0,0,0,0,0,0,0,0,0,0,0,1,0,0
215354349,0.0,0.0,-1.0,0.0,0.0,0.0,1.0,1.0,nan,3,0.0,0.0,0.0,0.0,0.0,0.0,0.0,0.0,0.0,0.0,0.0,0,0,0,0,0,0,0,0,0,0,1,0,0
216254477,0.0,0.0,-1.0,0.0,0.0,0.0,1.0,1.0,nan,3,0.0,0.0,0.0,0.0,0.0,0.0,0.0,0.0,0.0,0.0,0.0,0,0,0,0,0,0,0,0,0,0,1,0,0
216554339,0.0,0.0,-1.0,0.0,0.0,0.0,1.0,1.0,nan,3,0.0,0.0,0.0,0.0,0.0,0.0,0.0,0.0,0.0,0.0,0.0,0,0,0,0,0,0,0,0,0,0,1,0,0
217154341,0.0,0.0,-1.0,0.0,0.0,0.0,1.0,1.0,nan,3,0.0,0.0,0.0,0.0,0.0,0.0,0.0,0.0,0.0,0.0,0.0,0,0,0,0,0,0,0,0,0,0,1,0,0
217754722,0.0,0.0,-1.0,0.0,0.0,0.0,1.0,1.0,nan,3,0.0,0.0,0.0,0.0,0.0,0.0,0.0,0.0,0.0,0.0,0.0,0,0,0,0,0,0,0,0,0,0,1,0,0
218354412,0.0,0.0,-1.0,0.0,0.0,0.0,1.0,1.0,nan,3,0.0,0.0,0.0,0.0,0.0,0.0,0.0,0.0,0.0,0.0,0.0,0,0,0,0,0,0,0,0,0,0,1,0,0
218654394,0.0,0.0,-1.0,0.0,0.0,0.0,1.0,1.0,nan,3,0.0,0.0,0.0,0.0,0.0,0.0,0.0,0.0,0.0,0.0,0.0,0,0,0,0,0,0,0,0,0,0,1,0,0
218954444,0.0,0.0,-1.0,0.0,0.0,0.0,1.0,1.0,nan,3,0.0,0.0,0.0,0.0,0.0,0.0,0.0,0.0,0.0,0.0,0.0,0,0,0,0,0,0,0,0,0,0,1,0,0
219254464,0.0,0.0,-1.0,0.0,0.0,0.0,1.0,1.0,nan,3,0.0,0.0,0.0,0.0,0.0,0.0,0.0,0.0,0.0,0.0,0.0,0,0,0,0,0,0,0,0,0,0,1,0,0
219854487,0.0,0.0,-1.0,0.0,0.0,0.0,1.0,1.0,nan,3,0.0,0.0,0.0,0.0,0.0,0.0,0.0,0.0,0.0,0.0,0.0,0,0,0,0,0,0,0,0,0,0,1,0,0
220454399,0.0,0.0,-1.0,0.0,0.0,0.0,1.0,1.0,nan,3,0.0,0.0,0.0,0.0,0.0,0.0,0.0,0.0,0.0,0.0,0.0,0,0,0,0,0,0,0,0,0,0,1,0,0
221955363,0.0,0.0,-1.0,0.0,0.0,0.0,1.0,1.0,nan,3,0.0,0.0,0.0,0.0,0.0,0.0,0.0,0.0,0.0,0.0,0.0,0,0,0,0,0,0,0,0,0,0,1,0,0
222854347,0.0,0.0,-1.0,0.0,0.0,0.0,1.0,1.0,nan,3,0.0,0.0,0.0,0.0,0.0,0.0,0.0,0.0,0.0,0.0,0.0,0,0,0,0,0,0,0,0,0,0,1,0,0
224354541,0.0,0.0,-1.0,0.0,0.0,0.0,1.0,1.0,nan,3,0.0,0.0,0.0,0.0,0.0,0.0,0.0,0.0,0.0,0.0,0.0,0,0,0,0,0,0,0,0,0,0,1,0,0
224954394,0.0,0.0,-1.0,0.0,0.0,0.0,1.0,1.0,nan,3,0.0,0.0,0.0,0.0,0.0,0.0,0.0,0.0,0.0,0.0,0.0,0,0,0,0,0,0,0,0,0,0,1,0,0
225554556,0.0,0.0,-1.0,0.0,0.0,0.0,1.0,1.0,nan,3,0.0,0.0,0.0,0.0,0.0,0.0,0.0,0.0,0.0,0.0,0.0,0,0,0,0,0,0,0,0,0,0,1,0,0
226454343,0.0,0.0,-1.0,0.0,0.0,0.0,1.0,1.0,nan,3,0.0,0.0,0.0,0.0,0.0,0.0,0.0,0.0,0.0,0.0,0.0,0,0,0,0,0,0,0,0,0,0,1,0,0
226754422,0.0,0.0,-1.0,0.0,0.0,0.0,1.0,1.0,nan,3,0.0,0.0,0.0,0.0,0.0,0.0,0.0,0.0,0.0,0.0,0.0,0,0,0,0,0,0,0,0,0,0,1,0,0
227354357,0.0,0.0,-1.0,0.0,0.0,0.0,1.0,1.0,nan,3,0.0,0.0,0.0,0.0,0.0,0.0,0.0,0.0,0.0,0.0,0.0,0,0,0,0,0,0,0,0,0,0,1,0,0
227954350,0.0,0.0,-1.0,0.0,0.0,0.0,1.0,1.0,nan,3,0.0,0.0,0.0,0.0,0.0,0.0,0.0,0.0,0.0,0.0,0.0,0,0,0,0,0,0,0,0,0,0,1,0,0
228254405,0.0,0.0,-1.0,0.0,0.0,0.0,1.0,1.0,nan,3,0.0,0.0,0.0,0.0,0.0,0.0,0.0,0.0,0.0,0.0,0.0,0,0,0,0,0,0,0,0,0,0,1,0,0
229155362,0.0,0.0,-1.0,0.0,0.0,0.0,1.0,1.0,nan,3,0.0,0.0,0.0,0.0,0.0,0.0,0.0,0.0,0.0,0.0,0.0,0,0,0,0,0,0,0,0,0,0,1,0,0
229455542,0.0,0.0,-1.0,0.0,0.0,0.0,1.0,1.0,nan,3,0.0,0.0,0.0,0.0,0.0,0.0,0.0,0.0,0.0,0.0,0.0,0,0,0,0,0,0,0,0,0,0,1,0,0
230055530,0.0,0.0,-1.0,0.0,0.0,0.0,1.0,1.0,nan,3,0.0,0.0,0.0,0.0,0.0,0.0,0.0,0.0,0.0,0.0,0.0,0,0,0,0,0,0,0,0,0,0,1,0,0
230355912,0.0,0.0,-1.0,0.0,0.0,0.0,1.0,1.0,nan,3,0.0,0.0,0.0,0.0,0.0,0.0,0.0,0.0,0.0,0.0,0.0,0,0,0,0,0,0,0,0,0,0,1,0,0
230954356,0.0,0.0,-1.0,0.0,0.0,0.0,1.0,1.0,nan,3,0.0,0.0,0.0,0.0,0.0,0.0,0.0,0.0,0.0,0.0,0.0,0,0,0,0,0,0,0,0,0,0,1,0,0
231554360,0.0,0.0,-1.0,0.0,0.0,0.0,1.0,1.0,nan,3,0.0,0.0,0.0,0.0,0.0,0.0,0.0,0.0,0.0,0.0,0.0,0,0,0,0,0,0,0,0,0,0,1,0,0
231854559,0.0,0.0,-1.0,0.0,0.0,0.0,1.0,1.0,nan,3,0.0,0.0,0.0,0.0,0.0,0.0,0.0,0.0,0.0,0.0,0.0,0,0,0,0,0,0,0,0,0,0,1,0,0
232754554,0.0,0.0,-1.0,0.0,0.0,0.0,1.0,1.0,nan,3,0.0,0.0,0.0,0.0,0.0,0.0,0.0,0.0,0.0,0.0,0.0,0,0,0,0,0,0,0,0,0,0,1,0,0
233354466,0.0,0.0,-1.0,0.0,0.0,0.0,1.0,1.0,nan,3,0.0,0.0,0.0,0.0,0.0,0.0,0.0,0.0,0.0,0.0,0.0,0,0,0,0,0,0,0,0,0,0,1,0,0
233954413,0.0,0.0,-1.0,0.0,0.0,0.0,1.0,1.0,nan,3,0.0,0.0,0.0,0.0,0.0,0.0,0.0,0.0,0.0,0.0,0.0,0,0,0,0,0,0,0,0,0,0,1,0,0
234254445,0.0,0.0,-1.0,0.0,0.0,0.0,1.0,1.0,nan,3,0.0,0.0,0.0,0.0,0.0,0.0,0.0,0.0,0.0,0.0,0.0,0,0,0,0,0,0,0,0,0,0,1,0,0
234854346,0.0,0.0,-1.0,0.0,0.0,0.0,1.0,1.0,nan,3,0.0,0.0,0.0,0.0,0.0,0.0,0.0,0.0,0.0,0.0,0.0,0,0,0,0,0,0,0,0,0,0,1,0,0
235154394,0.0,0.0,-1.0,0.0,0.0,0.0,1.0,1.0,nan,3,0.0,0.0,0.0,0.0,0.0,0.0,0.0,0.0,0.0,0.0,0.0,0,0,0,0,0,0,0,0,0,0,1,0,0
235754387,0.0,0.0,-1.0,0.0,0.0,0.0,1.0,1.0,nan,3,0.0,0.0,0.0,0.0,0.0,0.0,0.0,0.0,0.0,0.0,0.0,0,0,0,0,0,0,0,0,0,0,1,0,0
236354345,0.0,0.0,-1.0,0.0,0.0,0.0,1.0,1.0,nan,3,0.0,0.0,0.0,0.0,0.0,0.0,0.0,0.0,0.0,0.0,0.0,0,0,0,0,0,0,0,0,0,0,1,0,0
236954463,0.0,0.0,-1.0,0.0,0.0,0.0,1.0,1.0,nan,3,0.0,0.0,0.0,0.0,0.0,0.0,0.0,0.0,0.0,0.0,0.0,0,0,0,0,0,0,0,0,0,0,1,0,0
237854572,0.0,0.0,-1.0,0.0,0.0,0.0,1.0,1.0,nan,3,0.0,0.0,0.0,0.0,0.0,0.0,0.0,0.0,0.0,0.0,0.0,0,0,0,0,0,0,0,0,0,0,1,0,0
239354410,0.0,0.0,-1.0,0.0,0.0,0.0,1.0,1.0,nan,3,0.0,0.0,0.0,0.0,0.0,0.0,0.0,0.0,0.0,0.0,0.0,0,0,0,0,0,0,0,0,0,0,1,0,0
239654478,0.0,0.0,-1.0,0.0,0.0,0.0,1.0,1.0,nan,3,0.0,0.0,0.0,0.0,0.0,0.0,0.0,0.0,0.0,0.0,0.0,0,0,0,0,0,0,0,0,0,0,1,0,0
239954408,0.0,0.0,-1.0,0.0,0.0,0.0,1.0,1.0,nan,3,0.0,0.0,0.0,0.0,0.0,0.0,0.0,0.0,0.0,0.0,0.0,0,0,0,0,0,0,0,0,0,0,1,0,0
240254345,0.0,0.0,-1.0,0.0,0.0,0.0,1.0,1.0,nan,3,0.0,0.0,0.0,0.0,0.0,0.0,0.0,0.0,0.0,0.0,0.0,0,0,0,0,0,0,0,0,0,0,1,0,0
241154510,0.0,0.0,-1.0,0.0,0.0,0.0,1.0,1.0,nan,3,0.0,0.0,0.0,0.0,0.0,0.0,0.0,0.0,0.0,0.0,0.0,0,0,0,0,0,0,0,0,0,0,1,0,0
241754358,0.0,0.0,-1.0,0.0,0.0,0.0,1.0,1.0,nan,3,0.0,0.0,0.0,0.0,0.0,0.0,0.0,0.0,0.0,0.0,0.0,0,0,0,0,0,0,0,0,0,0,1,0,0
242354682,0.0,0.0,-1.0,0.0,0.0,0.0,1.0,1.0,nan,3,0.0,0.0,0.0,0.0,0.0,0.0,0.0,0.0,0.0,0.0,0.0,0,0,0,0,0,0,0,0,0,0,1,0,0
242954355,0.0,0.0,-1.0,0.0,0.0,0.0,1.0,1.0,nan,3,0.0,0.0,0.0,0.0,0.0,0.0,0.0,0.0,0.0,0.0,0.0,0,0,0,0,0,0,0,0,0,0,1,0,0
243854520,0.0,0.0,-1.0,0.0,0.0,0.0,1.0,1.0,nan,3,0.0,0.0,0.0,0.0,0.0,0.0,0.0,0.0,0.0,0.0,0.0,0,0,0,0,0,0,0,0,0,0,1,0,0
245054924,0.0,0.0,-1.0,0.0,0.0,0.0,1.0,1.0,nan,3,0.0,0.0,0.0,0.0,0.0,0.0,0.0,0.0,0.0,0.0,0.0,0,0,0,0,0,0,0,0,0,0,1,0,0
245355485,0.0,0.0,-1.0,0.0,0.0,0.0,1.0,1.0,nan,3,0.0,0.0,0.0,0.0,0.0,0.0,0.0,0.0,0.0,0.0,0.0,0,0,0,0,0,0,0,0,0,0,1,0,0
245955425,0.0,0.0,-1.0,0.0,0.0,0.0,1.0,1.0,nan,3,0.0,0.0,0.0,0.0,0.0,0.0,0.0,0.0,0.0,0.0,0.0,0,0,0,0,0,0,0,0,0,0,1,0,0
