timestamp,gps_hvel[0],gps_hvel[1],gps_vvel,gps_hpos[0],gps_hpos[1],gps_vpos,ev_hvel[0],ev_hvel[1],ev_vvel,ev_hpos[0],ev_hpos[1],ev_vpos,fake_hvel[0],fake_hvel[1],fake_vvel,fake_hpos[0],fake_hpos[1],fake_vpos,rng_vpos,baro_vpos,aux_hvel[0],aux_hvel[1],aux_vvel,flow[0],flow[1],heading,mag_field[0],mag_field[1],mag_field[2],drag[0],drag[1],airspeed,beta,hagl
4063340,0.0,0.0,0.0,100.25,100.25,0.0,0.0,0.0,0.0,0.0,0.0,0.0,nan,nan,nan,nan,nan,nan,0.0,24.500729,0.0,0.0,nan,0.0,0.0,0.103873655,0.0,0.0,0.0,0.0,0.0,0.0,0.0,0.0
4073338,0.0,0.0,0.0,100.25,100.25,0.0,0.0,0.0,0.0,0.0,0.0,0.0,nan,nan,nan,nan,nan,nan,0.0,24.500729,0.0,0.0,nan,0.0,0.0,0.103873655,0.0,0.0,0.0,0.0,0.0,0.0,0.0,0.0
4863663,0.0,0.0,0.0,0.62275153,0.62275374,0.0,0.0,0.0,0.0,0.0,0.0,0.0,nan,nan,nan,nan,nan,nan,0.0,13.105363,0.0,0.0,nan,0.0,0.0,0.09369475,0.0,0.0,0.0,0.0,0.0,0.0,0.0,0.0
5263832,0.0,0.0,0.0,0.5111127,0.5111208,0.0,0.0,0.0,0.0,0.0,0.0,0.0,nan,nan,nan,nan,nan,nan,0.0,12.878765,0.0,0.0,nan,0.0,0.0,0.0936574,0.0,0.0,0.0,0.0,0.0,0.0,0.0,0.0
6064161,0.0,0.0,0.0,0.54471946,0.5447068,0.0,0.0,0.0,0.0,0.0,0.0,0.0,nan,nan,nan,nan,nan,nan,0.0,12.819277,0.0,0.0,nan,0.0,0.0,0.09308422,0.0,0.0,0.0,0.0,0.0,0.0,0.0,0.0
6464339,0.0,0.0,0.0,0.5410239,0.5410075,0.0,0.0,0.0,0.0,0.0,0.0,0.0,nan,nan,nan,nan,nan,nan,0.0,12.849908,0.0,0.0,nan,0.0,0.0,0.09274413,0.0,0.0,0.0,0.0,0.0,0.0,0.0,0.0
7064592,0.0,0.0,0.0,0.50892985,0.5089656,0.0,0.0,0.0,0.0,0.0,0.0,0.0,nan,nan,nan,nan,nan,nan,0.0,12.901675,0.0,0.0,nan,0.0,0.0,0.0923218,0.0,0.0,0.0,0.0,0.0,0.0,0.0,0.0
7864920,0.0,0.0,0.0,0.47632152,0.4763416,0.0,0.0,0.0,0.0,0.0,0.0,0.0,nan,nan,nan,nan,nan,nan,0.0,12.943289,0.0,0.0,nan,0.0,0.0,0.09189196,0.0,0.0,0.0,0.0,0.0,0.0,0.0,0.0
8065009,0.0,0.0,0.0,0.47015905,0.47017458,0.0,0.0,0.0,0.0,0.0,0.0,0.0,nan,nan,nan,nan,nan,nan,0.0,12.944338,0.0,0.0,nan,0.0,0.0,0.091811225,0.0,0.0,0.0,0.0,0.0,0.0,0.0,0.0
8265081,0.0,0.0,0.0,0.4642827,0.46429476,0.0,0.0,0.0,0.0,0.0,0.0,0.0,nan,nan,nan,nan,nan,nan,0.0,12.948525,0.0,0.0,nan,0.0,0.0,0.091727175,0.0,0.0,0.0,0.0,0.0,0.0,0.0,0.0
8665252,0.0,0.0,0.0,0.45274743,0.45275453,0.0,0.0,0.0,0.0,0.0,0.0,0.0,nan,nan,nan,nan,nan,nan,0.0,12.943215,0.0,0.0,nan,0.0,0.0,0.09158738,0.0,0.0,0.0,0.0,0.0,0.0,0.0,0.0
8865336,0.0,0.0,0.0,0.44696206,0.4469676,0.0,0.0,0.0,0.0,0.0,0.0,0.0,nan,nan,nan,nan,nan,nan,0.0,12.938451,0.0,0.0,nan,0.0,0.0,0.091521785,0.0,0.0,0.0,0.0,0.0,0.0,0.0,0.0
9265510,0.0,0.0,0.0,0.43535477,0.43535852,0.0,0.0,0.0,0.0,0.0,0.0,0.0,nan,nan,nan,nan,nan,nan,0.0,12.92553,0.0,0.0,nan,0.0,0.0,0.091411725,0.0,0.0,0.0,0.0,0.0,0.0,0.0,0.0
9465601,0.0,0.0,0.0,0.42960256,0.42960584,0.0,0.0,0.0,0.0,0.0,0.0,0.0,nan,nan,nan,nan,nan,nan,0.0,12.925693,0.0,0.0,nan,0.0,0.0,0.09136514,0.0,0.0,0.0,0.0,0.0,0.0,0.0,0.0
9865757,0.0,0.0,0.0,0.4183933,0.4183963,0.0,0.0,0.0,0.0,0.0,0.0,0.0,nan,nan,nan,nan,nan,nan,0.0,12.913176,0.0,0.0,nan,0.0,0.0,0.091275446,0.0,0.0,0.0,0.0,0.0,0.0,0.0,0.0
10265931,0.0,0.0,0.0,0.40421134,0.40421367,0.0,0.0,0.0,0.0,0.0,0.0,0.0,nan,nan,nan,nan,nan,nan,0.0,12.893291,0.0,0.0,nan,0.0,0.0,0.09473862,0.0,0.0,0.0,0.0,0.0,0.0,0.0,0.0
11266351,0.0,0.0,0.0,0.36658192,0.3665828,0.0,0.0,0.0,0.0,0.0,0.0,0.0,nan,nan,nan,nan,nan,nan,0.0,12.8524885,0.0,0.0,nan,0.0,0.0,0.09139324,0.0,0.0,0.0,0.0,0.0,0.0,0.0,0.0
11466435,0.0,0.0,0.0,0.36846587,0.36846685,0.0,0.0,0.0,0.0,0.0,0.0,0.0,nan,nan,nan,nan,nan,nan,0.0,12.850868,0.0,0.0,nan,0.0,0.0,0.09124837,0.0,0.0,0.0,0.0,0.0,0.0,0.0,0.0
11866622,0.0,0.0,0.0,0.3753275,0.37532875,0.0,0.0,0.0,0.0,0.0,0.0,0.0,nan,nan,nan,nan,nan,nan,0.0,12.83031,0.0,0.0,nan,0.0,0.0,0.091046035,0.0,0.0,0.0,0.0,0.0,0.0,0.0,0.0
12066687,0.0,0.0,0.0,0.37783933,0.37784052,0.0,0.0,0.0,0.0,0.0,0.0,0.0,nan,nan,nan,nan,nan,nan,0.0,12.825107,0.0,0.0,nan,0.0,0.0,0.0909761,0.0,0.0,0.0,0.0,0.0,0.0,0.0,0.0
12867032,0.0,0.0,0.0,0.3718859,0.37188667,0.0,0.0,0.0,0.0,0.0,0.0,0.0,nan,nan,nan,nan,nan,nan,0.0,12.798177,0.0,0.0,nan,0.0,0.0,0.09083995,0.0,0.0,0.0,0.0,0.0,0.0,0.0,0.0
13067141,0.0,0.0,0.0,0.3676229,0.3676235,0.0,0.0,0.0,0.0,0.0,0.0,0.0,nan,nan,nan,nan,nan,nan,0.0,12.7971525,0.0,0.0,nan,0.0,0.0,0.09082217,0.0,0.0,0.0,0.0,0.0,0.0,0.0,0.0
13467292,0.0,0.0,0.0,0.35833356,0.35833386,0.0,0.0,0.0,0.0,0.0,0.0,0.0,nan,nan,nan,nan,nan,nan,0.0,12.784705,0.0,0.0,nan,0.0,0.0,0.09080175,0.0,0.0,0.0,0.0,0.0,0.0,0.0,0.0
14867889,0.0,0.0,0.0,0.3372576,0.3372581,0.0,0.0,0.0,0.0,0.0,0.0,0.0,nan,nan,nan,nan,nan,nan,0.0,12.739587,0.0,0.0,nan,0.0,0.0,0.09078881,0.0,0.0,0.0,0.0,0.0,0.0,0.0,0.0
15268058,0.0,0.0,0.0,0.3375946,0.33759564,0.0,0.0,0.0,0.0,0.0,0.0,0.0,nan,nan,nan,nan,nan,nan,0.0,12.726726,0.0,0.0,nan,0.0,0.0,0.090787925,0.0,0.0,0.0,0.0,0.0,0.0,0.0,0.0
15868325,0.0,0.0,0.0,0.34321377,0.3432157,0.0,0.0,0.0,0.0,0.0,0.0,0.0,nan,nan,nan,nan,nan,nan,0.0,12.71138,0.0,0.0,nan,0.0,0.0,0.090786576,0.0,0.0,0.0,0.0,0.0,0.0,0.0,0.0
16068405,0.0,0.0,0.0,0.34580475,0.34580696,0.0,0.0,0.0,0.0,0.0,0.0,0.0,nan,nan,nan,nan,nan,nan,0.0,12.709118,0.0,0.0,nan,0.0,0.0,0.09078348,0.0,0.0,0.0,0.0,0.0,0.0,0.0,0.0
16268497,0.0,0.0,0.0,0.34837782,0.34838012,0.0,0.0,0.0,0.0,0.0,0.0,0.0,nan,nan,nan,nan,nan,nan,0.0,12.701416,0.0,0.0,nan,0.0,0.0,0.09078045,0.0,0.0,0.0,0.0,0.0,0.0,0.0,0.0
16468586,0.0,0.0,0.0,0.3507123,0.3507146,0.0,0.0,0.0,0.0,0.0,0.0,0.0,nan,nan,nan,nan,nan,nan,0.0,12.699385,0.0,0.0,nan,0.0,0.0,0.090776116,0.0,0.0,0.0,0.0,0.0,0.0,0.0,0.0
16668664,0.0,0.0,0.0,0.35263574,0.352638,0.0,0.0,0.0,0.0,0.0,0.0,0.0,nan,nan,nan,nan,nan,nan,0.0,12.696664,0.0,0.0,nan,0.0,0.0,0.09077199,0.0,0.0,0.0,0.0,0.0,0.0,0.0,0.0
16868758,0.0,0.0,0.0,0.35403597,0.35403806,0.0,0.0,0.0,0.0,0.0,0.0,0.0,nan,nan,nan,nan,nan,nan,0.0,12.691281,0.0,0.0,nan,0.0,0.0,0.09076654,0.0,0.0,0.0,0.0,0.0,0.0,0.0,0.0
17068838,0.0,0.0,0.0,0.35486877,0.35487065,0.0,0.0,0.0,0.0,0.0,0.0,0.0,nan,nan,nan,nan,nan,nan,0.0,12.683517,0.0,0.0,nan,0.0,0.0,0.09076146,0.0,0.0,0.0,0.0,0.0,0.0,0.0,0.0
17268921,0.0,0.0,0.0,0.35514072,0.35514235,0.0,0.0,0.0,0.0,0.0,0.0,0.0,nan,nan,nan,nan,nan,nan,0.0,12.681063,0.0,0.0,nan,0.0,0.0,0.09075594,0.0,0.0,0.0,0.0,0.0,0.0,0.0,0.0
17469008,0.0,0.0,0.0,0.35490233,0.35490382,0.0,0.0,0.0,0.0,0.0,0.0,0.0,nan,nan,nan,nan,nan,nan,0.0,12.673773,0.0,0.0,nan,0.0,0.0,0.090751715,0.0,0.0,0.0,0.0,0.0,0.0,0.0,0.0
17669101,0.0,0.0,0.0,0.3542294,0.35423067,0.0,0.0,0.0,0.0,0.0,0.0,0.0,nan,nan,nan,nan,nan,nan,0.0,12.666873,0.0,0.0,nan,0.0,0.0,0.09074187,0.0,0.0,0.0,0.0,0.0,0.0,0.0,0.0
18269359,0.0,0.0,0.0,0.3503909,0.3503917,0.0,0.0,0.0,0.0,0.0,0.0,0.0,nan,nan,nan,nan,nan,nan,0.0,12.655632,0.0,0.0,nan,0.0,0.0,0.09072296,0.0,0.0,0.0,0.0,0.0,0.0,0.0,0.0
18469460,0.0,0.0,0.0,0.34874138,0.348742,0.0,0.0,0.0,0.0,0.0,0.0,0.0,nan,nan,nan,nan,nan,nan,0.0,12.651326,0.0,0.0,nan,0.0,0.0,0.09071573,0.0,0.0,0.0,0.0,0.0,0.0,0.0,0.0
18659535,0.0,0.0,0.0,0.3470008,0.34700125,0.0,0.0,0.0,0.0,0.0,0.0,0.0,nan,nan,nan,nan,nan,nan,0.0,12.64717,0.0,0.0,nan,0.0,0.0,0.090708375,0.0,0.0,0.0,0.0,0.0,0.0,0.0,0.0
18859613,0.0,0.0,0.0,0.34521037,0.34521067,0.0,0.0,0.0,0.0,0.0,0.0,0.0,nan,nan,nan,nan,nan,nan,0.0,12.641098,0.0,0.0,nan,0.0,0.0,0.09069986,0.0,0.0,0.0,0.0,0.0,0.0,0.0,0.0
19059704,0.0,0.0,0.0,0.34340197,0.34340215,0.0,0.0,0.0,0.0,0.0,0.0,0.0,nan,nan,nan,nan,nan,nan,0.0,12.641195,0.0,0.0,nan,0.0,0.0,0.09069235,0.0,0.0,0.0,0.0,0.0,0.0,0.0,0.0
19259808,0.0,0.0,0.0,0.34159732,0.3415974,0.0,0.0,0.0,0.0,0.0,0.0,0.0,nan,nan,nan,nan,nan,nan,0.0,12.635094,0.0,0.0,nan,0.0,0.0,0.090683736,0.0,0.0,0.0,0.0,0.0,0.0,0.0,0.0
19860050,0.0,0.0,0.0,0.3363694,0.33636916,0.0,0.0,0.0,0.0,0.0,0.0,0.0,nan,nan,nan,nan,nan,nan,0.0,12.621954,0.0,0.0,nan,0.0,0.0,0.09066004,0.0,0.0,0.0,0.0,0.0,0.0,0.0,0.0
20060138,0.0,0.0,0.0,0.33472127,0.33472097,0.0,0.0,0.0,0.0,0.0,0.0,0.0,nan,nan,nan,nan,nan,nan,0.0,12.618525,0.0,0.0,nan,0.0,0.0,0.0906515,0.0,0.0,0.0,0.0,0.0,0.0,0.0,0.0
21260668,0.0,0.0,0.0,0.32604995,0.3260495,0.0,0.0,0.0,0.0,0.0,0.0,0.0,nan,nan,nan,nan,nan,nan,0.0,12.598708,0.0,0.0,nan,0.0,0.0,0.09060483,0.0,0.0,0.0,0.0,0.0,0.0,0.0,0.0
21460765,0.0,0.0,0.0,0.3248092,0.32480872,0.0,0.0,0.0,0.0,0.0,0.0,0.0,nan,nan,nan,nan,nan,nan,0.0,12.597225,0.0,0.0,nan,0.0,0.0,0.09059782,0.0,0.0,0.0,0.0,0.0,0.0,0.0,0.0
22061016,0.0,0.0,0.0,0.3214128,0.32141238,0.0,0.0,0.0,0.0,0.0,0.0,0.0,nan,nan,nan,nan,nan,nan,0.0,12.586825,0.0,0.0,nan,0.0,0.0,0.09057551,0.0,0.0,0.0,0.0,0.0,0.0,0.0,0.0
22861386,0.0,0.0,0.0,0.31757426,0.31757385,0.0,0.0,0.0,0.0,0.0,0.0,0.0,nan,nan,nan,nan,nan,nan,0.0,12.576345,0.0,0.0,nan,0.0,0.0,0.090550005,0.0,0.0,0.0,0.0,0.0,0.0,0.0,0.0
23261549,0.0,0.0,0.0,0.31591654,0.31591618,0.0,0.0,0.0,0.0,0.0,0.0,0.0,nan,nan,nan,nan,nan,nan,0.0,12.571574,0.0,0.0,nan,0.0,0.0,0.09053482,0.0,0.0,0.0,0.0,0.0,0.0,0.0,0.0
23461646,0.0,0.0,0.0,0.3151468,0.31514645,0.0,0.0,0.0,0.0,0.0,0.0,0.0,nan,nan,nan,nan,nan,nan,0.0,12.568006,0.0,0.0,nan,0.0,0.0,0.09052885,0.0,0.0,0.0,0.0,0.0,0.0,0.0,0.0
23861820,0.0,0.0,0.0,0.313718,0.3137177,0.0,0.0,0.0,0.0,0.0,0.0,0.0,nan,nan,nan,nan,nan,nan,0.0,12.562791,0.0,0.0,nan,0.0,0.0,0.09051648,0.0,0.0,0.0,0.0,0.0,0.0,0.0,0.0
24662180,0.0,0.0,0.0,0.31126118,0.311261,0.0,0.0,0.0,0.0,0.0,0.0,0.0,nan,nan,nan,nan,nan,nan,0.0,12.555898,0.0,0.0,nan,0.0,0.0,0.09049407,0.0,0.0,0.0,0.0,0.0,0.0,0.0,0.0
24862278,0.0,0.0,0.0,0.3107226,0.31072244,0.0,0.0,0.0,0.0,0.0,0.0,0.0,nan,nan,nan,nan,nan,nan,0.0,12.55328,0.0,0.0,nan,0.0,0.0,0.09048881,0.0,0.0,0.0,0.0,0.0,0.0,0.0,0.0
25062348,0.0,0.0,0.0,0.31021166,0.31021154,0.0,0.0,0.0,0.0,0.0,0.0,0.0,nan,nan,nan,nan,nan,nan,0.0,12.552116,0.0,0.0,nan,0.0,0.0,0.090482965,0.0,0.0,0.0,0.0,0.0,0.0,0.0,0.0
25462525,0.0,0.0,0.0,0.3092679,0.3092678,0.0,0.0,0.0,0.0,0.0,0.0,0.0,nan,nan,nan,nan,nan,nan,0.0,12.54839,0.0,0.0,nan,0.0,0.0,0.090472296,0.0,0.0,0.0,0.0,0.0,0.0,0.0,0.0
25662616,0.0,0.0,0.0,0.30883265,0.3088325,0.0,0.0,0.0,0.0,0.0,0.0,0.0,nan,nan,nan,nan,nan,nan,0.0,12.547506,0.0,0.0,nan,0.0,0.0,0.09046742,0.0,0.0,0.0,0.0,0.0,0.0,0.0,0.0
26062790,0.0,0.0,0.0,0.30803016,0.30802998,0.0,0.0,0.0,0.0,0.0,0.0,0.0,nan,nan,nan,nan,nan,nan,0.0,12.546838,0.0,0.0,nan,0.0,0.0,0.09045734,0.0,0.0,0.0,0.0,0.0,0.0,0.0,0.0
26663062,0.0,0.0,0.0,0.3069811,0.30698082,0.0,0.0,0.0,0.0,0.0,0.0,0.0,nan,nan,nan,nan,nan,nan,0.0,12.543211,0.0,0.0,nan,0.0,0.0,0.090442665,0.0,0.0,0.0,0.0,0.0,0.0,0.0,0.0
27263330,0.0,0.0,0.0,0.30609733,0.30609694,0.0,0.0,0.0,0.0,0.0,0.0,0.0,nan,nan,nan,nan,nan,nan,0.0,12.541543,0.0,0.0,nan,0.0,0.0,0.09042938,0.0,0.0,0.0,0.0,0.0,0.0,0.0,0.0
27463416,0.0,0.0,0.0,0.3058354,0.30583495,0.0,0.0,0.0,0.0,0.0,0.0,0.0,nan,nan,nan,nan,nan,nan,0.0,12.541264,0.0,0.0,nan,0.0,0.0,0.09042478,0.0,0.0,0.0,0.0,0.0,0.0,0.0,0.0
27663510,0.0,0.0,0.0,0.30558857,0.3055881,0.0,0.0,0.0,0.0,0.0,0.0,0.0,nan,nan,nan,nan,nan,nan,0.0,12.541087,0.0,0.0,nan,0.0,0.0,0.090420775,0.0,0.0,0.0,0.0,0.0,0.0,0.0,0.0
28063685,0.0,0.0,0.0,0.3051367,0.30513614,0.0,0.0,0.0,0.0,0.0,0.0,0.0,nan,nan,nan,nan,nan,nan,0.0,12.539103,0.0,0.0,nan,0.0,0.0,0.09041249,0.0,0.0,0.0,0.0,0.0,0.0,0.0,0.0
28263787,0.0,0.0,0.0,0.30492982,0.3049292,0.0,0.0,0.0,0.0,0.0,0.0,0.0,nan,nan,nan,nan,nan,nan,0.0,12.539749,0.0,0.0,nan,0.0,0.0,0.090408206,0.0,0.0,0.0,0.0,0.0,0.0,0.0,0.0
28463869,0.0,0.0,0.0,0.30473492,0.30473423,0.0,0.0,0.0,0.0,0.0,0.0,0.0,nan,nan,nan,nan,nan,nan,0.0,12.542114,0.0,0.0,nan,0.0,0.0,0.0904045,0.0,0.0,0.0,0.0,0.0,0.0,0.0,0.0
29064146,0.0,0.0,0.0,0.30421492,0.30421415,0.0,0.0,0.0,0.0,0.0,0.0,0.0,nan,nan,nan,nan,nan,nan,0.0,12.540206,0.0,0.0,nan,0.0,0.0,0.090393305,0.0,0.0,0.0,0.0,0.0,0.0,0.0,0.0
29264233,0.0,0.0,0.0,0.3040613,0.3040605,0.0,0.0,0.0,0.0,0.0,0.0,0.0,nan,nan,nan,nan,nan,nan,0.0,12.539094,0.0,0.0,nan,0.0,0.0,0.09039003,0.0,0.0,0.0,0.0,0.0,0.0,0.0,0.0
29664417,0.0,0.0,0.0,0.30377948,0.3037786,0.0,0.0,0.0,0.0,0.0,0.0,0.0,nan,nan,nan,nan,nan,nan,0.0,12.538927,0.0,0.0,nan,0.0,0.0,0.09038287,0.0,0.0,0.0,0.0,0.0,0.0,0.0,0.0
29864496,0.0,0.0,0.0,0.30365014,0.30364922,0.0,0.0,0.0,0.0,0.0,0.0,0.0,nan,nan,nan,nan,nan,nan,0.0,12.538018,0.0,0.0,nan,0.0,0.0,0.09037959,0.0,0.0,0.0,0.0,0.0,0.0,0.0,0.0
30064605,0.0,0.0,0.0,0.30352822,0.3035273,0.0,0.0,0.0,0.0,0.0,0.0,0.0,nan,nan,nan,nan,nan,nan,0.0,12.538404,0.0,0.0,nan,0.0,0.0,0.090375945,0.0,0.0,0.0,0.0,0.0,0.0,0.0,0.0
31065049,0.0,0.0,0.0,0.30301383,0.303013,0.0,0.0,0.0,0.0,0.0,0.0,0.0,nan,nan,nan,nan,nan,nan,0.0,12.539188,0.0,0.0,nan,0.0,0.0,0.09036041,0.0,0.0,0.0,0.0,0.0,0.0,0.0,0.0
31465241,0.0,0.0,0.0,0.3028448,0.302844,0.0,0.0,0.0,0.0,0.0,0.0,0.0,nan,nan,nan,nan,nan,nan,0.0,12.538903,0.0,0.0,nan,0.0,0.0,0.09035427,0.0,0.0,0.0,0.0,0.0,0.0,0.0,0.0
31665312,0.0,0.0,0.0,0.3027665,0.30276576,0.0,0.0,0.0,0.0,0.0,0.0,0.0,nan,nan,nan,nan,nan,nan,0.0,12.538665,0.0,0.0,nan,0.0,0.0,0.09035147,0.0,0.0,0.0,0.0,0.0,0.0,0.0,0.0
31865405,0.0,0.0,0.0,0.302692,0.30269128,0.0,0.0,0.0,0.0,0.0,0.0,0.0,nan,nan,nan,nan,nan,nan,0.0,12.539231,0.0,0.0,nan,0.0,0.0,0.09034835,0.0,0.0,0.0,0.0,0.0,0.0,0.0,0.0
32065496,0.0,0.0,0.0,0.30262104,0.30262035,0.0,0.0,0.0,0.0,0.0,0.0,0.0,nan,nan,nan,nan,nan,nan,0.0,12.538542,0.0,0.0,nan,0.0,0.0,0.09034564,0.0,0.0,0.0,0.0,0.0,0.0,0.0,0.0
32465674,0.0,0.0,0.0,0.3024898,0.3024892,0.0,0.0,0.0,0.0,0.0,0.0,0.0,nan,nan,nan,nan,nan,nan,0.0,12.538946,0.0,0.0,nan,0.0,0.0,0.09034001,0.0,0.0,0.0,0.0,0.0,0.0,0.0,0.0
33466129,0.0,0.0,0.0,0.30221313,0.3022127,0.0,0.0,0.0,0.0,0.0,0.0,0.0,nan,nan,nan,nan,nan,nan,0.0,12.540285,0.0,0.0,nan,0.0,0.0,0.0903266,0.0,0.0,0.0,0.0,0.0,0.0,0.0,0.0
33666230,0.0,0.0,0.0,0.302165,0.30216455,0.0,0.0,0.0,0.0,0.0,0.0,0.0,nan,nan,nan,nan,nan,nan,0.0,12.540804,0.0,0.0,nan,0.0,0.0,0.09032423,0.0,0.0,0.0,0.0,0.0,0.0,0.0,0.0
33866316,0.0,0.0,0.0,0.302119,0.30211857,0.0,0.0,0.0,0.0,0.0,0.0,0.0,nan,nan,nan,nan,nan,nan,0.0,12.540046,0.0,0.0,nan,0.0,0.0,0.0903216,0.0,0.0,0.0,0.0,0.0,0.0,0.0,0.0
34466585,0.0,0.0,0.0,0.30199242,0.30199203,0.0,0.0,0.0,0.0,0.0,0.0,0.0,nan,nan,nan,nan,nan,nan,0.0,12.539666,0.0,0.0,nan,0.0,0.0,0.09031457,0.0,0.0,0.0,0.0,0.0,0.0,0.0,0.0
35066860,0.0,0.0,0.0,0.30188015,0.30187976,0.0,0.0,0.0,0.0,0.0,0.0,0.0,nan,nan,nan,nan,nan,nan,0.0,12.540559,0.0,0.0,nan,0.0,0.0,0.09030758,0.0,0.0,0.0,0.0,0.0,0.0,0.0,0.0
35266978,0.0,0.0,0.0,0.3018453,0.3018449,0.0,0.0,0.0,0.0,0.0,0.0,0.0,nan,nan,nan,nan,nan,nan,0.0,12.541118,0.0,0.0,nan,0.0,0.0,0.09030551,0.0,0.0,0.0,0.0,0.0,0.0,0.0,0.0
35667139,0.0,0.0,0.0,0.30177954,0.30177906,0.0,0.0,0.0,0.0,0.0,0.0,0.0,nan,nan,nan,nan,nan,nan,0.0,12.541228,0.0,0.0,nan,0.0,0.0,0.09030119,0.0,0.0,0.0,0.0,0.0,0.0,0.0,0.0
36267429,0.0,0.0,0.0,0.30168983,0.30168933,0.0,0.0,0.0,0.0,0.0,0.0,0.0,nan,nan,nan,nan,nan,nan,0.0,12.540511,0.0,0.0,nan,0.0,0.0,0.090295434,0.0,0.0,0.0,0.0,0.0,0.0,0.0,0.0
36467505,0.0,0.0,0.0,0.30166194,0.30166143,0.0,0.0,0.0,0.0,0.0,0.0,0.0,nan,nan,nan,nan,nan,nan,0.0,12.540993,0.0,0.0,nan,0.0,0.0,0.09029329,0.0,0.0,0.0,0.0,0.0,0.0,0.0,0.0
36667594,0.0,0.0,0.0,0.3016347,0.3016342,0.0,0.0,0.0,0.0,0.0,0.0,0.0,nan,nan,nan,nan,nan,nan,0.0,12.5401945,0.0,0.0,nan,0.0,0.0,0.09029142,0.0,0.0,0.0,0.0,0.0,0.0,0.0,0.0
37067789,0.0,0.0,0.0,0.3015832,0.3015827,0.0,0.0,0.0,0.0,0.0,0.0,0.0,nan,nan,nan,nan,nan,nan,0.0,12.540399,0.0,0.0,nan,0.0,0.0,0.09028752,0.0,0.0,0.0,0.0,0.0,0.0,0.0,0.0
37267874,0.0,0.0,0.0,0.30155846,0.30155796,0.0,0.0,0.0,0.0,0.0,0.0,0.0,nan,nan,nan,nan,nan,nan,0.0,12.540877,0.0,0.0,nan,0.0,0.0,0.09028549,0.0,0.0,0.0,0.0,0.0,0.0,0.0,0.0
37467956,0.0,0.0,0.0,0.3015343,0.3015338,0.0,0.0,0.0,0.0,0.0,0.0,0.0,nan,nan,nan,nan,nan,nan,0.0,12.540618,0.0,0.0,nan,0.0,0.0,0.09028374,0.0,0.0,0.0,0.0,0.0,0.0,0.0,0.0
37868147,0.0,0.0,0.0,0.30148774,0.30148724,0.0,0.0,0.0,0.0,0.0,0.0,0.0,nan,nan,nan,nan,nan,nan,0.0,12.5413685,0.0,0.0,nan,0.0,0.0,0.09028006,0.0,0.0,0.0,0.0,0.0,0.0,0.0,0.0
38268334,0.0,0.0,0.0,0.30144322,0.30144268,0.0,0.0,0.0,0.0,0.0,0.0,0.0,nan,nan,nan,nan,nan,nan,0.0,12.54141,0.0,0.0,nan,0.0,0.0,0.0902765,0.0,0.0,0.0,0.0,0.0,0.0,0.0,0.0
38668516,0.0,0.0,0.0,0.30140084,0.30140024,0.0,0.0,0.0,0.0,0.0,0.0,0.0,nan,nan,nan,nan,nan,nan,0.0,12.540978,0.0,0.0,nan,0.0,0.0,0.09027335,0.0,0.0,0.0,0.0,0.0,0.0,0.0,0.0
38868630,0.0,0.0,0.0,0.30138022,0.30137965,0.0,0.0,0.0,0.0,0.0,0.0,0.0,nan,nan,nan,nan,nan,nan,0.0,12.540692,0.0,0.0,nan,0.0,0.0,0.09027176,0.0,0.0,0.0,0.0,0.0,0.0,0.0,0.0
39668980,0.0,0.0,0.0,0.30130345,0.3013028,0.0,0.0,0.0,0.0,0.0,0.0,0.0,nan,nan,nan,nan,nan,nan,0.0,12.540545,0.0,0.0,nan,0.0,0.0,0.09026519,0.0,0.0,0.0,0.0,0.0,0.0,0.0,0.0
40069164,0.0,0.0,0.0,0.30126837,0.30126768,0.0,0.0,0.0,0.0,0.0,0.0,0.0,nan,nan,nan,nan,nan,nan,0.0,12.542,0.0,0.0,nan,0.0,0.0,0.09026233,0.0,0.0,0.0,0.0,0.0,0.0,0.0,0.0
40659441,0.0,0.0,0.0,0.30121946,0.3012188,0.0,0.0,0.0,0.0,0.0,0.0,0.0,nan,nan,nan,nan,nan,nan,0.0,12.541111,0.0,0.0,nan,0.0,0.0,0.09025784,0.0,0.0,0.0,0.0,0.0,0.0,0.0,0.0
40859534,0.0,0.0,0.0,0.3012043,0.30120364,0.0,0.0,0.0,0.0,0.0,0.0,0.0,nan,nan,nan,nan,nan,nan,0.0,12.54025,0.0,0.0,nan,0.0,0.0,0.090256445,0.0,0.0,0.0,0.0,0.0,0.0,0.0,0.0
41059639,0.0,0.0,0.0,0.30119,0.30118936,0.0,0.0,0.0,0.0,0.0,0.0,0.0,nan,nan,nan,nan,nan,nan,0.0,12.541929,0.0,0.0,nan,0.0,0.0,0.090254895,0.0,0.0,0.0,0.0,0.0,0.0,0.0,0.0
41659905,0.0,0.0,0.0,0.30115026,0.3011497,0.0,0.0,0.0,0.0,0.0,0.0,0.0,nan,nan,nan,nan,nan,nan,0.0,12.542134,0.0,0.0,nan,0.0,0.0,0.090250716,0.0,0.0,0.0,0.0,0.0,0.0,0.0,0.0
42260180,0.0,0.0,0.0,0.3011137,0.30111313,0.0,0.0,0.0,0.0,0.0,0.0,0.0,nan,nan,nan,nan,nan,nan,0.0,12.542377,0.0,0.0,nan,0.0,0.0,0.09024654,0.0,0.0,0.0,0.0,0.0,0.0,0.0,0.0
43260653,0.0,0.0,0.0,0.30105808,0.30105752,0.0,0.0,0.0,0.0,0.0,0.0,0.0,nan,nan,nan,nan,nan,nan,0.0,12.542445,0.0,0.0,nan,0.0,0.0,0.09024018,0.0,0.0,0.0,0.0,0.0,0.0,0.0,0.0
43860942,0.0,0.0,0.0,0.30102718,0.3010266,0.0,0.0,0.0,0.0,0.0,0.0,0.0,nan,nan,nan,nan,nan,nan,0.0,12.541248,0.0,0.0,nan,0.0,0.0,0.09023659,0.0,0.0,0.0,0.0,0.0,0.0,0.0,0.0
44061034,0.0,0.0,0.0,0.30101776,0.3010172,0.0,0.0,0.0,0.0,0.0,0.0,0.0,nan,nan,nan,nan,nan,nan,0.0,12.541551,0.0,0.0,nan,0.0,0.0,0.09023555,0.0,0.0,0.0,0.0,0.0,0.0,0.0,0.0
44261125,0.0,0.0,0.0,0.30100843,0.30100787,0.0,0.0,0.0,0.0,0.0,0.0,0.0,nan,nan,nan,nan,nan,nan,0.0,12.541165,0.0,0.0,nan,0.0,0.0,0.09023422,0.0,0.0,0.0,0.0,0.0,0.0,0.0,0.0
45061503,0.0,0.0,0.0,0.30097398,0.30097342,0.0,0.0,0.0,0.0,0.0,0.0,0.0,nan,nan,nan,nan,nan,nan,0.0,12.541521,0.0,0.0,nan,0.0,0.0,0.09022989,0.0,0.0,0.0,0.0,0.0,0.0,0.0,0.0
45461691,0.0,0.0,0.0,0.30095848,0.30095792,0.0,0.0,0.0,0.0,0.0,0.0,0.0,nan,nan,nan,nan,nan,nan,0.0,12.54145,0.0,0.0,nan,0.0,0.0,0.0902277,0.0,0.0,0.0,0.0,0.0,0.0,0.0,0.0
45661775,0.0,0.0,0.0,0.30095106,0.3009505,0.0,0.0,0.0,0.0,0.0,0.0,0.0,nan,nan,nan,nan,nan,nan,0.0,12.541704,0.0,0.0,nan,0.0,0.0,0.09022656,0.0,0.0,0.0,0.0,0.0,0.0,0.0,0.0
45861869,0.0,0.0,0.0,0.30094352,0.30094296,0.0,0.0,0.0,0.0,0.0,0.0,0.0,nan,nan,nan,nan,nan,nan,0.0,12.541964,0.0,0.0,nan,0.0,0.0,0.09022556,0.0,0.0,0.0,0.0,0.0,0.0,0.0,0.0
47062437,0.0,0.0,0.0,0.30090165,0.30090111,0.0,0.0,0.0,0.0,0.0,0.0,0.0,nan,nan,nan,nan,nan,nan,0.0,12.542259,0.0,0.0,nan,0.0,0.0,0.090219475,0.0,0.0,0.0,0.0,0.0,0.0,0.0,0.0
47662717,0.0,0.0,0.0,0.30088368,0.30088326,0.0,0.0,0.0,0.0,0.0,0.0,0.0,nan,nan,nan,nan,nan,nan,0.0,12.541181,0.0,0.0,nan,0.0,0.0,0.09021654,0.0,0.0,0.0,0.0,0.0,0.0,0.0,0.0
47862812,0.0,0.0,0.0,0.3008783,0.3008779,0.0,0.0,0.0,0.0,0.0,0.0,0.0,nan,nan,nan,nan,nan,nan,0.0,12.542083,0.0,0.0,nan,0.0,0.0,0.090215676,0.0,0.0,0.0,0.0,0.0,0.0,0.0,0.0
48663190,0.0,0.0,0.0,0.30085975,0.3008595,0.0,0.0,0.0,0.0,0.0,0.0,0.0,nan,nan,nan,nan,nan,nan,0.0,12.54117,0.0,0.0,nan,0.0,0.0,0.090212055,0.0,0.0,0.0,0.0,0.0,0.0,0.0,0.0
48863293,0.0,0.0,0.0,0.30085546,0.30085525,0.0,0.0,0.0,0.0,0.0,0.0,0.0,nan,nan,nan,nan,nan,nan,0.0,12.541511,0.0,0.0,nan,0.0,0.0,0.090211116,0.0,0.0,0.0,0.0,0.0,0.0,0.0,0.0
49463572,0.0,0.0,0.0,0.30084386,0.30084372,0.0,0.0,0.0,0.0,0.0,0.0,0.0,nan,nan,nan,nan,nan,nan,0.0,12.541601,0.0,0.0,nan,0.0,0.0,0.0902088,0.0,0.0,0.0,0.0,0.0,0.0,0.0,0.0
49663746,0.0,0.0,0.0,0.3008403,0.3008402,0.0,0.0,0.0,0.0,0.0,0.0,0.0,nan,nan,nan,nan,nan,nan,0.0,12.541874,0.0,0.0,nan,0.0,0.0,0.090208024,0.0,0.0,0.0,0.0,0.0,0.0,0.0,0.0
50063872,0.0,0.0,0.0,0.30083367,0.30083358,0.0,0.0,0.0,0.0,0.0,0.0,0.0,nan,nan,nan,nan,nan,nan,0.0,12.541811,0.0,0.0,nan,0.0,0.0,0.09020638,0.0,0.0,0.0,0.0,0.0,0.0,0.0,0.0
50464047,0.0,0.0,0.0,0.3008274,0.30082735,0.0,0.0,0.0,0.0,0.0,0.0,0.0,nan,nan,nan,nan,nan,nan,0.0,12.543894,0.0,0.0,nan,0.0,0.0,0.09020477,0.0,0.0,0.0,0.0,0.0,0.0,0.0,0.0
50664139,0.0,0.0,0.0,0.30082464,0.30082455,0.0,0.0,0.0,0.0,0.0,0.0,0.0,nan,nan,nan,nan,nan,nan,0.0,12.542742,0.0,0.0,nan,0.0,0.0,0.09020393,0.0,0.0,0.0,0.0,0.0,0.0,0.0,0.0
50864252,0.0,0.0,0.0,0.30082214,0.30082208,0.0,0.0,0.0,0.0,0.0,0.0,0.0,nan,nan,nan,nan,nan,nan,0.0,12.543505,0.0,0.0,nan,0.0,0.0,0.09020321,0.0,0.0,0.0,0.0,0.0,0.0,0.0,0.0
51064331,0.0,0.0,0.0,0.30081978,0.30081972,0.0,0.0,0.0,0.0,0.0,0.0,0.0,nan,nan,nan,nan,nan,nan,0.0,12.543681,0.0,0.0,nan,0.0,0.0,0.09020249,0.0,0.0,0.0,0.0,0.0,0.0,0.0,0.0
52064808,0.0,0.0,0.0,0.30080706,0.30080688,0.0,0.0,0.0,0.0,0.0,0.0,0.0,nan,nan,nan,nan,nan,nan,0.0,12.541826,0.0,0.0,nan,0.0,0.0,0.090198904,0.0,0.0,0.0,0.0,0.0,0.0,0.0,0.0
52665111,0.0,0.0,0.0,0.3007996,0.30079937,0.0,0.0,0.0,0.0,0.0,0.0,0.0,nan,nan,nan,nan,nan,nan,0.0,12.543907,0.0,0.0,nan,0.0,0.0,0.09019682,0.0,0.0,0.0,0.0,0.0,0.0,0.0,0.0
53665572,0.0,0.0,0.0,0.30078915,0.3007889,0.0,0.0,0.0,0.0,0.0,0.0,0.0,nan,nan,nan,nan,nan,nan,0.0,12.543121,0.0,0.0,nan,0.0,0.0,0.09019348,0.0,0.0,0.0,0.0,0.0,0.0,0.0,0.0
53865667,0.0,0.0,0.0,0.30078715,0.30078694,0.0,0.0,0.0,0.0,0.0,0.0,0.0,nan,nan,nan,nan,nan,nan,0.0,12.543222,0.0,0.0,nan,0.0,0.0,0.09019279,0.0,0.0,0.0,0.0,0.0,0.0,0.0,0.0
54666051,0.0,0.0,0.0,0.30078018,0.3007799,0.0,0.0,0.0,0.0,0.0,0.0,0.0,nan,nan,nan,nan,nan,nan,0.0,12.542094,0.0,0.0,nan,0.0,0.0,0.090190426,0.0,0.0,0.0,0.0,0.0,0.0,0.0,0.0
54866147,0.0,0.0,0.0,0.30077884,0.3007785,0.0,0.0,0.0,0.0,0.0,0.0,0.0,nan,nan,nan,nan,nan,nan,0.0,12.542266,0.0,0.0,nan,0.0,0.0,0.090189844,0.0,0.0,0.0,0.0,0.0,0.0,0.0,0.0
55066254,0.0,0.0,0.0,0.30077785,0.30077755,0.0,0.0,0.0,0.0,0.0,0.0,0.0,nan,nan,nan,nan,nan,nan,0.0,12.543047,0.0,0.0,nan,0.0,0.0,0.090189196,0.0,0.0,0.0,0.0,0.0,0.0,0.0,0.0
55666541,0.0,0.0,0.0,0.30077443,0.30077407,0.0,0.0,0.0,0.0,0.0,0.0,0.0,nan,nan,nan,nan,nan,nan,0.0,12.541811,0.0,0.0,nan,0.0,0.0,0.090187445,0.0,0.0,0.0,0.0,0.0,0.0,0.0,0.0
56066724,0.0,0.0,0.0,0.3007726,0.30077222,0.0,0.0,0.0,0.0,0.0,0.0,0.0,nan,nan,nan,nan,nan,nan,0.0,12.5412245,0.0,0.0,nan,0.0,0.0,0.09018629,0.0,0.0,0.0,0.0,0.0,0.0,0.0,0.0
57267305,0.0,0.0,0.0,0.3007657,0.3007653,0.0,0.0,0.0,0.0,0.0,0.0,0.0,nan,nan,nan,nan,nan,nan,0.0,12.539753,0.0,0.0,nan,0.0,0.0,0.090183005,0.0,0.0,0.0,0.0,0.0,0.0,0.0,0.0
57467402,0.0,0.0,0.0,0.3007643,0.3007639,0.0,0.0,0.0,0.0,0.0,0.0,0.0,nan,nan,nan,nan,nan,nan,0.0,12.5402355,0.0,0.0,nan,0.0,0.0,0.09018244,0.0,0.0,0.0,0.0,0.0,0.0,0.0,0.0
57667505,0.0,0.0,0.0,0.30076292,0.30076256,0.0,0.0,0.0,0.0,0.0,0.0,0.0,nan,nan,nan,nan,nan,nan,0.0,12.539453,0.0,0.0,nan,0.0,0.0,0.090181954,0.0,0.0,0.0,0.0,0.0,0.0,0.0,0.0
58267801,0.0,0.0,0.0,0.3007586,0.3007582,0.0,0.0,0.0,0.0,0.0,0.0,0.0,nan,nan,nan,nan,nan,nan,0.0,12.539022,0.0,0.0,nan,0.0,0.0,0.09018048,0.0,0.0,0.0,0.0,0.0,0.0,0.0,0.0
59068175,0.0,0.0,0.0,0.30075294,0.30075255,0.0,0.0,0.0,0.0,0.0,0.0,0.0,nan,nan,nan,nan,nan,nan,0.0,12.539689,0.0,0.0,nan,0.0,0.0,0.090178676,0.0,0.0,0.0,0.0,0.0,0.0,0.0,0.0
59268300,0.0,0.0,0.0,0.30075154,0.30075118,0.0,0.0,0.0,0.0,0.0,0.0,0.0,nan,nan,nan,nan,nan,nan,0.0,12.5401535,0.0,0.0,nan,0.0,0.0,0.09017817,0.0,0.0,0.0,0.0,0.0,0.0,0.0,0.0
59668473,0.0,0.0,0.0,0.30074912,0.30074874,0.0,0.0,0.0,0.0,0.0,0.0,0.0,nan,nan,nan,nan,nan,nan,0.0,12.540324,0.0,0.0,nan,0.0,0.0,0.090177245,0.0,0.0,0.0,0.0,0.0,0.0,0.0,0.0
59868561,0.0,0.0,0.0,0.30074796,0.3007476,0.0,0.0,0.0,0.0,0.0,0.0,0.0,nan,nan,nan,nan,nan,nan,0.0,12.540791,0.0,0.0,nan,0.0,0.0,0.09017681,0.0,0.0,0.0,0.0,0.0,0.0,0.0,0.0
60068670,0.0,0.0,0.0,0.30074668,0.30074632,0.0,0.0,0.0,0.0,0.0,0.0,0.0,nan,nan,nan,nan,nan,nan,0.0,12.539985,0.0,0.0,nan,0.0,0.0,0.09017634,0.0,0.0,0.0,0.0,0.0,0.0,0.0,0.0
60268759,0.0,0.0,0.0,0.30074546,0.3007451,0.0,0.0,0.0,0.0,0.0,0.0,0.0,nan,nan,nan,nan,nan,nan,0.0,12.540482,0.0,0.0,nan,0.0,0.0,0.09017593,0.0,0.0,0.0,0.0,0.0,0.0,0.0,0.0
60869056,0.0,0.0,0.0,0.30074173,0.30074137,0.0,0.0,0.0,0.0,0.0,0.0,0.0,nan,nan,nan,nan,nan,nan,0.0,12.539999,0.0,0.0,nan,0.0,0.0,0.09017459,0.0,0.0,0.0,0.0,0.0,0.0,0.0,0.0
61069159,0.0,0.0,0.0,0.30074072,0.30074036,0.0,0.0,0.0,0.0,0.0,0.0,0.0,nan,nan,nan,nan,nan,nan,0.0,12.539762,0.0,0.0,nan,0.0,0.0,0.0901742,0.0,0.0,0.0,0.0,0.0,0.0,0.0,0.0
62459832,0.0,0.0,0.0,0.30073354,0.3007332,0.0,0.0,0.0,0.0,0.0,0.0,0.0,nan,nan,nan,nan,nan,nan,0.0,12.540195,0.0,0.0,nan,0.0,0.0,0.09017153,0.0,0.0,0.0,0.0,0.0,0.0,0.0,0.0
62659920,0.0,0.0,0.0,0.3007325,0.3007322,0.0,0.0,0.0,0.0,0.0,0.0,0.0,nan,nan,nan,nan,nan,nan,0.0,12.5406685,0.0,0.0,nan,0.0,0.0,0.09017103,0.0,0.0,0.0,0.0,0.0,0.0,0.0,0.0
62860020,0.0,0.0,0.0,0.30073142,0.30073115,0.0,0.0,0.0,0.0,0.0,0.0,0.0,nan,nan,nan,nan,nan,nan,0.0,12.541581,0.0,0.0,nan,0.0,0.0,0.090170756,0.0,0.0,0.0,0.0,0.0,0.0,0.0,0.0
63060115,0.0,0.0,0.0,0.30073005,0.30072978,0.0,0.0,0.0,0.0,0.0,0.0,0.0,nan,nan,nan,nan,nan,nan,0.0,12.541926,0.0,0.0,nan,0.0,0.0,0.09017041,0.0,0.0,0.0,0.0,0.0,0.0,0.0,0.0
63260215,0.0,0.0,0.0,0.3007285,0.30072823,0.0,0.0,0.0,0.0,0.0,0.0,0.0,nan,nan,nan,nan,nan,nan,0.0,12.541032,0.0,0.0,nan,0.0,0.0,0.09017001,0.0,0.0,0.0,0.0,0.0,0.0,0.0,0.0
63860509,0.0,0.0,0.0,0.30072302,0.30072287,0.0,0.0,0.0,0.0,0.0,0.0,0.0,nan,nan,nan,nan,nan,nan,0.0,12.541455,0.0,0.0,nan,0.0,0.0,0.090168945,0.0,0.0,0.0,0.0,0.0,0.0,0.0,0.0
65861515,0.0,0.0,0.0,0.30070975,0.3007097,0.0,0.0,0.0,0.0,0.0,0.0,0.0,nan,nan,nan,nan,nan,nan,0.0,12.542475,0.0,0.0,nan,0.0,0.0,0.090165704,0.0,0.0,0.0,0.0,0.0,0.0,0.0,0.0
66061610,0.0,0.0,0.0,0.30070922,0.30070916,0.0,0.0,0.0,0.0,0.0,0.0,0.0,nan,nan,nan,nan,nan,nan,0.0,12.542694,0.0,0.0,nan,0.0,0.0,0.09016541,0.0,0.0,0.0,0.0,0.0,0.0,0.0,0.0
66461782,0.0,0.0,0.0,0.30070895,0.3007089,0.0,0.0,0.0,0.0,0.0,0.0,0.0,nan,nan,nan,nan,nan,nan,0.0,12.5437,0.0,0.0,nan,0.0,0.0,0.09016479,0.0,0.0,0.0,0.0,0.0,0.0,0.0,0.0
66661881,0.0,0.0,0.0,0.30070895,0.30070892,0.0,0.0,0.0,0.0,0.0,0.0,0.0,nan,nan,nan,nan,nan,nan,0.0,12.542592,0.0,0.0,nan,0.0,0.0,0.09016446,0.0,0.0,0.0,0.0,0.0,0.0,0.0,0.0
66861979,0.0,0.0,0.0,0.30070898,0.30070895,0.0,0.0,0.0,0.0,0.0,0.0,0.0,nan,nan,nan,nan,nan,nan,0.0,12.542791,0.0,0.0,nan,0.0,0.0,0.090164185,0.0,0.0,0.0,0.0,0.0,0.0,0.0,0.0
67262197,0.0,0.0,0.0,0.30070904,0.300709,0.0,0.0,0.0,0.0,0.0,0.0,0.0,nan,nan,nan,nan,nan,nan,0.0,12.541298,0.0,0.0,nan,0.0,0.0,0.090163596,0.0,0.0,0.0,0.0,0.0,0.0,0.0,0.0
68262670,0.0,0.0,0.0,0.30070776,0.30070773,0.0,0.0,0.0,0.0,0.0,0.0,0.0,nan,nan,nan,nan,nan,nan,0.0,12.541092,0.0,0.0,nan,0.0,0.0,0.090162165,0.0,0.0,0.0,0.0,0.0,0.0,0.0,0.0
68462768,0.0,0.0,0.0,0.30070758,0.30070758,0.0,0.0,0.0,0.0,0.0,0.0,0.0,nan,nan,nan,nan,nan,nan,0.0,12.540767,0.0,0.0,nan,0.0,0.0,0.09016192,0.0,0.0,0.0,0.0,0.0,0.0,0.0,0.0
68662868,0.0,0.0,0.0,0.3007076,0.3007076,0.0,0.0,0.0,0.0,0.0,0.0,0.0,nan,nan,nan,nan,nan,nan,0.0,12.542404,0.0,0.0,nan,0.0,0.0,0.09016164,0.0,0.0,0.0,0.0,0.0,0.0,0.0,0.0
68862975,0.0,0.0,0.0,0.30070773,0.30070773,0.0,0.0,0.0,0.0,0.0,0.0,0.0,nan,nan,nan,nan,nan,nan,0.0,12.543167,0.0,0.0,nan,0.0,0.0,0.09016138,0.0,0.0,0.0,0.0,0.0,0.0,0.0,0.0
69263164,0.0,0.0,0.0,0.3007077,0.3007077,0.0,0.0,0.0,0.0,0.0,0.0,0.0,nan,nan,nan,nan,nan,nan,0.0,12.542285,0.0,0.0,nan,0.0,0.0,0.09016087,0.0,0.0,0.0,0.0,0.0,0.0,0.0,0.0
69463266,0.0,0.0,0.0,0.3007074,0.30070737,0.0,0.0,0.0,0.0,0.0,0.0,0.0,nan,nan,nan,nan,nan,nan,0.0,12.541817,0.0,0.0,nan,0.0,0.0,0.0901606,0.0,0.0,0.0,0.0,0.0,0.0,0.0,0.0
69663365,0.0,0.0,0.0,0.30070704,0.30070704,0.0,0.0,0.0,0.0,0.0,0.0,0.0,nan,nan,nan,nan,nan,nan,0.0,12.542092,0.0,0.0,nan,0.0,0.0,0.09016037,0.0,0.0,0.0,0.0,0.0,0.0,0.0,0.0
70463778,0.0,0.0,0.0,0.30070776,0.30070776,0.0,0.0,0.0,0.0,0.0,0.0,0.0,nan,nan,nan,nan,nan,nan,0.0,12.541472,0.0,0.0,nan,0.0,0.0,0.090159394,0.0,0.0,0.0,0.0,0.0,0.0,0.0,0.0
70663868,0.0,0.0,0.0,0.30070803,0.30070803,0.0,0.0,0.0,0.0,0.0,0.0,0.0,nan,nan,nan,nan,nan,nan,0.0,12.5405855,0.0,0.0,nan,0.0,0.0,0.09015914,0.0,0.0,0.0,0.0,0.0,0.0,0.0,0.0
70863957,0.0,0.0,0.0,0.3007084,0.30070844,0.0,0.0,0.0,0.0,0.0,0.0,0.0,nan,nan,nan,nan,nan,nan,0.0,12.540272,0.0,0.0,nan,0.0,0.0,0.09015893,0.0,0.0,0.0,0.0,0.0,0.0,0.0,0.0
71664413,0.0,0.0,0.0,0.30070925,0.30070925,0.0,0.0,0.0,0.0,0.0,0.0,0.0,nan,nan,nan,nan,nan,nan,0.0,12.540908,0.0,0.0,nan,0.0,0.0,0.09015803,0.0,0.0,0.0,0.0,0.0,0.0,0.0,0.0
71864456,0.0,0.0,0.0,0.30070922,0.30070922,0.0,0.0,0.0,0.0,0.0,0.0,0.0,nan,nan,nan,nan,nan,nan,0.0,12.541282,0.0,0.0,nan,0.0,0.0,0.0901578,0.0,0.0,0.0,0.0,0.0,0.0,0.0,0.0
72464765,0.0,0.0,0.0,0.3007085,0.30070847,0.0,0.0,0.0,0.0,0.0,0.0,0.0,nan,nan,nan,nan,nan,nan,0.0,12.541556,0.0,0.0,nan,0.0,0.0,0.09015718,0.0,0.0,0.0,0.0,0.0,0.0,0.0,0.0
72664852,0.0,0.0,0.0,0.30070814,0.30070812,0.0,0.0,0.0,0.0,0.0,0.0,0.0,nan,nan,nan,nan,nan,nan,0.0,12.541152,0.0,0.0,nan,0.0,0.0,0.090156995,0.0,0.0,0.0,0.0,0.0,0.0,0.0,0.0
72864951,0.0,0.0,0.0,0.3007076,0.30070755,0.0,0.0,0.0,0.0,0.0,0.0,0.0,nan,nan,nan,nan,nan,nan,0.0,12.541476,0.0,0.0,nan,0.0,0.0,0.09015689,0.0,0.0,0.0,0.0,0.0,0.0,0.0,0.0
73065081,0.0,0.0,0.0,0.30070692,0.30070683,0.0,0.0,0.0,0.0,0.0,0.0,0.0,nan,nan,nan,nan,nan,nan,0.0,12.540569,0.0,0.0,nan,0.0,0.0,0.090156555,0.0,0.0,0.0,0.0,0.0,0.0,0.0,0.0
73465253,0.0,0.0,0.0,0.30070576,0.3007056,0.0,0.0,0.0,0.0,0.0,0.0,0.0,nan,nan,nan,nan,nan,nan,0.0,12.5417595,0.0,0.0,nan,0.0,0.0,0.0901562,0.0,0.0,0.0,0.0,0.0,0.0,0.0,0.0
73665350,0.0,0.0,0.0,0.3007051,0.3007049,0.0,0.0,0.0,0.0,0.0,0.0,0.0,nan,nan,nan,nan,nan,nan,0.0,12.542059,0.0,0.0,nan,0.0,0.0,0.0901561,0.0,0.0,0.0,0.0,0.0,0.0,0.0,0.0
73865453,0.0,0.0,0.0,0.30070457,0.30070436,0.0,0.0,0.0,0.0,0.0,0.0,0.0,nan,nan,nan,nan,nan,nan,0.0,12.541098,0.0,0.0,nan,0.0,0.0,0.09015593,0.0,0.0,0.0,0.0,0.0,0.0,0.0,0.0
74065571,0.0,0.0,0.0,0.30070418,0.30070397,0.0,0.0,0.0,0.0,0.0,0.0,0.0,nan,nan,nan,nan,nan,nan,0.0,12.5419855,0.0,0.0,nan,0.0,0.0,0.09015573,0.0,0.0,0.0,0.0,0.0,0.0,0.0,0.0
74265651,0.0,0.0,0.0,0.30070406,0.30070382,0.0,0.0,0.0,0.0,0.0,0.0,0.0,nan,nan,nan,nan,nan,nan,0.0,12.541059,0.0,0.0,nan,0.0,0.0,0.09015556,0.0,0.0,0.0,0.0,0.0,0.0,0.0,0.0
74665871,0.0,0.0,0.0,0.30070347,0.30070323,0.0,0.0,0.0,0.0,0.0,0.0,0.0,nan,nan,nan,nan,nan,nan,0.0,12.541141,0.0,0.0,nan,0.0,0.0,0.090155184,0.0,0.0,0.0,0.0,0.0,0.0,0.0,0.0
75066067,0.0,0.0,0.0,0.30070278,0.3007025,0.0,0.0,0.0,0.0,0.0,0.0,0.0,nan,nan,nan,nan,nan,nan,0.0,12.540703,0.0,0.0,nan,0.0,0.0,0.090154834,0.0,0.0,0.0,0.0,0.0,0.0,0.0,0.0
75266149,0.0,0.0,0.0,0.30070224,0.30070195,0.0,0.0,0.0,0.0,0.0,0.0,0.0,nan,nan,nan,nan,nan,nan,0.0,12.539875,0.0,0.0,nan,0.0,0.0,0.09015465,0.0,0.0,0.0,0.0,0.0,0.0,0.0,0.0
75666352,0.0,0.0,0.0,0.3007014,0.30070108,0.0,0.0,0.0,0.0,0.0,0.0,0.0,nan,nan,nan,nan,nan,nan,0.0,12.541213,0.0,0.0,nan,0.0,0.0,0.090154305,0.0,0.0,0.0,0.0,0.0,0.0,0.0,0.0
75866514,0.0,0.0,0.0,0.30070114,0.3007008,0.0,0.0,0.0,0.0,0.0,0.0,0.0,nan,nan,nan,nan,nan,nan,0.0,12.54084,0.0,0.0,nan,0.0,0.0,0.090154156,0.0,0.0,0.0,0.0,0.0,0.0,0.0,0.0
76666862,0.0,0.0,0.0,0.3007005,0.30070013,0.0,0.0,0.0,0.0,0.0,0.0,0.0,nan,nan,nan,nan,nan,nan,0.0,12.541662,0.0,0.0,nan,0.0,0.0,0.09015351,0.0,0.0,0.0,0.0,0.0,0.0,0.0,0.0
76866977,0.0,0.0,0.0,0.30069998,0.30069962,0.0,0.0,0.0,0.0,0.0,0.0,0.0,nan,nan,nan,nan,nan,nan,0.0,12.5431595,0.0,0.0,nan,0.0,0.0,0.09015337,0.0,0.0,0.0,0.0,0.0,0.0,0.0,0.0
77067055,0.0,0.0,0.0,0.30069944,0.30069908,0.0,0.0,0.0,0.0,0.0,0.0,0.0,nan,nan,nan,nan,nan,nan,0.0,12.543916,0.0,0.0,nan,0.0,0.0,0.090153195,0.0,0.0,0.0,0.0,0.0,0.0,0.0,0.0
77667363,0.0,0.0,0.0,0.30069786,0.30069754,0.0,0.0,0.0,0.0,0.0,0.0,0.0,nan,nan,nan,nan,nan,nan,0.0,12.542587,0.0,0.0,nan,0.0,0.0,0.09015273,0.0,0.0,0.0,0.0,0.0,0.0,0.0,0.0
78067564,0.0,0.0,0.0,0.3006964,0.30069607,0.0,0.0,0.0,0.0,0.0,0.0,0.0,nan,nan,nan,nan,nan,nan,0.0,12.544726,0.0,0.0,nan,0.0,0.0,0.09015247,0.0,0.0,0.0,0.0,0.0,0.0,0.0,0.0
78467755,0.0,0.0,0.0,0.30069515,0.30069485,0.0,0.0,0.0,0.0,0.0,0.0,0.0,nan,nan,nan,nan,nan,nan,0.0,12.543559,0.0,0.0,nan,0.0,0.0,0.09015231,0.0,0.0,0.0,0.0,0.0,0.0,0.0,0.0
79868466,0.0,0.0,0.0,0.30069256,0.30069226,0.0,0.0,0.0,0.0,0.0,0.0,0.0,nan,nan,nan,nan,nan,nan,0.0,12.5418625,0.0,0.0,nan,0.0,0.0,0.09015136,0.0,0.0,0.0,0.0,0.0,0.0,0.0,0.0
80868974,0.0,0.0,0.0,0.3006932,0.30069298,0.0,0.0,0.0,0.0,0.0,0.0,0.0,nan,nan,nan,nan,nan,nan,0.0,12.543486,0.0,0.0,nan,0.0,0.0,0.090150766,0.0,0.0,0.0,0.0,0.0,0.0,0.0,0.0
81069066,0.0,0.0,0.0,0.30069378,0.30069354,0.0,0.0,0.0,0.0,0.0,0.0,0.0,nan,nan,nan,nan,nan,nan,0.0,12.542937,0.0,0.0,nan,0.0,0.0,0.09015064,0.0,0.0,0.0,0.0,0.0,0.0,0.0,0.0
81859469,0.0,0.0,0.0,0.30069575,0.30069545,0.0,0.0,0.0,0.0,0.0,0.0,0.0,nan,nan,nan,nan,nan,nan,0.0,12.541936,0.0,0.0,nan,0.0,0.0,0.09015032,0.0,0.0,0.0,0.0,0.0,0.0,0.0,0.0
82059574,0.0,0.0,0.0,0.30069593,0.30069563,0.0,0.0,0.0,0.0,0.0,0.0,0.0,nan,nan,nan,nan,nan,nan,0.0,12.5409775,0.0,0.0,nan,0.0,0.0,0.090150215,0.0,0.0,0.0,0.0,0.0,0.0,0.0,0.0
82259668,0.0,0.0,0.0,0.30069587,0.30069557,0.0,0.0,0.0,0.0,0.0,0.0,0.0,nan,nan,nan,nan,nan,nan,0.0,12.540586,0.0,0.0,nan,0.0,0.0,0.090150096,0.0,0.0,0.0,0.0,0.0,0.0,0.0,0.0
82459790,0.0,0.0,0.0,0.3006959,0.3006956,0.0,0.0,0.0,0.0,0.0,0.0,0.0,nan,nan,nan,nan,nan,nan,0.0,12.543455,0.0,0.0,nan,0.0,0.0,0.090150006,0.0,0.0,0.0,0.0,0.0,0.0,0.0,0.0
82859973,0.0,0.0,0.0,0.3006963,0.300696,0.0,0.0,0.0,0.0,0.0,0.0,0.0,nan,nan,nan,nan,nan,nan,0.0,12.543003,0.0,0.0,nan,0.0,0.0,0.0901498,0.0,0.0,0.0,0.0,0.0,0.0,0.0,0.0
83660381,0.0,0.0,0.0,0.30069628,0.30069602,0.0,0.0,0.0,0.0,0.0,0.0,0.0,nan,nan,nan,nan,nan,nan,0.0,12.544324,0.0,0.0,nan,0.0,0.0,0.0901494,0.0,0.0,0.0,0.0,0.0,0.0,0.0,0.0
83860480,0.0,0.0,0.0,0.3006962,0.30069596,0.0,0.0,0.0,0.0,0.0,0.0,0.0,nan,nan,nan,nan,nan,nan,0.0,12.544971,0.0,0.0,nan,0.0,0.0,0.09014929,0.0,0.0,0.0,0.0,0.0,0.0,0.0,0.0
84460789,0.0,0.0,0.0,0.30069596,0.30069578,0.0,0.0,0.0,0.0,0.0,0.0,0.0,nan,nan,nan,nan,nan,nan,0.0,12.543247,0.0,0.0,nan,0.0,0.0,0.09014902,0.0,0.0,0.0,0.0,0.0,0.0,0.0,0.0
84660887,0.0,0.0,0.0,0.30069584,0.30069566,0.0,0.0,0.0,0.0,0.0,0.0,0.0,nan,nan,nan,nan,nan,nan,0.0,12.5434,0.0,0.0,nan,0.0,0.0,0.090148926,0.0,0.0,0.0,0.0,0.0,0.0,0.0,0.0
85061090,0.0,0.0,0.0,0.30069536,0.3006952,0.0,0.0,0.0,0.0,0.0,0.0,0.0,nan,nan,nan,nan,nan,nan,0.0,12.542909,0.0,0.0,nan,0.0,0.0,0.09014875,0.0,0.0,0.0,0.0,0.0,0.0,0.0,0.0
85261192,0.0,0.0,0.0,0.30069503,0.3006949,0.0,0.0,0.0,0.0,0.0,0.0,0.0,nan,nan,nan,nan,nan,nan,0.0,12.543032,0.0,0.0,nan,0.0,0.0,0.090148665,0.0,0.0,0.0,0.0,0.0,0.0,0.0,0.0
85461300,0.0,0.0,0.0,0.30069458,0.30069447,0.0,0.0,0.0,0.0,0.0,0.0,0.0,nan,nan,nan,nan,nan,nan,0.0,12.543201,0.0,0.0,nan,0.0,0.0,0.09014859,0.0,0.0,0.0,0.0,0.0,0.0,0.0,0.0
85661404,0.0,0.0,0.0,0.30069426,0.30069414,0.0,0.0,0.0,0.0,0.0,0.0,0.0,nan,nan,nan,nan,nan,nan,0.0,12.542708,0.0,0.0,nan,0.0,0.0,0.09014861,0.0,0.0,0.0,0.0,0.0,0.0,0.0,0.0
85861502,0.0,0.0,0.0,0.30069414,0.30069405,0.0,0.0,0.0,0.0,0.0,0.0,0.0,nan,nan,nan,nan,nan,nan,0.0,12.5416765,0.0,0.0,nan,0.0,0.0,0.09014854,0.0,0.0,0.0,0.0,0.0,0.0,0.0,0.0
86061603,0.0,0.0,0.0,0.30069396,0.30069387,0.0,0.0,0.0,0.0,0.0,0.0,0.0,nan,nan,nan,nan,nan,nan,0.0,12.543151,0.0,0.0,nan,0.0,0.0,0.09014844,0.0,0.0,0.0,0.0,0.0,0.0,0.0,0.0
86261705,0.0,0.0,0.0,0.30069372,0.3006936,0.0,0.0,0.0,0.0,0.0,0.0,0.0,nan,nan,nan,nan,nan,nan,0.0,12.542636,0.0,0.0,nan,0.0,0.0,0.090148374,0.0,0.0,0.0,0.0,0.0,0.0,0.0,0.0
86461804,0.0,0.0,0.0,0.30069357,0.30069348,0.0,0.0,0.0,0.0,0.0,0.0,0.0,nan,nan,nan,nan,nan,nan,0.0,12.543998,0.0,0.0,nan,0.0,0.0,0.090148285,0.0,0.0,0.0,0.0,0.0,0.0,0.0,0.0
87262220,0.0,0.0,0.0,0.30069357,0.30069357,0.0,0.0,0.0,0.0,0.0,0.0,0.0,nan,nan,nan,nan,nan,nan,0.0,12.544373,0.0,0.0,nan,0.0,0.0,0.090147994,0.0,0.0,0.0,0.0,0.0,0.0,0.0,0.0
87462318,0.0,0.0,0.0,0.30069375,0.30069378,0.0,0.0,0.0,0.0,0.0,0.0,0.0,nan,nan,nan,nan,nan,nan,0.0,12.543181,0.0,0.0,nan,0.0,0.0,0.090148024,0.0,0.0,0.0,0.0,0.0,0.0,0.0,0.0
87662419,0.0,0.0,0.0,0.30069405,0.3006941,0.0,0.0,0.0,0.0,0.0,0.0,0.0,nan,nan,nan,nan,nan,nan,0.0,12.54331,0.0,0.0,nan,0.0,0.0,0.09014796,0.0,0.0,0.0,0.0,0.0,0.0,0.0,0.0
87862519,0.0,0.0,0.0,0.30069447,0.30069456,0.0,0.0,0.0,0.0,0.0,0.0,0.0,nan,nan,nan,nan,nan,nan,0.0,12.54219,0.0,0.0,nan,0.0,0.0,0.090147875,0.0,0.0,0.0,0.0,0.0,0.0,0.0,0.0
88062621,0.0,0.0,0.0,0.30069494,0.30069503,0.0,0.0,0.0,0.0,0.0,0.0,0.0,nan,nan,nan,nan,nan,nan,0.0,12.54171,0.0,0.0,nan,0.0,0.0,0.090147816,0.0,0.0,0.0,0.0,0.0,0.0,0.0,0.0
88462826,0.0,0.0,0.0,0.30069578,0.3006959,0.0,0.0,0.0,0.0,0.0,0.0,0.0,nan,nan,nan,nan,nan,nan,0.0,12.545054,0.0,0.0,nan,0.0,0.0,0.09014767,0.0,0.0,0.0,0.0,0.0,0.0,0.0,0.0
88662931,0.0,0.0,0.0,0.30069602,0.30069613,0.0,0.0,0.0,0.0,0.0,0.0,0.0,nan,nan,nan,nan,nan,nan,0.0,12.5437975,0.0,0.0,nan,0.0,0.0,0.090147585,0.0,0.0,0.0,0.0,0.0,0.0,0.0,0.0
89263280,0.0,0.0,0.0,0.30069748,0.30069762,0.0,0.0,0.0,0.0,0.0,0.0,0.0,nan,nan,nan,nan,nan,nan,0.0,12.5421715,0.0,0.0,nan,0.0,0.0,0.0901474,0.0,0.0,0.0,0.0,0.0,0.0,0.0,0.0
89463341,0.0,0.0,0.0,0.30069768,0.30069783,0.0,0.0,0.0,0.0,0.0,0.0,0.0,nan,nan,nan,nan,nan,nan,0.0,12.542388,0.0,0.0,nan,0.0,0.0,0.090147324,0.0,0.0,0.0,0.0,0.0,0.0,0.0,0.0
89663464,0.0,0.0,0.0,0.3006979,0.30069804,0.0,0.0,0.0,0.0,0.0,0.0,0.0,nan,nan,nan,nan,nan,nan,0.0,12.541355,0.0,0.0,nan,0.0,0.0,0.09014727,0.0,0.0,0.0,0.0,0.0,0.0,0.0,0.0
89863543,0.0,0.0,0.0,0.3006978,0.30069792,0.0,0.0,0.0,0.0,0.0,0.0,0.0,nan,nan,nan,nan,nan,nan,0.0,12.542195,0.0,0.0,nan,0.0,0.0,0.09014722,0.0,0.0,0.0,0.0,0.0,0.0,0.0,0.0
91064183,0.0,0.0,0.0,0.30069655,0.30069667,0.0,0.0,0.0,0.0,0.0,0.0,0.0,nan,nan,nan,nan,nan,nan,0.0,12.54125,0.0,0.0,nan,0.0,0.0,0.090146974,0.0,0.0,0.0,0.0,0.0,0.0,0.0,0.0
91464367,0.0,0.0,0.0,0.30069578,0.30069587,0.0,0.0,0.0,0.0,0.0,0.0,0.0,nan,nan,nan,nan,nan,nan,0.0,12.540615,0.0,0.0,nan,0.0,0.0,0.09014686,0.0,0.0,0.0,0.0,0.0,0.0,0.0,0.0
91864585,0.0,0.0,0.0,0.30069458,0.30069464,0.0,0.0,0.0,0.0,0.0,0.0,0.0,nan,nan,nan,nan,nan,nan,0.0,12.541718,0.0,0.0,nan,0.0,0.0,0.09014675,0.0,0.0,0.0,0.0,0.0,0.0,0.0,0.0
92264810,0.0,0.0,0.0,0.30069384,0.30069384,0.0,0.0,0.0,0.0,0.0,0.0,0.0,nan,nan,nan,nan,nan,nan,0.0,12.543979,0.0,0.0,nan,0.0,0.0,0.090146646,0.0,0.0,0.0,0.0,0.0,0.0,0.0,0.0
92464895,0.0,0.0,0.0,0.3006935,0.30069348,0.0,0.0,0.0,0.0,0.0,0.0,0.0,nan,nan,nan,nan,nan,nan,0.0,12.5428505,0.0,0.0,nan,0.0,0.0,0.09014659,0.0,0.0,0.0,0.0,0.0,0.0,0.0,0.0
92865086,0.0,0.0,0.0,0.3006931,0.30069304,0.0,0.0,0.0,0.0,0.0,0.0,0.0,nan,nan,nan,nan,nan,nan,0.0,12.543776,0.0,0.0,nan,0.0,0.0,0.09014649,0.0,0.0,0.0,0.0,0.0,0.0,0.0,0.0
93065194,0.0,0.0,0.0,0.30069268,0.3006926,0.0,0.0,0.0,0.0,0.0,0.0,0.0,nan,nan,nan,nan,nan,nan,0.0,12.542632,0.0,0.0,nan,0.0,0.0,0.09014645,0.0,0.0,0.0,0.0,0.0,0.0,0.0,0.0
93465404,0.0,0.0,0.0,0.300692,0.30069184,0.0,0.0,0.0,0.0,0.0,0.0,0.0,nan,nan,nan,nan,nan,nan,0.0,12.54232,0.0,0.0,nan,0.0,0.0,0.090146355,0.0,0.0,0.0,0.0,0.0,0.0,0.0,0.0
93665527,0.0,0.0,0.0,0.30069175,0.30069157,0.0,0.0,0.0,0.0,0.0,0.0,0.0,nan,nan,nan,nan,nan,nan,0.0,12.542545,0.0,0.0,nan,0.0,0.0,0.0901463,0.0,0.0,0.0,0.0,0.0,0.0,0.0,0.0
94065708,0.0,0.0,0.0,0.3006923,0.30069205,0.0,0.0,0.0,0.0,0.0,0.0,0.0,nan,nan,nan,nan,nan,nan,0.0,12.543565,0.0,0.0,nan,0.0,0.0,0.090146214,0.0,0.0,0.0,0.0,0.0,0.0,0.0,0.0
94465912,0.0,0.0,0.0,0.30069444,0.3006942,0.0,0.0,0.0,0.0,0.0,0.0,0.0,nan,nan,nan,nan,nan,nan,0.0,12.541981,0.0,0.0,nan,0.0,0.0,0.090146124,0.0,0.0,0.0,0.0,0.0,0.0,0.0,0.0
94666019,0.0,0.0,0.0,0.30069545,0.30069518,0.0,0.0,0.0,0.0,0.0,0.0,0.0,nan,nan,nan,nan,nan,nan,0.0,12.542206,0.0,0.0,nan,0.0,0.0,0.090146095,0.0,0.0,0.0,0.0,0.0,0.0,0.0,0.0
94866120,0.0,0.0,0.0,0.30069655,0.30069625,0.0,0.0,0.0,0.0,0.0,0.0,0.0,nan,nan,nan,nan,nan,nan,0.0,12.541207,0.0,0.0,nan,0.0,0.0,0.09014604,0.0,0.0,0.0,0.0,0.0,0.0,0.0,0.0
95066248,0.0,0.0,0.0,0.30069754,0.30069727,0.0,0.0,0.0,0.0,0.0,0.0,0.0,nan,nan,nan,nan,nan,nan,0.0,12.541534,0.0,0.0,nan,0.0,0.0,0.09014601,0.0,0.0,0.0,0.0,0.0,0.0,0.0,0.0
95466436,0.0,0.0,0.0,0.3006991,0.30069882,0.0,0.0,0.0,0.0,0.0,0.0,0.0,nan,nan,nan,nan,nan,nan,0.0,12.540253,0.0,0.0,nan,0.0,0.0,0.09014593,0.0,0.0,0.0,0.0,0.0,0.0,0.0,0.0
96066741,0.0,0.0,0.0,0.3006997,0.3006994,0.0,0.0,0.0,0.0,0.0,0.0,0.0,nan,nan,nan,nan,nan,nan,0.0,12.540744,0.0,0.0,nan,0.0,0.0,0.09014581,0.0,0.0,0.0,0.0,0.0,0.0,0.0,0.0
96266845,0.0,0.0,0.0,0.3006999,0.3006996,0.0,0.0,0.0,0.0,0.0,0.0,0.0,nan,nan,nan,nan,nan,nan,0.0,12.539929,0.0,0.0,nan,0.0,0.0,0.09014578,0.0,0.0,0.0,0.0,0.0,0.0,0.0,0.0
96466950,0.0,0.0,0.0,0.30070025,0.30069995,0.0,0.0,0.0,0.0,0.0,0.0,0.0,nan,nan,nan,nan,nan,nan,0.0,12.540393,0.0,0.0,nan,0.0,0.0,0.09014574,0.0,0.0,0.0,0.0,0.0,0.0,0.0,0.0
96867156,0.0,0.0,0.0,0.30070138,0.30070108,0.0,0.0,0.0,0.0,0.0,0.0,0.0,nan,nan,nan,nan,nan,nan,0.0,12.539356,0.0,0.0,nan,0.0,0.0,0.09014566,0.0,0.0,0.0,0.0,0.0,0.0,0.0,0.0
97067263,0.0,0.0,0.0,0.30070198,0.30070168,0.0,0.0,0.0,0.0,0.0,0.0,0.0,nan,nan,nan,nan,nan,nan,0.0,12.539853,0.0,0.0,nan,0.0,0.0,0.09014564,0.0,0.0,0.0,0.0,0.0,0.0,0.0,0.0
97267366,0.0,0.0,0.0,0.30070254,0.30070227,0.0,0.0,0.0,0.0,0.0,0.0,0.0,nan,nan,nan,nan,nan,nan,0.0,12.539112,0.0,0.0,nan,0.0,0.0,0.09014561,0.0,0.0,0.0,0.0,0.0,0.0,0.0,0.0
97667571,0.0,0.0,0.0,0.30070326,0.300703,0.0,0.0,0.0,0.0,0.0,0.0,0.0,nan,nan,nan,nan,nan,nan,0.0,12.53944,0.0,0.0,nan,0.0,0.0,0.090145655,0.0,0.0,0.0,0.0,0.0,0.0,0.0,0.0
97867683,0.0,0.0,0.0,0.30070326,0.30070296,0.0,0.0,0.0,0.0,0.0,0.0,0.0,nan,nan,nan,nan,nan,nan,0.0,12.540002,0.0,0.0,nan,0.0,0.0,0.09014562,0.0,0.0,0.0,0.0,0.0,0.0,0.0,0.0
98267887,0.0,0.0,0.0,0.30070314,0.30070287,0.0,0.0,0.0,0.0,0.0,0.0,0.0,nan,nan,nan,nan,nan,nan,0.0,12.539096,0.0,0.0,nan,0.0,0.0,0.09014556,0.0,0.0,0.0,0.0,0.0,0.0,0.0,0.0
98668091,0.0,0.0,0.0,0.30070293,0.3007027,0.0,0.0,0.0,0.0,0.0,0.0,0.0,nan,nan,nan,nan,nan,nan,0.0,12.540653,0.0,0.0,nan,0.0,0.0,0.090145506,0.0,0.0,0.0,0.0,0.0,0.0,0.0,0.0
98868196,0.0,0.0,0.0,0.30070305,0.30070275,0.0,0.0,0.0,0.0,0.0,0.0,0.0,nan,nan,nan,nan,nan,nan,0.0,12.54112,0.0,0.0,nan,0.0,0.0,0.09014558,0.0,0.0,0.0,0.0,0.0,0.0,0.0,0.0
99268407,0.0,0.0,0.0,0.30070293,0.30070263,0.0,0.0,0.0,0.0,0.0,0.0,0.0,nan,nan,nan,nan,nan,nan,0.0,12.540022,0.0,0.0,nan,0.0,0.0,0.09014552,0.0,0.0,0.0,0.0,0.0,0.0,0.0,0.0
101069374,0.0,0.0,0.0,0.30070478,0.3007046,0.0,0.0,0.0,0.0,0.0,0.0,0.0,nan,nan,nan,nan,nan,nan,0.0,12.544016,0.0,0.0,nan,0.0,0.0,0.09014528,0.0,0.0,0.0,0.0,0.0,0.0,0.0,0.0
101269452,0.0,0.0,0.0,0.30070543,0.30070525,0.0,0.0,0.0,0.0,0.0,0.0,0.0,nan,nan,nan,nan,nan,nan,0.0,12.542891,0.0,0.0,nan,0.0,0.0,0.09014525,0.0,0.0,0.0,0.0,0.0,0.0,0.0,0.0
101459564,0.0,0.0,0.0,0.30070606,0.3007059,0.0,0.0,0.0,0.0,0.0,0.0,0.0,nan,nan,nan,nan,nan,nan,0.0,12.543671,0.0,0.0,nan,0.0,0.0,0.09014523,0.0,0.0,0.0,0.0,0.0,0.0,0.0,0.0
102860292,0.0,0.0,0.0,0.30070615,0.30070612,0.0,0.0,0.0,0.0,0.0,0.0,0.0,nan,nan,nan,nan,nan,nan,0.0,12.542476,0.0,0.0,nan,0.0,0.0,0.090145186,0.0,0.0,0.0,0.0,0.0,0.0,0.0,0.0
103060404,0.0,0.0,0.0,0.300706,0.300706,0.0,0.0,0.0,0.0,0.0,0.0,0.0,nan,nan,nan,nan,nan,nan,0.0,12.541459,0.0,0.0,nan,0.0,0.0,0.09014517,0.0,0.0,0.0,0.0,0.0,0.0,0.0,0.0
103860810,0.0,0.0,0.0,0.30070445,0.3007045,0.0,0.0,0.0,0.0,0.0,0.0,0.0,nan,nan,nan,nan,nan,nan,0.0,12.543126,0.0,0.0,nan,0.0,0.0,0.09014509,0.0,0.0,0.0,0.0,0.0,0.0,0.0,0.0
104060913,0.0,0.0,0.0,0.3007037,0.30070376,0.0,0.0,0.0,0.0,0.0,0.0,0.0,nan,nan,nan,nan,nan,nan,0.0,12.543238,0.0,0.0,nan,0.0,0.0,0.09014506,0.0,0.0,0.0,0.0,0.0,0.0,0.0,0.0
104461130,0.0,0.0,0.0,0.30070293,0.300703,0.0,0.0,0.0,0.0,0.0,0.0,0.0,nan,nan,nan,nan,nan,nan,0.0,12.5416565,0.0,0.0,nan,0.0,0.0,0.09014502,0.0,0.0,0.0,0.0,0.0,0.0,0.0,0.0
104861338,0.0,0.0,0.0,0.3007025,0.30070257,0.0,0.0,0.0,0.0,0.0,0.0,0.0,nan,nan,nan,nan,nan,nan,0.0,12.543241,0.0,0.0,nan,0.0,0.0,0.09014498,0.0,0.0,0.0,0.0,0.0,0.0,0.0,0.0
105661774,0.0,0.0,0.0,0.30070126,0.3007013,0.0,0.0,0.0,0.0,0.0,0.0,0.0,nan,nan,nan,nan,nan,nan,0.0,12.541435,0.0,0.0,nan,0.0,0.0,0.09014502,0.0,0.0,0.0,0.0,0.0,0.0,0.0,0.0
105861863,0.0,0.0,0.0,0.30070063,0.30070066,0.0,0.0,0.0,0.0,0.0,0.0,0.0,nan,nan,nan,nan,nan,nan,0.0,12.54293,0.0,0.0,nan,0.0,0.0,0.09014499,0.0,0.0,0.0,0.0,0.0,0.0,0.0,0.0
107062496,0.0,0.0,0.0,0.3007004,0.30070043,0.0,0.0,0.0,0.0,0.0,0.0,0.0,nan,nan,nan,nan,nan,nan,0.0,12.542989,0.0,0.0,nan,0.0,0.0,0.09014501,0.0,0.0,0.0,0.0,0.0,0.0,0.0,0.0
107262611,0.0,0.0,0.0,0.30070052,0.30070055,0.0,0.0,0.0,0.0,0.0,0.0,0.0,nan,nan,nan,nan,nan,nan,0.0,12.54194,0.0,0.0,nan,0.0,0.0,0.09014498,0.0,0.0,0.0,0.0,0.0,0.0,0.0,0.0
107462705,0.0,0.0,0.0,0.30070072,0.30070072,0.0,0.0,0.0,0.0,0.0,0.0,0.0,nan,nan,nan,nan,nan,nan,0.0,12.541486,0.0,0.0,nan,0.0,0.0,0.09014497,0.0,0.0,0.0,0.0,0.0,0.0,0.0,0.0
107662817,0.0,0.0,0.0,0.30070096,0.30070096,0.0,0.0,0.0,0.0,0.0,0.0,0.0,nan,nan,nan,nan,nan,nan,0.0,12.541752,0.0,0.0,nan,0.0,0.0,0.09014495,0.0,0.0,0.0,0.0,0.0,0.0,0.0,0.0
108063026,0.0,0.0,0.0,0.30070096,0.300701,0.0,0.0,0.0,0.0,0.0,0.0,0.0,nan,nan,nan,nan,nan,nan,0.0,12.542916,0.0,0.0,nan,0.0,0.0,0.09014491,0.0,0.0,0.0,0.0,0.0,0.0,0.0,0.0
108263135,0.0,0.0,0.0,0.30070084,0.30070087,0.0,0.0,0.0,0.0,0.0,0.0,0.0,nan,nan,nan,nan,nan,nan,0.0,12.541852,0.0,0.0,nan,0.0,0.0,0.090144895,0.0,0.0,0.0,0.0,0.0,0.0,0.0,0.0
108463240,0.0,0.0,0.0,0.30070058,0.30070063,0.0,0.0,0.0,0.0,0.0,0.0,0.0,nan,nan,nan,nan,nan,nan,0.0,12.542089,0.0,0.0,nan,0.0,0.0,0.09014487,0.0,0.0,0.0,0.0,0.0,0.0,0.0,0.0
109063555,0.0,0.0,0.0,0.3007002,0.30070022,0.0,0.0,0.0,0.0,0.0,0.0,0.0,nan,nan,nan,nan,nan,nan,0.0,12.542267,0.0,0.0,nan,0.0,0.0,0.09014494,0.0,0.0,0.0,0.0,0.0,0.0,0.0,0.0
110264198,0.0,0.0,0.0,0.30070046,0.3007005,0.0,0.0,0.0,0.0,0.0,0.0,0.0,nan,nan,nan,nan,nan,nan,0.0,12.541242,0.0,0.0,nan,0.0,0.0,0.09014484,0.0,0.0,0.0,0.0,0.0,0.0,0.0,0.0
110664420,0.0,0.0,0.0,0.3007008,0.30070084,0.0,0.0,0.0,0.0,0.0,0.0,0.0,nan,nan,nan,nan,nan,nan,0.0,12.540018,0.0,0.0,nan,0.0,0.0,0.09014471,0.0,0.0,0.0,0.0,0.0,0.0,0.0,0.0
111064633,0.0,0.0,0.0,0.30070114,0.30070123,0.0,0.0,0.0,0.0,0.0,0.0,0.0,nan,nan,nan,nan,nan,nan,0.0,12.54088,0.0,0.0,nan,0.0,0.0,0.09014479,0.0,0.0,0.0,0.0,0.0,0.0,0.0,0.0
111865058,0.0,0.0,0.0,0.3007013,0.30070144,0.0,0.0,0.0,0.0,0.0,0.0,0.0,nan,nan,nan,nan,nan,nan,0.0,12.539543,0.0,0.0,nan,0.0,0.0,0.09014463,0.0,0.0,0.0,0.0,0.0,0.0,0.0,0.0
112265260,0.0,0.0,0.0,0.3007014,0.30070153,0.0,0.0,0.0,0.0,0.0,0.0,0.0,nan,nan,nan,nan,nan,nan,0.0,12.539799,0.0,0.0,nan,0.0,0.0,0.090144604,0.0,0.0,0.0,0.0,0.0,0.0,0.0,0.0
112665478,0.0,0.0,0.0,0.3007013,0.30070144,0.0,0.0,0.0,0.0,0.0,0.0,0.0,nan,nan,nan,nan,nan,nan,0.0,12.539633,0.0,0.0,nan,0.0,0.0,0.09014458,0.0,0.0,0.0,0.0,0.0,0.0,0.0,0.0
113265830,0.0,0.0,0.0,0.30070132,0.30070147,0.0,0.0,0.0,0.0,0.0,0.0,0.0,nan,nan,nan,nan,nan,nan,0.0,12.539275,0.0,0.0,nan,0.0,0.0,0.090144545,0.0,0.0,0.0,0.0,0.0,0.0,0.0,0.0
113465930,0.0,0.0,0.0,0.3007011,0.30070126,0.0,0.0,0.0,0.0,0.0,0.0,0.0,nan,nan,nan,nan,nan,nan,0.0,12.539057,0.0,0.0,nan,0.0,0.0,0.09014454,0.0,0.0,0.0,0.0,0.0,0.0,0.0,0.0
114266338,0.0,0.0,0.0,0.30069992,0.3007,0.0,0.0,0.0,0.0,0.0,0.0,0.0,nan,nan,nan,nan,nan,nan,0.0,12.54029,0.0,0.0,nan,0.0,0.0,0.09014461,0.0,0.0,0.0,0.0,0.0,0.0,0.0,0.0
114666550,0.0,0.0,0.0,0.30069938,0.30069944,0.0,0.0,0.0,0.0,0.0,0.0,0.0,nan,nan,nan,nan,nan,nan,0.0,12.539957,0.0,0.0,nan,0.0,0.0,0.09014459,0.0,0.0,0.0,0.0,0.0,0.0,0.0,0.0
115467013,0.0,0.0,0.0,0.30070055,0.30070055,0.0,0.0,0.0,0.0,0.0,0.0,0.0,nan,nan,nan,nan,nan,nan,0.0,12.540486,0.0,0.0,nan,0.0,0.0,0.09014456,0.0,0.0,0.0,0.0,0.0,0.0,0.0,0.0
115867198,0.0,0.0,0.0,0.30070102,0.30070096,0.0,0.0,0.0,0.0,0.0,0.0,0.0,nan,nan,nan,nan,nan,nan,0.0,12.5402565,0.0,0.0,nan,0.0,0.0,0.09014454,0.0,0.0,0.0,0.0,0.0,0.0,0.0,0.0
116267415,0.0,0.0,0.0,0.3007015,0.3007014,0.0,0.0,0.0,0.0,0.0,0.0,0.0,nan,nan,nan,nan,nan,nan,0.0,12.539324,0.0,0.0,nan,0.0,0.0,0.090144515,0.0,0.0,0.0,0.0,0.0,0.0,0.0,0.0
116467526,0.0,0.0,0.0,0.30070147,0.30070135,0.0,0.0,0.0,0.0,0.0,0.0,0.0,nan,nan,nan,nan,nan,nan,0.0,12.539909,0.0,0.0,nan,0.0,0.0,0.090144515,0.0,0.0,0.0,0.0,0.0,0.0,0.0,0.0
117067852,0.0,0.0,0.0,0.30070147,0.30070132,0.0,0.0,0.0,0.0,0.0,0.0,0.0,nan,nan,nan,nan,nan,nan,0.0,12.539566,0.0,0.0,nan,0.0,0.0,0.090144485,0.0,0.0,0.0,0.0,0.0,0.0,0.0,0.0
117468074,0.0,0.0,0.0,0.3007019,0.3007017,0.0,0.0,0.0,0.0,0.0,0.0,0.0,nan,nan,nan,nan,nan,nan,0.0,12.541178,0.0,0.0,nan,0.0,0.0,0.09014448,0.0,0.0,0.0,0.0,0.0,0.0,0.0,0.0
118268499,0.0,0.0,0.0,0.30070433,0.30070415,0.0,0.0,0.0,0.0,0.0,0.0,0.0,nan,nan,nan,nan,nan,nan,0.0,12.540935,0.0,0.0,nan,0.0,0.0,0.09014455,0.0,0.0,0.0,0.0,0.0,0.0,0.0,0.0
118468611,0.0,0.0,0.0,0.30070472,0.30070454,0.0,0.0,0.0,0.0,0.0,0.0,0.0,nan,nan,nan,nan,nan,nan,0.0,12.54014,0.0,0.0,nan,0.0,0.0,0.09014454,0.0,0.0,0.0,0.0,0.0,0.0,0.0,0.0
119068934,0.0,0.0,0.0,0.30070555,0.30070537,0.0,0.0,0.0,0.0,0.0,0.0,0.0,nan,nan,nan,nan,nan,nan,0.0,12.541832,0.0,0.0,nan,0.0,0.0,0.09014452,0.0,0.0,0.0,0.0,0.0,0.0,0.0,0.0
119269043,0.0,0.0,0.0,0.30070606,0.30070594,0.0,0.0,0.0,0.0,0.0,0.0,0.0,nan,nan,nan,nan,nan,nan,0.0,12.540943,0.0,0.0,nan,0.0,0.0,0.09014451,0.0,0.0,0.0,0.0,0.0,0.0,0.0,0.0
120059483,0.0,0.0,0.0,0.300707,0.3007069,0.0,0.0,0.0,0.0,0.0,0.0,0.0,nan,nan,nan,nan,nan,nan,0.0,12.543379,0.0,0.0,nan,0.0,0.0,0.09014449,0.0,0.0,0.0,0.0,0.0,0.0,0.0,0.0
120659806,0.0,0.0,0.0,0.30070767,0.3007076,0.0,0.0,0.0,0.0,0.0,0.0,0.0,nan,nan,nan,nan,nan,nan,0.0,12.542022,0.0,0.0,nan,0.0,0.0,0.09014458,0.0,0.0,0.0,0.0,0.0,0.0,0.0,0.0
121060023,0.0,0.0,0.0,0.30070835,0.3007083,0.0,0.0,0.0,0.0,0.0,0.0,0.0,nan,nan,nan,nan,nan,nan,0.0,12.543063,0.0,0.0,nan,0.0,0.0,0.09014457,0.0,0.0,0.0,0.0,0.0,0.0,0.0,0.0
121260131,0.0,0.0,0.0,0.3007085,0.30070847,0.0,0.0,0.0,0.0,0.0,0.0,0.0,nan,nan,nan,nan,nan,nan,0.0,12.543231,0.0,0.0,nan,0.0,0.0,0.09014455,0.0,0.0,0.0,0.0,0.0,0.0,0.0,0.0
121860467,0.0,0.0,0.0,0.30070803,0.300708,0.0,0.0,0.0,0.0,0.0,0.0,0.0,nan,nan,nan,nan,nan,nan,0.0,12.541906,0.0,0.0,nan,0.0,0.0,0.09014454,0.0,0.0,0.0,0.0,0.0,0.0,0.0,0.0
122260691,0.0,0.0,0.0,0.30070817,0.30070817,0.0,0.0,0.0,0.0,0.0,0.0,0.0,nan,nan,nan,nan,nan,nan,0.0,12.542993,0.0,0.0,nan,0.0,0.0,0.09014452,0.0,0.0,0.0,0.0,0.0,0.0,0.0,0.0
122460791,0.0,0.0,0.0,0.30070838,0.3007084,0.0,0.0,0.0,0.0,0.0,0.0,0.0,nan,nan,nan,nan,nan,nan,0.0,12.541918,0.0,0.0,nan,0.0,0.0,0.0901444,0.0,0.0,0.0,0.0,0.0,0.0,0.0,0.0
122660912,0.0,0.0,0.0,0.3007086,0.30070862,0.0,0.0,0.0,0.0,0.0,0.0,0.0,nan,nan,nan,nan,nan,nan,0.0,12.542145,0.0,0.0,nan,0.0,0.0,0.09014451,0.0,0.0,0.0,0.0,0.0,0.0,0.0,0.0
122861011,0.0,0.0,0.0,0.30070874,0.30070877,0.0,0.0,0.0,0.0,0.0,0.0,0.0,nan,nan,nan,nan,nan,nan,0.0,12.541707,0.0,0.0,nan,0.0,0.0,0.0901445,0.0,0.0,0.0,0.0,0.0,0.0,0.0,0.0
123261236,0.0,0.0,0.0,0.3007086,0.30070865,0.0,0.0,0.0,0.0,0.0,0.0,0.0,nan,nan,nan,nan,nan,nan,0.0,12.54229,0.0,0.0,nan,0.0,0.0,0.090144485,0.0,0.0,0.0,0.0,0.0,0.0,0.0,0.0
123461345,0.0,0.0,0.0,0.30070862,0.30070868,0.0,0.0,0.0,0.0,0.0,0.0,0.0,nan,nan,nan,nan,nan,nan,0.0,12.543077,0.0,0.0,nan,0.0,0.0,0.090144485,0.0,0.0,0.0,0.0,0.0,0.0,0.0,0.0
124461898,0.0,0.0,0.0,0.30070928,0.30070943,0.0,0.0,0.0,0.0,0.0,0.0,0.0,nan,nan,nan,nan,nan,nan,0.0,12.54201,0.0,0.0,nan,0.0,0.0,0.09014445,0.0,0.0,0.0,0.0,0.0,0.0,0.0,0.0
125062236,0.0,0.0,0.0,0.30070862,0.30070883,0.0,0.0,0.0,0.0,0.0,0.0,0.0,nan,nan,nan,nan,nan,nan,0.0,12.540857,0.0,0.0,nan,0.0,0.0,0.09014443,0.0,0.0,0.0,0.0,0.0,0.0,0.0,0.0
125262341,0.0,0.0,0.0,0.30070806,0.30070826,0.0,0.0,0.0,0.0,0.0,0.0,0.0,nan,nan,nan,nan,nan,nan,0.0,12.541737,0.0,0.0,nan,0.0,0.0,0.090144426,0.0,0.0,0.0,0.0,0.0,0.0,0.0,0.0
125662564,0.0,0.0,0.0,0.3007067,0.3007069,0.0,0.0,0.0,0.0,0.0,0.0,0.0,nan,nan,nan,nan,nan,nan,0.0,12.542426,0.0,0.0,nan,0.0,0.0,0.09014441,0.0,0.0,0.0,0.0,0.0,0.0,0.0,0.0
126463016,0.0,0.0,0.0,0.30070376,0.30070394,0.0,0.0,0.0,0.0,0.0,0.0,0.0,nan,nan,nan,nan,nan,nan,0.0,12.540884,0.0,0.0,nan,0.0,0.0,0.09014451,0.0,0.0,0.0,0.0,0.0,0.0,0.0,0.0
127063361,0.0,0.0,0.0,0.30070344,0.30070361,0.0,0.0,0.0,0.0,0.0,0.0,0.0,nan,nan,nan,nan,nan,nan,0.0,12.543509,0.0,0.0,nan,0.0,0.0,0.090144485,0.0,0.0,0.0,0.0,0.0,0.0,0.0,0.0
127663695,0.0,0.0,0.0,0.30070218,0.30070233,0.0,0.0,0.0,0.0,0.0,0.0,0.0,nan,nan,nan,nan,nan,nan,0.0,12.542061,0.0,0.0,nan,0.0,0.0,0.09014447,0.0,0.0,0.0,0.0,0.0,0.0,0.0,0.0
129264583,0.0,0.0,0.0,0.3006965,0.30069655,0.0,0.0,0.0,0.0,0.0,0.0,0.0,nan,nan,nan,nan,nan,nan,0.0,12.542344,0.0,0.0,nan,0.0,0.0,0.090144426,0.0,0.0,0.0,0.0,0.0,0.0,0.0,0.0
129464686,0.0,0.0,0.0,0.30069593,0.30069596,0.0,0.0,0.0,0.0,0.0,0.0,0.0,nan,nan,nan,nan,nan,nan,0.0,12.543128,0.0,0.0,nan,0.0,0.0,0.09014443,0.0,0.0,0.0,0.0,0.0,0.0,0.0,0.0
129864907,0.0,0.0,0.0,0.30069506,0.30069506,0.0,0.0,0.0,0.0,0.0,0.0,0.0,nan,nan,nan,nan,nan,nan,0.0,12.54231,0.0,0.0,nan,0.0,0.0,0.09014453,0.0,0.0,0.0,0.0,0.0,0.0,0.0,0.0
130265130,0.0,0.0,0.0,0.300694,0.30069396,0.0,0.0,0.0,0.0,0.0,0.0,0.0,nan,nan,nan,nan,nan,nan,0.0,12.540947,0.0,0.0,nan,0.0,0.0,0.090144515,0.0,0.0,0.0,0.0,0.0,0.0,0.0,0.0
130465250,0.0,0.0,0.0,0.30069348,0.30069342,0.0,0.0,0.0,0.0,0.0,0.0,0.0,nan,nan,nan,nan,nan,nan,0.0,12.541324,0.0,0.0,nan,0.0,0.0,0.0901445,0.0,0.0,0.0,0.0,0.0,0.0,0.0,0.0
130865487,0.0,0.0,0.0,0.30069393,0.30069387,0.0,0.0,0.0,0.0,0.0,0.0,0.0,nan,nan,nan,nan,nan,nan,0.0,12.540101,0.0,0.0,nan,0.0,0.0,0.09014449,0.0,0.0,0.0,0.0,0.0,0.0,0.0,0.0
131866032,0.0,0.0,0.0,0.3006959,0.3006958,0.0,0.0,0.0,0.0,0.0,0.0,0.0,nan,nan,nan,nan,nan,nan,0.0,12.540374,0.0,0.0,nan,0.0,0.0,0.09014447,0.0,0.0,0.0,0.0,0.0,0.0,0.0,0.0
132266286,0.0,0.0,0.0,0.30069664,0.30069655,0.0,0.0,0.0,0.0,0.0,0.0,0.0,nan,nan,nan,nan,nan,nan,0.0,12.539342,0.0,0.0,nan,0.0,0.0,0.09014457,0.0,0.0,0.0,0.0,0.0,0.0,0.0,0.0
132666483,0.0,0.0,0.0,0.300697,0.3006969,0.0,0.0,0.0,0.0,0.0,0.0,0.0,nan,nan,nan,nan,nan,nan,0.0,12.539155,0.0,0.0,nan,0.0,0.0,0.09014455,0.0,0.0,0.0,0.0,0.0,0.0,0.0,0.0
133266848,0.0,0.0,0.0,0.30069655,0.3006965,0.0,0.0,0.0,0.0,0.0,0.0,0.0,nan,nan,nan,nan,nan,nan,0.0,12.538807,0.0,0.0,nan,0.0,0.0,0.09014454,0.0,0.0,0.0,0.0,0.0,0.0,0.0,0.0
133667046,0.0,0.0,0.0,0.30069676,0.3006967,0.0,0.0,0.0,0.0,0.0,0.0,0.0,nan,nan,nan,nan,nan,nan,0.0,12.53917,0.0,0.0,nan,0.0,0.0,0.090144634,0.0,0.0,0.0,0.0,0.0,0.0,0.0,0.0
134067286,0.0,0.0,0.0,0.3006968,0.3006967,0.0,0.0,0.0,0.0,0.0,0.0,0.0,nan,nan,nan,nan,nan,nan,0.0,12.544198,0.0,0.0,nan,0.0,0.0,0.0901445,0.0,0.0,0.0,0.0,0.0,0.0,0.0,0.0
134467499,0.0,0.0,0.0,0.30069718,0.3006971,0.0,0.0,0.0,0.0,0.0,0.0,0.0,nan,nan,nan,nan,nan,nan,0.0,12.54259,0.0,0.0,nan,0.0,0.0,0.0901446,0.0,0.0,0.0,0.0,0.0,0.0,0.0,0.0
134667612,0.0,0.0,0.0,0.3006973,0.3006972,0.0,0.0,0.0,0.0,0.0,0.0,0.0,nan,nan,nan,nan,nan,nan,0.0,12.542799,0.0,0.0,nan,0.0,0.0,0.0901446,0.0,0.0,0.0,0.0,0.0,0.0,0.0,0.0
135267949,0.0,0.0,0.0,0.30069774,0.30069768,0.0,0.0,0.0,0.0,0.0,0.0,0.0,nan,nan,nan,nan,nan,nan,0.0,12.542763,0.0,0.0,nan,0.0,0.0,0.09014457,0.0,0.0,0.0,0.0,0.0,0.0,0.0,0.0
135668217,0.0,0.0,0.0,0.3006977,0.30069762,0.0,0.0,0.0,0.0,0.0,0.0,0.0,nan,nan,nan,nan,nan,nan,0.0,12.541913,0.0,0.0,nan,0.0,0.0,0.09014455,0.0,0.0,0.0,0.0,0.0,0.0,0.0,0.0
135868292,0.0,0.0,0.0,0.30069765,0.30069757,0.0,0.0,0.0,0.0,0.0,0.0,0.0,nan,nan,nan,nan,nan,nan,0.0,12.542739,0.0,0.0,nan,0.0,0.0,0.09014455,0.0,0.0,0.0,0.0,0.0,0.0,0.0,0.0
136468639,0.0,0.0,0.0,0.30069727,0.30069718,0.0,0.0,0.0,0.0,0.0,0.0,0.0,nan,nan,nan,nan,nan,nan,0.0,12.542773,0.0,0.0,nan,0.0,0.0,0.09014452,0.0,0.0,0.0,0.0,0.0,0.0,0.0,0.0
137068973,0.0,0.0,0.0,0.30069685,0.3006968,0.0,0.0,0.0,0.0,0.0,0.0,0.0,nan,nan,nan,nan,nan,nan,0.0,12.541501,0.0,0.0,nan,0.0,0.0,0.09014462,0.0,0.0,0.0,0.0,0.0,0.0,0.0,0.0
137269074,0.0,0.0,0.0,0.30069643,0.3006964,0.0,0.0,0.0,0.0,0.0,0.0,0.0,nan,nan,nan,nan,nan,nan,0.0,12.5418,0.0,0.0,nan,0.0,0.0,0.09014461,0.0,0.0,0.0,0.0,0.0,0.0,0.0,0.0
137869424,0.0,0.0,0.0,0.30069485,0.30069482,0.0,0.0,0.0,0.0,0.0,0.0,0.0,nan,nan,nan,nan,nan,nan,0.0,12.541842,0.0,0.0,nan,0.0,0.0,0.09014448,0.0,0.0,0.0,0.0,0.0,0.0,0.0,0.0
138059537,0.0,0.0,0.0,0.30069432,0.3006943,0.0,0.0,0.0,0.0,0.0,0.0,0.0,nan,nan,nan,nan,nan,nan,0.0,12.541398,0.0,0.0,nan,0.0,0.0,0.09014448,0.0,0.0,0.0,0.0,0.0,0.0,0.0,0.0
138259644,0.0,0.0,0.0,0.30069396,0.3006939,0.0,0.0,0.0,0.0,0.0,0.0,0.0,nan,nan,nan,nan,nan,nan,0.0,12.541674,0.0,0.0,nan,0.0,0.0,0.09014446,0.0,0.0,0.0,0.0,0.0,0.0,0.0,0.0
138659872,0.0,0.0,0.0,0.30069384,0.30069378,0.0,0.0,0.0,0.0,0.0,0.0,0.0,nan,nan,nan,nan,nan,nan,0.0,12.5428505,0.0,0.0,nan,0.0,0.0,0.090144455,0.0,0.0,0.0,0.0,0.0,0.0,0.0,0.0
139060095,0.0,0.0,0.0,0.3006928,0.30069274,0.0,0.0,0.0,0.0,0.0,0.0,0.0,nan,nan,nan,nan,nan,nan,0.0,12.54203,0.0,0.0,nan,0.0,0.0,0.09014444,0.0,0.0,0.0,0.0,0.0,0.0,0.0,0.0
139260245,0.0,0.0,0.0,0.30069202,0.30069196,0.0,0.0,0.0,0.0,0.0,0.0,0.0,nan,nan,nan,nan,nan,nan,0.0,12.541046,0.0,0.0,nan,0.0,0.0,0.09014445,0.0,0.0,0.0,0.0,0.0,0.0,0.0,0.0
139460325,0.0,0.0,0.0,0.3006915,0.30069146,0.0,0.0,0.0,0.0,0.0,0.0,0.0,nan,nan,nan,nan,nan,nan,0.0,12.541917,0.0,0.0,nan,0.0,0.0,0.09014443,0.0,0.0,0.0,0.0,0.0,0.0,0.0,0.0
140060680,0.0,0.0,0.0,0.30069077,0.3006907,0.0,0.0,0.0,0.0,0.0,0.0,0.0,nan,nan,nan,nan,nan,nan,0.0,12.54103,0.0,0.0,nan,0.0,0.0,0.09014453,0.0,0.0,0.0,0.0,0.0,0.0,0.0,0.0
140460893,0.0,0.0,0.0,0.30068964,0.30068955,0.0,0.0,0.0,0.0,0.0,0.0,0.0,nan,nan,nan,nan,nan,nan,0.0,12.540603,0.0,0.0,nan,0.0,0.0,0.090144515,0.0,0.0,0.0,0.0,0.0,0.0,0.0,0.0
140660996,0.0,0.0,0.0,0.30068892,0.30068886,0.0,0.0,0.0,0.0,0.0,0.0,0.0,nan,nan,nan,nan,nan,nan,0.0,12.539766,0.0,0.0,nan,0.0,0.0,0.090144515,0.0,0.0,0.0,0.0,0.0,0.0,0.0,0.0
141061237,0.0,0.0,0.0,0.3006878,0.3006877,0.0,0.0,0.0,0.0,0.0,0.0,0.0,nan,nan,nan,nan,nan,nan,0.0,12.541206,0.0,0.0,nan,0.0,0.0,0.0901445,0.0,0.0,0.0,0.0,0.0,0.0,0.0,0.0
141461474,0.0,0.0,0.0,0.30068704,0.30068696,0.0,0.0,0.0,0.0,0.0,0.0,0.0,nan,nan,nan,nan,nan,nan,0.0,12.541233,0.0,0.0,nan,0.0,0.0,0.09014449,0.0,0.0,0.0,0.0,0.0,0.0,0.0,0.0
143062377,0.0,0.0,0.0,0.3006887,0.30068865,0.0,0.0,0.0,0.0,0.0,0.0,0.0,nan,nan,nan,nan,nan,nan,0.0,12.54152,0.0,0.0,nan,0.0,0.0,0.09014445,0.0,0.0,0.0,0.0,0.0,0.0,0.0,0.0
143862822,0.0,0.0,0.0,0.30069065,0.30069065,0.0,0.0,0.0,0.0,0.0,0.0,0.0,nan,nan,nan,nan,nan,nan,0.0,12.539983,0.0,0.0,nan,0.0,0.0,0.09014453,0.0,0.0,0.0,0.0,0.0,0.0,0.0,0.0
144062976,0.0,0.0,0.0,0.300691,0.300691,0.0,0.0,0.0,0.0,0.0,0.0,0.0,nan,nan,nan,nan,nan,nan,0.0,12.539695,0.0,0.0,nan,0.0,0.0,0.09014453,0.0,0.0,0.0,0.0,0.0,0.0,0.0,0.0
144463163,0.0,0.0,0.0,0.30069178,0.30069178,0.0,0.0,0.0,0.0,0.0,0.0,0.0,nan,nan,nan,nan,nan,nan,0.0,12.539386,0.0,0.0,nan,0.0,0.0,0.09014452,0.0,0.0,0.0,0.0,0.0,0.0,0.0,0.0
144863393,0.0,0.0,0.0,0.30069286,0.30069283,0.0,0.0,0.0,0.0,0.0,0.0,0.0,nan,nan,nan,nan,nan,nan,0.0,12.540749,0.0,0.0,nan,0.0,0.0,0.09014451,0.0,0.0,0.0,0.0,0.0,0.0,0.0,0.0
146264189,0.0,0.0,0.0,0.30069572,0.30069566,0.0,0.0,0.0,0.0,0.0,0.0,0.0,nan,nan,nan,nan,nan,nan,0.0,12.545517,0.0,0.0,nan,0.0,0.0,0.09014446,0.0,0.0,0.0,0.0,0.0,0.0,0.0,0.0
146864534,0.0,0.0,0.0,0.3006962,0.30069613,0.0,0.0,0.0,0.0,0.0,0.0,0.0,nan,nan,nan,nan,nan,nan,0.0,12.543543,0.0,0.0,nan,0.0,0.0,0.09014445,0.0,0.0,0.0,0.0,0.0,0.0,0.0,0.0
147064647,0.0,0.0,0.0,0.30069622,0.30069616,0.0,0.0,0.0,0.0,0.0,0.0,0.0,nan,nan,nan,nan,nan,nan,0.0,12.544887,0.0,0.0,nan,0.0,0.0,0.09014443,0.0,0.0,0.0,0.0,0.0,0.0,0.0,0.0
147264774,0.0,0.0,0.0,0.300696,0.30069593,0.0,0.0,0.0,0.0,0.0,0.0,0.0,nan,nan,nan,nan,nan,nan,0.0,12.544216,0.0,0.0,nan,0.0,0.0,0.09014443,0.0,0.0,0.0,0.0,0.0,0.0,0.0,0.0
148065216,0.0,0.0,0.0,0.30069622,0.30069616,0.0,0.0,0.0,0.0,0.0,0.0,0.0,nan,nan,nan,nan,nan,nan,0.0,12.542577,0.0,0.0,nan,0.0,0.0,0.09014441,0.0,0.0,0.0,0.0,0.0,0.0,0.0,0.0
149065790,0.0,0.0,0.0,0.30069476,0.3006947,0.0,0.0,0.0,0.0,0.0,0.0,0.0,nan,nan,nan,nan,nan,nan,0.0,12.541903,0.0,0.0,nan,0.0,0.0,0.0901445,0.0,0.0,0.0,0.0,0.0,0.0,0.0,0.0
149265901,0.0,0.0,0.0,0.30069393,0.30069387,0.0,0.0,0.0,0.0,0.0,0.0,0.0,nan,nan,nan,nan,nan,nan,0.0,12.54213,0.0,0.0,nan,0.0,0.0,0.090144485,0.0,0.0,0.0,0.0,0.0,0.0,0.0,0.0
149666130,0.0,0.0,0.0,0.30069175,0.30069172,0.0,0.0,0.0,0.0,0.0,0.0,0.0,nan,nan,nan,nan,nan,nan,0.0,12.543018,0.0,0.0,nan,0.0,0.0,0.09014448,0.0,0.0,0.0,0.0,0.0,0.0,0.0,0.0
150066366,0.0,0.0,0.0,0.3006896,0.30068958,0.0,0.0,0.0,0.0,0.0,0.0,0.0,nan,nan,nan,nan,nan,nan,0.0,12.5421715,0.0,0.0,nan,0.0,0.0,0.09014447,0.0,0.0,0.0,0.0,0.0,0.0,0.0,0.0
150466590,0.0,0.0,0.0,0.3006878,0.30068776,0.0,0.0,0.0,0.0,0.0,0.0,0.0,nan,nan,nan,nan,nan,nan,0.0,12.54323,0.0,0.0,nan,0.0,0.0,0.09014457,0.0,0.0,0.0,0.0,0.0,0.0,0.0,0.0
150666712,0.0,0.0,0.0,0.30068696,0.30068696,0.0,0.0,0.0,0.0,0.0,0.0,0.0,nan,nan,nan,nan,nan,nan,0.0,12.542142,0.0,0.0,nan,0.0,0.0,0.09014455,0.0,0.0,0.0,0.0,0.0,0.0,0.0,0.0
151667287,0.0,0.0,0.0,0.30068427,0.30068427,0.0,0.0,0.0,0.0,0.0,0.0,0.0,nan,nan,nan,nan,nan,nan,0.0,12.542067,0.0,0.0,nan,0.0,0.0,0.09014454,0.0,0.0,0.0,0.0,0.0,0.0,0.0,0.0
151867392,0.0,0.0,0.0,0.30068418,0.30068418,0.0,0.0,0.0,0.0,0.0,0.0,0.0,nan,nan,nan,nan,nan,nan,0.0,12.5422735,0.0,0.0,nan,0.0,0.0,0.09014452,0.0,0.0,0.0,0.0,0.0,0.0,0.0,0.0
152067504,0.0,0.0,0.0,0.3006841,0.3006841,0.0,0.0,0.0,0.0,0.0,0.0,0.0,nan,nan,nan,nan,nan,nan,0.0,12.541822,0.0,0.0,nan,0.0,0.0,0.09014442,0.0,0.0,0.0,0.0,0.0,0.0,0.0,0.0
152267658,0.0,0.0,0.0,0.3006841,0.3006841,0.0,0.0,0.0,0.0,0.0,0.0,0.0,nan,nan,nan,nan,nan,nan,0.0,12.542083,0.0,0.0,nan,0.0,0.0,0.090144515,0.0,0.0,0.0,0.0,0.0,0.0,0.0,0.0
152667851,0.0,0.0,0.0,0.30068436,0.30068436,0.0,0.0,0.0,0.0,0.0,0.0,0.0,nan,nan,nan,nan,nan,nan,0.0,12.541446,0.0,0.0,nan,0.0,0.0,0.0901445,0.0,0.0,0.0,0.0,0.0,0.0,0.0,0.0
153268196,0.0,0.0,0.0,0.30068344,0.3006834,0.0,0.0,0.0,0.0,0.0,0.0,0.0,nan,nan,nan,nan,nan,nan,0.0,12.540644,0.0,0.0,nan,0.0,0.0,0.090144485,0.0,0.0,0.0,0.0,0.0,0.0,0.0,0.0
153468309,0.0,0.0,0.0,0.30068296,0.3006829,0.0,0.0,0.0,0.0,0.0,0.0,0.0,nan,nan,nan,nan,nan,nan,0.0,12.539801,0.0,0.0,nan,0.0,0.0,0.09014448,0.0,0.0,0.0,0.0,0.0,0.0,0.0,0.0
153868535,0.0,0.0,0.0,0.30068207,0.30068198,0.0,0.0,0.0,0.0,0.0,0.0,0.0,nan,nan,nan,nan,nan,nan,0.0,12.539948,0.0,0.0,nan,0.0,0.0,0.09014446,0.0,0.0,0.0,0.0,0.0,0.0,0.0,0.0
154068654,0.0,0.0,0.0,0.30068174,0.30068165,0.0,0.0,0.0,0.0,0.0,0.0,0.0,nan,nan,nan,nan,nan,nan,0.0,12.540938,0.0,0.0,nan,0.0,0.0,0.09014446,0.0,0.0,0.0,0.0,0.0,0.0,0.0,0.0
154268808,0.0,0.0,0.0,0.30068153,0.30068144,0.0,0.0,0.0,0.0,0.0,0.0,0.0,nan,nan,nan,nan,nan,nan,0.0,12.541283,0.0,0.0,nan,0.0,0.0,0.09014445,0.0,0.0,0.0,0.0,0.0,0.0,0.0,0.0
154869112,0.0,0.0,0.0,0.30068135,0.30068123,0.0,0.0,0.0,0.0,0.0,0.0,0.0,nan,nan,nan,nan,nan,nan,0.0,12.540414,0.0,0.0,nan,0.0,0.0,0.09014444,0.0,0.0,0.0,0.0,0.0,0.0,0.0,0.0
155459456,0.0,0.0,0.0,0.3006823,0.30068225,0.0,0.0,0.0,0.0,0.0,0.0,0.0,nan,nan,nan,nan,nan,nan,0.0,12.5421095,0.0,0.0,nan,0.0,0.0,0.09014453,0.0,0.0,0.0,0.0,0.0,0.0,0.0,0.0
156059804,0.0,0.0,0.0,0.30068365,0.3006836,0.0,0.0,0.0,0.0,0.0,0.0,0.0,nan,nan,nan,nan,nan,nan,0.0,12.541163,0.0,0.0,nan,0.0,0.0,0.090144515,0.0,0.0,0.0,0.0,0.0,0.0,0.0,0.0
156660136,0.0,0.0,0.0,0.30068475,0.30068472,0.0,0.0,0.0,0.0,0.0,0.0,0.0,nan,nan,nan,nan,nan,nan,0.0,12.541473,0.0,0.0,nan,0.0,0.0,0.09014449,0.0,0.0,0.0,0.0,0.0,0.0,0.0,0.0
157060368,0.0,0.0,0.0,0.30068645,0.3006864,0.0,0.0,0.0,0.0,0.0,0.0,0.0,nan,nan,nan,nan,nan,nan,0.0,12.540864,0.0,0.0,nan,0.0,0.0,0.090144485,0.0,0.0,0.0,0.0,0.0,0.0,0.0,0.0
157260475,0.0,0.0,0.0,0.30068737,0.3006873,0.0,0.0,0.0,0.0,0.0,0.0,0.0,nan,nan,nan,nan,nan,nan,0.0,12.541769,0.0,0.0,nan,0.0,0.0,0.09014438,0.0,0.0,0.0,0.0,0.0,0.0,0.0,0.0
158060942,0.0,0.0,0.0,0.30069098,0.30069092,0.0,0.0,0.0,0.0,0.0,0.0,0.0,nan,nan,nan,nan,nan,nan,0.0,12.542311,0.0,0.0,nan,0.0,0.0,0.09014447,0.0,0.0,0.0,0.0,0.0,0.0,0.0,0.0
158261060,0.0,0.0,0.0,0.30069223,0.30069214,0.0,0.0,0.0,0.0,0.0,0.0,0.0,nan,nan,nan,nan,nan,nan,0.0,12.541349,0.0,0.0,nan,0.0,0.0,0.090144455,0.0,0.0,0.0,0.0,0.0,0.0,0.0,0.0
159061531,0.0,0.0,0.0,0.3006957,0.3006956,0.0,0.0,0.0,0.0,0.0,0.0,0.0,nan,nan,nan,nan,nan,nan,0.0,12.542415,0.0,0.0,nan,0.0,0.0,0.09014443,0.0,0.0,0.0,0.0,0.0,0.0,0.0,0.0
159861989,0.0,0.0,0.0,0.30069932,0.3006993,0.0,0.0,0.0,0.0,0.0,0.0,0.0,nan,nan,nan,nan,nan,nan,0.0,12.542893,0.0,0.0,nan,0.0,0.0,0.09014453,0.0,0.0,0.0,0.0,0.0,0.0,0.0,0.0
161062667,0.0,0.0,0.0,0.30070367,0.30070367,0.0,0.0,0.0,0.0,0.0,0.0,0.0,nan,nan,nan,nan,nan,nan,0.0,12.540705,0.0,0.0,nan,0.0,0.0,0.09014449,0.0,0.0,0.0,0.0,0.0,0.0,0.0,0.0
161663037,0.0,0.0,0.0,0.3007061,0.3007061,0.0,0.0,0.0,0.0,0.0,0.0,0.0,nan,nan,nan,nan,nan,nan,0.0,12.539931,0.0,0.0,nan,0.0,0.0,0.09014446,0.0,0.0,0.0,0.0,0.0,0.0,0.0,0.0
161863129,0.0,0.0,0.0,0.3007066,0.3007066,0.0,0.0,0.0,0.0,0.0,0.0,0.0,nan,nan,nan,nan,nan,nan,0.0,12.540356,0.0,0.0,nan,0.0,0.0,0.09014446,0.0,0.0,0.0,0.0,0.0,0.0,0.0,0.0
162263379,0.0,0.0,0.0,0.30070812,0.30070812,0.0,0.0,0.0,0.0,0.0,0.0,0.0,nan,nan,nan,nan,nan,nan,0.0,12.541763,0.0,0.0,nan,0.0,0.0,0.09014455,0.0,0.0,0.0,0.0,0.0,0.0,0.0,0.0
162463478,0.0,0.0,0.0,0.3007086,0.3007086,0.0,0.0,0.0,0.0,0.0,0.0,0.0,nan,nan,nan,nan,nan,nan,0.0,12.540826,0.0,0.0,nan,0.0,0.0,0.09014455,0.0,0.0,0.0,0.0,0.0,0.0,0.0,0.0
163063831,0.0,0.0,0.0,0.30071023,0.30071023,0.0,0.0,0.0,0.0,0.0,0.0,0.0,nan,nan,nan,nan,nan,nan,0.0,12.541258,0.0,0.0,nan,0.0,0.0,0.09014452,0.0,0.0,0.0,0.0,0.0,0.0,0.0,0.0
163263951,0.0,0.0,0.0,0.30071077,0.30071077,0.0,0.0,0.0,0.0,0.0,0.0,0.0,nan,nan,nan,nan,nan,nan,0.0,12.540398,0.0,0.0,nan,0.0,0.0,0.09014452,0.0,0.0,0.0,0.0,0.0,0.0,0.0,0.0
163864284,0.0,0.0,0.0,0.3007115,0.30071148,0.0,0.0,0.0,0.0,0.0,0.0,0.0,nan,nan,nan,nan,nan,nan,0.0,12.543453,0.0,0.0,nan,0.0,0.0,0.09014449,0.0,0.0,0.0,0.0,0.0,0.0,0.0,0.0
165265094,0.0,0.0,0.0,0.30070832,0.30070817,0.0,0.0,0.0,0.0,0.0,0.0,0.0,nan,nan,nan,nan,nan,nan,0.0,12.542381,0.0,0.0,nan,0.0,0.0,0.090144455,0.0,0.0,0.0,0.0,0.0,0.0,0.0,0.0
165465211,0.0,0.0,0.0,0.3007077,0.30070755,0.0,0.0,0.0,0.0,0.0,0.0,0.0,nan,nan,nan,nan,nan,nan,0.0,12.541366,0.0,0.0,nan,0.0,0.0,0.09014445,0.0,0.0,0.0,0.0,0.0,0.0,0.0,0.0
165665338,0.0,0.0,0.0,0.3007072,0.30070707,0.0,0.0,0.0,0.0,0.0,0.0,0.0,nan,nan,nan,nan,nan,nan,0.0,12.541675,0.0,0.0,nan,0.0,0.0,0.09014445,0.0,0.0,0.0,0.0,0.0,0.0,0.0,0.0
165865442,0.0,0.0,0.0,0.30070692,0.30070677,0.0,0.0,0.0,0.0,0.0,0.0,0.0,nan,nan,nan,nan,nan,nan,0.0,12.541302,0.0,0.0,nan,0.0,0.0,0.09014443,0.0,0.0,0.0,0.0,0.0,0.0,0.0,0.0
167266263,0.0,0.0,0.0,0.30070606,0.30070588,0.0,0.0,0.0,0.0,0.0,0.0,0.0,nan,nan,nan,nan,nan,nan,0.0,12.542312,0.0,0.0,nan,0.0,0.0,0.0901444,0.0,0.0,0.0,0.0,0.0,0.0,0.0,0.0
167666485,0.0,0.0,0.0,0.30070618,0.300706,0.0,0.0,0.0,0.0,0.0,0.0,0.0,nan,nan,nan,nan,nan,nan,0.0,12.542057,0.0,0.0,nan,0.0,0.0,0.090144396,0.0,0.0,0.0,0.0,0.0,0.0,0.0,0.0
168066713,0.0,0.0,0.0,0.30070615,0.30070597,0.0,0.0,0.0,0.0,0.0,0.0,0.0,nan,nan,nan,nan,nan,nan,0.0,12.542537,0.0,0.0,nan,0.0,0.0,0.09014439,0.0,0.0,0.0,0.0,0.0,0.0,0.0,0.0
168667062,0.0,0.0,0.0,0.3007055,0.30070534,0.0,0.0,0.0,0.0,0.0,0.0,0.0,nan,nan,nan,nan,nan,nan,0.0,12.542465,0.0,0.0,nan,0.0,0.0,0.090144485,0.0,0.0,0.0,0.0,0.0,0.0,0.0,0.0
168867182,0.0,0.0,0.0,0.30070513,0.300705,0.0,0.0,0.0,0.0,0.0,0.0,0.0,nan,nan,nan,nan,nan,nan,0.0,12.542034,0.0,0.0,nan,0.0,0.0,0.09014448,0.0,0.0,0.0,0.0,0.0,0.0,0.0,0.0
169067303,0.0,0.0,0.0,0.3007048,0.30070466,0.0,0.0,0.0,0.0,0.0,0.0,0.0,nan,nan,nan,nan,nan,nan,0.0,12.541048,0.0,0.0,nan,0.0,0.0,0.09014448,0.0,0.0,0.0,0.0,0.0,0.0,0.0,0.0
169667641,0.0,0.0,0.0,0.30070528,0.3007051,0.0,0.0,0.0,0.0,0.0,0.0,0.0,nan,nan,nan,nan,nan,nan,0.0,12.542383,0.0,0.0,nan,0.0,0.0,0.09014445,0.0,0.0,0.0,0.0,0.0,0.0,0.0,0.0
170267987,0.0,0.0,0.0,0.3007048,0.30070463,0.0,0.0,0.0,0.0,0.0,0.0,0.0,nan,nan,nan,nan,nan,nan,0.0,12.541239,0.0,0.0,nan,0.0,0.0,0.090144545,0.0,0.0,0.0,0.0,0.0,0.0,0.0,0.0
170668218,0.0,0.0,0.0,0.30070424,0.3007041,0.0,0.0,0.0,0.0,0.0,0.0,0.0,nan,nan,nan,nan,nan,nan,0.0,12.540702,0.0,0.0,nan,0.0,0.0,0.09014454,0.0,0.0,0.0,0.0,0.0,0.0,0.0,0.0
170868346,0.0,0.0,0.0,0.30070406,0.30070388,0.0,0.0,0.0,0.0,0.0,0.0,0.0,nan,nan,nan,nan,nan,nan,0.0,12.540369,0.0,0.0,nan,0.0,0.0,0.09014454,0.0,0.0,0.0,0.0,0.0,0.0,0.0,0.0
171068450,0.0,0.0,0.0,0.30070361,0.3007034,0.0,0.0,0.0,0.0,0.0,0.0,0.0,nan,nan,nan,nan,nan,nan,0.0,12.540773,0.0,0.0,nan,0.0,0.0,0.09014452,0.0,0.0,0.0,0.0,0.0,0.0,0.0,0.0
171468690,0.0,0.0,0.0,0.30070195,0.30070177,0.0,0.0,0.0,0.0,0.0,0.0,0.0,nan,nan,nan,nan,nan,nan,0.0,12.539642,0.0,0.0,nan,0.0,0.0,0.090144515,0.0,0.0,0.0,0.0,0.0,0.0,0.0,0.0
171668801,0.0,0.0,0.0,0.30070093,0.30070072,0.0,0.0,0.0,0.0,0.0,0.0,0.0,nan,nan,nan,nan,nan,nan,0.0,12.540121,0.0,0.0,nan,0.0,0.0,0.09014461,0.0,0.0,0.0,0.0,0.0,0.0,0.0,0.0
171868920,0.0,0.0,0.0,0.30069986,0.30069962,0.0,0.0,0.0,0.0,0.0,0.0,0.0,nan,nan,nan,nan,nan,nan,0.0,12.539362,0.0,0.0,nan,0.0,0.0,0.09014461,0.0,0.0,0.0,0.0,0.0,0.0,0.0,0.0
172069030,0.0,0.0,0.0,0.30069885,0.3006986,0.0,0.0,0.0,0.0,0.0,0.0,0.0,nan,nan,nan,nan,nan,nan,0.0,12.5398445,0.0,0.0,nan,0.0,0.0,0.0901446,0.0,0.0,0.0,0.0,0.0,0.0,0.0,0.0
172269148,0.0,0.0,0.0,0.30069792,0.30069765,0.0,0.0,0.0,0.0,0.0,0.0,0.0,nan,nan,nan,nan,nan,nan,0.0,12.539589,0.0,0.0,nan,0.0,0.0,0.090144485,0.0,0.0,0.0,0.0,0.0,0.0,0.0,0.0
172469266,0.0,0.0,0.0,0.3006971,0.30069682,0.0,0.0,0.0,0.0,0.0,0.0,0.0,nan,nan,nan,nan,nan,nan,0.0,12.540113,0.0,0.0,nan,0.0,0.0,0.09014447,0.0,0.0,0.0,0.0,0.0,0.0,0.0,0.0
172669392,0.0,0.0,0.0,0.3006961,0.3006958,0.0,0.0,0.0,0.0,0.0,0.0,0.0,nan,nan,nan,nan,nan,nan,0.0,12.53937,0.0,0.0,nan,0.0,0.0,0.09014446,0.0,0.0,0.0,0.0,0.0,0.0,0.0,0.0
172859498,0.0,0.0,0.0,0.30069503,0.30069473,0.0,0.0,0.0,0.0,0.0,0.0,0.0,nan,nan,nan,nan,nan,nan,0.0,12.539154,0.0,0.0,nan,0.0,0.0,0.09014447,0.0,0.0,0.0,0.0,0.0,0.0,0.0,0.0
173059617,0.0,0.0,0.0,0.30069408,0.30069375,0.0,0.0,0.0,0.0,0.0,0.0,0.0,nan,nan,nan,nan,nan,nan,0.0,12.540869,0.0,0.0,nan,0.0,0.0,0.09014457,0.0,0.0,0.0,0.0,0.0,0.0,0.0,0.0
173259721,0.0,0.0,0.0,0.3006933,0.30069298,0.0,0.0,0.0,0.0,0.0,0.0,0.0,nan,nan,nan,nan,nan,nan,0.0,12.540552,0.0,0.0,nan,0.0,0.0,0.09014457,0.0,0.0,0.0,0.0,0.0,0.0,0.0,0.0
173459841,0.0,0.0,0.0,0.30069277,0.30069244,0.0,0.0,0.0,0.0,0.0,0.0,0.0,nan,nan,nan,nan,nan,nan,0.0,12.542148,0.0,0.0,nan,0.0,0.0,0.09014455,0.0,0.0,0.0,0.0,0.0,0.0,0.0,0.0
173659954,0.0,0.0,0.0,0.30069226,0.300692,0.0,0.0,0.0,0.0,0.0,0.0,0.0,nan,nan,nan,nan,nan,nan,0.0,12.542423,0.0,0.0,nan,0.0,0.0,0.09014455,0.0,0.0,0.0,0.0,0.0,0.0,0.0,0.0
173860070,0.0,0.0,0.0,0.30069184,0.30069152,0.0,0.0,0.0,0.0,0.0,0.0,0.0,nan,nan,nan,nan,nan,nan,0.0,12.542023,0.0,0.0,nan,0.0,0.0,0.090144545,0.0,0.0,0.0,0.0,0.0,0.0,0.0,0.0
175060784,0.0,0.0,0.0,0.30068955,0.30068934,0.0,0.0,0.0,0.0,0.0,0.0,0.0,nan,nan,nan,nan,nan,nan,0.0,12.540954,0.0,0.0,nan,0.0,0.0,0.0901445,0.0,0.0,0.0,0.0,0.0,0.0,0.0,0.0
175861241,0.0,0.0,0.0,0.3006894,0.30068922,0.0,0.0,0.0,0.0,0.0,0.0,0.0,nan,nan,nan,nan,nan,nan,0.0,12.540494,0.0,0.0,nan,0.0,0.0,0.09014459,0.0,0.0,0.0,0.0,0.0,0.0,0.0,0.0
176061364,0.0,0.0,0.0,0.30068922,0.300689,0.0,0.0,0.0,0.0,0.0,0.0,0.0,nan,nan,nan,nan,nan,nan,0.0,12.540928,0.0,0.0,nan,0.0,0.0,0.09014458,0.0,0.0,0.0,0.0,0.0,0.0,0.0,0.0
176261470,0.0,0.0,0.0,0.30068925,0.30068904,0.0,0.0,0.0,0.0,0.0,0.0,0.0,nan,nan,nan,nan,nan,nan,0.0,12.540095,0.0,0.0,nan,0.0,0.0,0.090144575,0.0,0.0,0.0,0.0,0.0,0.0,0.0,0.0
176661703,0.0,0.0,0.0,0.3006894,0.3006892,0.0,0.0,0.0,0.0,0.0,0.0,0.0,nan,nan,nan,nan,nan,nan,0.0,12.540318,0.0,0.0,nan,0.0,0.0,0.09014456,0.0,0.0,0.0,0.0,0.0,0.0,0.0,0.0
176861819,0.0,0.0,0.0,0.30068988,0.30068964,0.0,0.0,0.0,0.0,0.0,0.0,0.0,nan,nan,nan,nan,nan,nan,0.0,12.539519,0.0,0.0,nan,0.0,0.0,0.090144545,0.0,0.0,0.0,0.0,0.0,0.0,0.0,0.0
177061934,0.0,0.0,0.0,0.30069032,0.3006901,0.0,0.0,0.0,0.0,0.0,0.0,0.0,nan,nan,nan,nan,nan,nan,0.0,12.539992,0.0,0.0,nan,0.0,0.0,0.090144545,0.0,0.0,0.0,0.0,0.0,0.0,0.0,0.0
177262058,0.0,0.0,0.0,0.30069044,0.30069026,0.0,0.0,0.0,0.0,0.0,0.0,0.0,nan,nan,nan,nan,nan,nan,0.0,12.539729,0.0,0.0,nan,0.0,0.0,0.09014453,0.0,0.0,0.0,0.0,0.0,0.0,0.0,0.0
177462187,0.0,0.0,0.0,0.3006904,0.3006902,0.0,0.0,0.0,0.0,0.0,0.0,0.0,nan,nan,nan,nan,nan,nan,0.0,12.538991,0.0,0.0,nan,0.0,0.0,0.09014453,0.0,0.0,0.0,0.0,0.0,0.0,0.0,0.0
177662287,0.0,0.0,0.0,0.3006902,0.30069,0.0,0.0,0.0,0.0,0.0,0.0,0.0,nan,nan,nan,nan,nan,nan,0.0,12.539517,0.0,0.0,nan,0.0,0.0,0.090144515,0.0,0.0,0.0,0.0,0.0,0.0,0.0,0.0
177862433,0.0,0.0,0.0,0.3006901,0.3006899,0.0,0.0,0.0,0.0,0.0,0.0,0.0,nan,nan,nan,nan,nan,nan,0.0,12.538803,0.0,0.0,nan,0.0,0.0,0.090144515,0.0,0.0,0.0,0.0,0.0,0.0,0.0,0.0
178062518,0.0,0.0,0.0,0.3006901,0.3006899,0.0,0.0,0.0,0.0,0.0,0.0,0.0,nan,nan,nan,nan,nan,nan,0.0,12.539853,0.0,0.0,nan,0.0,0.0,0.09014462,0.0,0.0,0.0,0.0,0.0,0.0,0.0,0.0
178462757,0.0,0.0,0.0,0.30069014,0.30068994,0.0,0.0,0.0,0.0,0.0,0.0,0.0,nan,nan,nan,nan,nan,nan,0.0,12.539694,0.0,0.0,nan,0.0,0.0,0.09014461,0.0,0.0,0.0,0.0,0.0,0.0,0.0,0.0
179263219,0.0,0.0,0.0,0.30069125,0.30069104,0.0,0.0,0.0,0.0,0.0,0.0,0.0,nan,nan,nan,nan,nan,nan,0.0,12.540079,0.0,0.0,nan,0.0,0.0,0.090144575,0.0,0.0,0.0,0.0,0.0,0.0,0.0,0.0
180063685,0.0,0.0,0.0,0.30069253,0.30069226,0.0,0.0,0.0,0.0,0.0,0.0,0.0,nan,nan,nan,nan,nan,nan,0.0,12.541097,0.0,0.0,nan,0.0,0.0,0.09014454,0.0,0.0,0.0,0.0,0.0,0.0,0.0,0.0
180263813,0.0,0.0,0.0,0.30069277,0.3006925,0.0,0.0,0.0,0.0,0.0,0.0,0.0,nan,nan,nan,nan,nan,nan,0.0,12.541442,0.0,0.0,nan,0.0,0.0,0.09014452,0.0,0.0,0.0,0.0,0.0,0.0,0.0,0.0
180463919,0.0,0.0,0.0,0.30069292,0.30069265,0.0,0.0,0.0,0.0,0.0,0.0,0.0,nan,nan,nan,nan,nan,nan,0.0,12.541084,0.0,0.0,nan,0.0,0.0,0.090144634,0.0,0.0,0.0,0.0,0.0,0.0,0.0,0.0
180664036,0.0,0.0,0.0,0.3006931,0.30069277,0.0,0.0,0.0,0.0,0.0,0.0,0.0,nan,nan,nan,nan,nan,nan,0.0,12.541484,0.0,0.0,nan,0.0,0.0,0.090144634,0.0,0.0,0.0,0.0,0.0,0.0,0.0,0.0
181464503,0.0,0.0,0.0,0.30069342,0.30069298,0.0,0.0,0.0,0.0,0.0,0.0,0.0,nan,nan,nan,nan,nan,nan,0.0,12.542187,0.0,0.0,nan,0.0,0.0,0.0901446,0.0,0.0,0.0,0.0,0.0,0.0,0.0,0.0
181664624,0.0,0.0,0.0,0.30069342,0.30069298,0.0,0.0,0.0,0.0,0.0,0.0,0.0,nan,nan,nan,nan,nan,nan,0.0,12.541798,0.0,0.0,nan,0.0,0.0,0.09014458,0.0,0.0,0.0,0.0,0.0,0.0,0.0,0.0
181864736,0.0,0.0,0.0,0.3006937,0.30069327,0.0,0.0,0.0,0.0,0.0,0.0,0.0,nan,nan,nan,nan,nan,nan,0.0,12.540888,0.0,0.0,nan,0.0,0.0,0.09014458,0.0,0.0,0.0,0.0,0.0,0.0,0.0,0.0
182064850,0.0,0.0,0.0,0.30069405,0.30069363,0.0,0.0,0.0,0.0,0.0,0.0,0.0,nan,nan,nan,nan,nan,nan,0.0,12.541264,0.0,0.0,nan,0.0,0.0,0.09014457,0.0,0.0,0.0,0.0,0.0,0.0,0.0,0.0
182264967,0.0,0.0,0.0,0.30069438,0.30069393,0.0,0.0,0.0,0.0,0.0,0.0,0.0,nan,nan,nan,nan,nan,nan,0.0,12.543435,0.0,0.0,nan,0.0,0.0,0.09014457,0.0,0.0,0.0,0.0,0.0,0.0,0.0,0.0
182665195,0.0,0.0,0.0,0.3006952,0.30069476,0.0,0.0,0.0,0.0,0.0,0.0,0.0,nan,nan,nan,nan,nan,nan,0.0,12.543022,0.0,0.0,nan,0.0,0.0,0.09014455,0.0,0.0,0.0,0.0,0.0,0.0,0.0,0.0
182865321,0.0,0.0,0.0,0.30069548,0.300695,0.0,0.0,0.0,0.0,0.0,0.0,0.0,nan,nan,nan,nan,nan,nan,0.0,12.54319,0.0,0.0,nan,0.0,0.0,0.09014454,0.0,0.0,0.0,0.0,0.0,0.0,0.0,0.0
184066020,0.0,0.0,0.0,0.30069718,0.30069676,0.0,0.0,0.0,0.0,0.0,0.0,0.0,nan,nan,nan,nan,nan,nan,0.0,12.5417185,0.0,0.0,nan,0.0,0.0,0.09014449,0.0,0.0,0.0,0.0,0.0,0.0,0.0,0.0
184266137,0.0,0.0,0.0,0.300698,0.30069762,0.0,0.0,0.0,0.0,0.0,0.0,0.0,nan,nan,nan,nan,nan,nan,0.0,12.541954,0.0,0.0,nan,0.0,0.0,0.09014449,0.0,0.0,0.0,0.0,0.0,0.0,0.0,0.0
184866491,0.0,0.0,0.0,0.3007001,0.30069974,0.0,0.0,0.0,0.0,0.0,0.0,0.0,nan,nan,nan,nan,nan,nan,0.0,12.541975,0.0,0.0,nan,0.0,0.0,0.09014446,0.0,0.0,0.0,0.0,0.0,0.0,0.0,0.0
185466840,0.0,0.0,0.0,0.3007011,0.30070087,0.0,0.0,0.0,0.0,0.0,0.0,0.0,nan,nan,nan,nan,nan,nan,0.0,12.541996,0.0,0.0,nan,0.0,0.0,0.090144455,0.0,0.0,0.0,0.0,0.0,0.0,0.0,0.0
185867078,0.0,0.0,0.0,0.30070198,0.30070177,0.0,0.0,0.0,0.0,0.0,0.0,0.0,nan,nan,nan,nan,nan,nan,0.0,12.543128,0.0,0.0,nan,0.0,0.0,0.09014445,0.0,0.0,0.0,0.0,0.0,0.0,0.0,0.0
186267314,0.0,0.0,0.0,0.30070263,0.30070248,0.0,0.0,0.0,0.0,0.0,0.0,0.0,nan,nan,nan,nan,nan,nan,0.0,12.542291,0.0,0.0,nan,0.0,0.0,0.09014443,0.0,0.0,0.0,0.0,0.0,0.0,0.0,0.0
186667545,0.0,0.0,0.0,0.30070317,0.30070302,0.0,0.0,0.0,0.0,0.0,0.0,0.0,nan,nan,nan,nan,nan,nan,0.0,12.540856,0.0,0.0,nan,0.0,0.0,0.090144426,0.0,0.0,0.0,0.0,0.0,0.0,0.0,0.0
186867669,0.0,0.0,0.0,0.30070338,0.3007033,0.0,0.0,0.0,0.0,0.0,0.0,0.0,nan,nan,nan,nan,nan,nan,0.0,12.542431,0.0,0.0,nan,0.0,0.0,0.09014441,0.0,0.0,0.0,0.0,0.0,0.0,0.0,0.0
187468023,0.0,0.0,0.0,0.3007037,0.30070364,0.0,0.0,0.0,0.0,0.0,0.0,0.0,nan,nan,nan,nan,nan,nan,0.0,12.541174,0.0,0.0,nan,0.0,0.0,0.090144396,0.0,0.0,0.0,0.0,0.0,0.0,0.0,0.0
187868276,0.0,0.0,0.0,0.30070335,0.30070332,0.0,0.0,0.0,0.0,0.0,0.0,0.0,nan,nan,nan,nan,nan,nan,0.0,12.541066,0.0,0.0,nan,0.0,0.0,0.09014449,0.0,0.0,0.0,0.0,0.0,0.0,0.0,0.0
189068961,0.0,0.0,0.0,0.30070004,0.3007,0.0,0.0,0.0,0.0,0.0,0.0,0.0,nan,nan,nan,nan,nan,nan,0.0,12.539496,0.0,0.0,nan,0.0,0.0,0.09014446,0.0,0.0,0.0,0.0,0.0,0.0,0.0,0.0
190059540,0.0,0.0,0.0,0.30069813,0.30069807,0.0,0.0,0.0,0.0,0.0,0.0,0.0,nan,nan,nan,nan,nan,nan,0.0,12.539962,0.0,0.0,nan,0.0,0.0,0.09014444,0.0,0.0,0.0,0.0,0.0,0.0,0.0,0.0
190259652,0.0,0.0,0.0,0.3006978,0.3006977,0.0,0.0,0.0,0.0,0.0,0.0,0.0,nan,nan,nan,nan,nan,nan,0.0,12.53923,0.0,0.0,nan,0.0,0.0,0.09014444,0.0,0.0,0.0,0.0,0.0,0.0,0.0,0.0
190459784,0.0,0.0,0.0,0.3006975,0.3006974,0.0,0.0,0.0,0.0,0.0,0.0,0.0,nan,nan,nan,nan,nan,nan,0.0,12.540219,0.0,0.0,nan,0.0,0.0,0.090144426,0.0,0.0,0.0,0.0,0.0,0.0,0.0,0.0
190659889,0.0,0.0,0.0,0.3006972,0.3006971,0.0,0.0,0.0,0.0,0.0,0.0,0.0,nan,nan,nan,nan,nan,nan,0.0,12.540638,0.0,0.0,nan,0.0,0.0,0.09014443,0.0,0.0,0.0,0.0,0.0,0.0,0.0,0.0
191060132,0.0,0.0,0.0,0.30069643,0.3006963,0.0,0.0,0.0,0.0,0.0,0.0,0.0,nan,nan,nan,nan,nan,nan,0.0,12.540773,0.0,0.0,nan,0.0,0.0,0.09014442,0.0,0.0,0.0,0.0,0.0,0.0,0.0,0.0
191660518,0.0,0.0,0.0,0.30069506,0.30069497,0.0,0.0,0.0,0.0,0.0,0.0,0.0,nan,nan,nan,nan,nan,nan,0.0,12.541332,0.0,0.0,nan,0.0,0.0,0.090144515,0.0,0.0,0.0,0.0,0.0,0.0,0.0,0.0
192060708,0.0,0.0,0.0,0.300694,0.3006939,0.0,0.0,0.0,0.0,0.0,0.0,0.0,nan,nan,nan,nan,nan,nan,0.0,12.540765,0.0,0.0,nan,0.0,0.0,0.0901445,0.0,0.0,0.0,0.0,0.0,0.0,0.0,0.0
192260825,0.0,0.0,0.0,0.30069348,0.3006934,0.0,0.0,0.0,0.0,0.0,0.0,0.0,nan,nan,nan,nan,nan,nan,0.0,12.5404215,0.0,0.0,nan,0.0,0.0,0.09014449,0.0,0.0,0.0,0.0,0.0,0.0,0.0,0.0
192460952,0.0,0.0,0.0,0.300693,0.30069295,0.0,0.0,0.0,0.0,0.0,0.0,0.0,nan,nan,nan,nan,nan,nan,0.0,12.540819,0.0,0.0,nan,0.0,0.0,0.090144485,0.0,0.0,0.0,0.0,0.0,0.0,0.0,0.0
192861178,0.0,0.0,0.0,0.3006927,0.30069265,0.0,0.0,0.0,0.0,0.0,0.0,0.0,nan,nan,nan,nan,nan,nan,0.0,12.542123,0.0,0.0,nan,0.0,0.0,0.09014448,0.0,0.0,0.0,0.0,0.0,0.0,0.0,0.0
193261418,0.0,0.0,0.0,0.30069235,0.3006923,0.0,0.0,0.0,0.0,0.0,0.0,0.0,nan,nan,nan,nan,nan,nan,0.0,12.541485,0.0,0.0,nan,0.0,0.0,0.09014446,0.0,0.0,0.0,0.0,0.0,0.0,0.0,0.0
193861767,0.0,0.0,0.0,0.3006919,0.3006918,0.0,0.0,0.0,0.0,0.0,0.0,0.0,nan,nan,nan,nan,nan,nan,0.0,12.54185,0.0,0.0,nan,0.0,0.0,0.09014444,0.0,0.0,0.0,0.0,0.0,0.0,0.0,0.0
194061885,0.0,0.0,0.0,0.30069196,0.30069187,0.0,0.0,0.0,0.0,0.0,0.0,0.0,nan,nan,nan,nan,nan,nan,0.0,12.542686,0.0,0.0,nan,0.0,0.0,0.09014444,0.0,0.0,0.0,0.0,0.0,0.0,0.0,0.0
194262002,0.0,0.0,0.0,0.3006922,0.30069208,0.0,0.0,0.0,0.0,0.0,0.0,0.0,nan,nan,nan,nan,nan,nan,0.0,12.541689,0.0,0.0,nan,0.0,0.0,0.09014443,0.0,0.0,0.0,0.0,0.0,0.0,0.0,0.0
195062478,0.0,0.0,0.0,0.30069274,0.30069262,0.0,0.0,0.0,0.0,0.0,0.0,0.0,nan,nan,nan,nan,nan,nan,0.0,12.54223,0.0,0.0,nan,0.0,0.0,0.09014442,0.0,0.0,0.0,0.0,0.0,0.0,0.0,0.0
195662829,0.0,0.0,0.0,0.3006942,0.30069405,0.0,0.0,0.0,0.0,0.0,0.0,0.0,nan,nan,nan,nan,nan,nan,0.0,12.54258,0.0,0.0,nan,0.0,0.0,0.0901444,0.0,0.0,0.0,0.0,0.0,0.0,0.0,0.0
196463303,0.0,0.0,0.0,0.30069545,0.30069527,0.0,0.0,0.0,0.0,0.0,0.0,0.0,nan,nan,nan,nan,nan,nan,0.0,12.542624,0.0,0.0,nan,0.0,0.0,0.09014438,0.0,0.0,0.0,0.0,0.0,0.0,0.0,0.0
196663415,0.0,0.0,0.0,0.3006956,0.30069548,0.0,0.0,0.0,0.0,0.0,0.0,0.0,nan,nan,nan,nan,nan,nan,0.0,12.542807,0.0,0.0,nan,0.0,0.0,0.09014439,0.0,0.0,0.0,0.0,0.0,0.0,0.0,0.0
197664007,0.0,0.0,0.0,0.3006984,0.3006983,0.0,0.0,0.0,0.0,0.0,0.0,0.0,nan,nan,nan,nan,nan,nan,0.0,12.543765,0.0,0.0,nan,0.0,0.0,0.09014446,0.0,0.0,0.0,0.0,0.0,0.0,0.0,0.0
197864127,0.0,0.0,0.0,0.3006989,0.30069882,0.0,0.0,0.0,0.0,0.0,0.0,0.0,nan,nan,nan,nan,nan,nan,0.0,12.543837,0.0,0.0,nan,0.0,0.0,0.09014446,0.0,0.0,0.0,0.0,0.0,0.0,0.0,0.0
198464517,0.0,0.0,0.0,0.30069935,0.3006993,0.0,0.0,0.0,0.0,0.0,0.0,0.0,nan,nan,nan,nan,nan,nan,0.0,12.5422945,0.0,0.0,nan,0.0,0.0,0.09014456,0.0,0.0,0.0,0.0,0.0,0.0,0.0,0.0
198864718,0.0,0.0,0.0,0.3006995,0.30069947,0.0,0.0,0.0,0.0,0.0,0.0,0.0,nan,nan,nan,nan,nan,nan,0.0,12.543186,0.0,0.0,nan,0.0,0.0,0.090144545,0.0,0.0,0.0,0.0,0.0,0.0,0.0,0.0
199865308,0.0,0.0,0.0,0.3006985,0.30069852,0.0,0.0,0.0,0.0,0.0,0.0,0.0,nan,nan,nan,nan,nan,nan,0.0,12.541001,0.0,0.0,nan,0.0,0.0,0.090144515,0.0,0.0,0.0,0.0,0.0,0.0,0.0,0.0
200265565,0.0,0.0,0.0,0.3006984,0.3006984,0.0,0.0,0.0,0.0,0.0,0.0,0.0,nan,nan,nan,nan,nan,nan,0.0,12.540981,0.0,0.0,nan,0.0,0.0,0.0901445,0.0,0.0,0.0,0.0,0.0,0.0,0.0,0.0
200665796,0.0,0.0,0.0,0.30069834,0.30069834,0.0,0.0,0.0,0.0,0.0,0.0,0.0,nan,nan,nan,nan,nan,nan,0.0,12.541005,0.0,0.0,nan,0.0,0.0,0.090144485,0.0,0.0,0.0,0.0,0.0,0.0,0.0,0.0
200865905,0.0,0.0,0.0,0.30069834,0.30069834,0.0,0.0,0.0,0.0,0.0,0.0,0.0,nan,nan,nan,nan,nan,nan,0.0,12.540137,0.0,0.0,nan,0.0,0.0,0.09014437,0.0,0.0,0.0,0.0,0.0,0.0,0.0,0.0
201066015,0.0,0.0,0.0,0.3006983,0.30069828,0.0,0.0,0.0,0.0,0.0,0.0,0.0,nan,nan,nan,nan,nan,nan,0.0,12.54058,0.0,0.0,nan,0.0,0.0,0.09014447,0.0,0.0,0.0,0.0,0.0,0.0,0.0,0.0
201266133,0.0,0.0,0.0,0.30069807,0.30069804,0.0,0.0,0.0,0.0,0.0,0.0,0.0,nan,nan,nan,nan,nan,nan,0.0,12.542657,0.0,0.0,nan,0.0,0.0,0.090144485,0.0,0.0,0.0,0.0,0.0,0.0,0.0,0.0
201466256,0.0,0.0,0.0,0.30069783,0.3006978,0.0,0.0,0.0,0.0,0.0,0.0,0.0,nan,nan,nan,nan,nan,nan,0.0,12.542849,0.0,0.0,nan,0.0,0.0,0.09014447,0.0,0.0,0.0,0.0,0.0,0.0,0.0,0.0
201866508,0.0,0.0,0.0,0.30069676,0.3006967,0.0,0.0,0.0,0.0,0.0,0.0,0.0,nan,nan,nan,nan,nan,nan,0.0,12.542605,0.0,0.0,nan,0.0,0.0,0.09014446,0.0,0.0,0.0,0.0,0.0,0.0,0.0,0.0
202066609,0.0,0.0,0.0,0.3006963,0.30069625,0.0,0.0,0.0,0.0,0.0,0.0,0.0,nan,nan,nan,nan,nan,nan,0.0,12.541594,0.0,0.0,nan,0.0,0.0,0.09014446,0.0,0.0,0.0,0.0,0.0,0.0,0.0,0.0
202266725,0.0,0.0,0.0,0.3006959,0.30069584,0.0,0.0,0.0,0.0,0.0,0.0,0.0,nan,nan,nan,nan,nan,nan,0.0,12.541907,0.0,0.0,nan,0.0,0.0,0.09014445,0.0,0.0,0.0,0.0,0.0,0.0,0.0,0.0
202666962,0.0,0.0,0.0,0.30069503,0.30069497,0.0,0.0,0.0,0.0,0.0,0.0,0.0,nan,nan,nan,nan,nan,nan,0.0,12.54167,0.0,0.0,nan,0.0,0.0,0.09014445,0.0,0.0,0.0,0.0,0.0,0.0,0.0,0.0
202867095,0.0,0.0,0.0,0.30069476,0.3006947,0.0,0.0,0.0,0.0,0.0,0.0,0.0,nan,nan,nan,nan,nan,nan,0.0,12.541919,0.0,0.0,nan,0.0,0.0,0.090144545,0.0,0.0,0.0,0.0,0.0,0.0,0.0,0.0
203467439,0.0,0.0,0.0,0.3006942,0.30069417,0.0,0.0,0.0,0.0,0.0,0.0,0.0,nan,nan,nan,nan,nan,nan,0.0,12.540857,0.0,0.0,nan,0.0,0.0,0.09014454,0.0,0.0,0.0,0.0,0.0,0.0,0.0,0.0
204267913,0.0,0.0,0.0,0.30069536,0.30069533,0.0,0.0,0.0,0.0,0.0,0.0,0.0,nan,nan,nan,nan,nan,nan,0.0,12.540436,0.0,0.0,nan,0.0,0.0,0.09014451,0.0,0.0,0.0,0.0,0.0,0.0,0.0,0.0
205068399,0.0,0.0,0.0,0.3006976,0.3006976,0.0,0.0,0.0,0.0,0.0,0.0,0.0,nan,nan,nan,nan,nan,nan,0.0,12.541715,0.0,0.0,nan,0.0,0.0,0.090144485,0.0,0.0,0.0,0.0,0.0,0.0,0.0,0.0
205268513,0.0,0.0,0.0,0.30069786,0.30069786,0.0,0.0,0.0,0.0,0.0,0.0,0.0,nan,nan,nan,nan,nan,nan,0.0,12.540804,0.0,0.0,nan,0.0,0.0,0.09014447,0.0,0.0,0.0,0.0,0.0,0.0,0.0,0.0
205668761,0.0,0.0,0.0,0.30069834,0.30069834,0.0,0.0,0.0,0.0,0.0,0.0,0.0,nan,nan,nan,nan,nan,nan,0.0,12.540879,0.0,0.0,nan,0.0,0.0,0.09014446,0.0,0.0,0.0,0.0,0.0,0.0,0.0,0.0
206068980,0.0,0.0,0.0,0.3006991,0.30069908,0.0,0.0,0.0,0.0,0.0,0.0,0.0,nan,nan,nan,nan,nan,nan,0.0,12.541504,0.0,0.0,nan,0.0,0.0,0.090144455,0.0,0.0,0.0,0.0,0.0,0.0,0.0,0.0
206269131,0.0,0.0,0.0,0.30069947,0.30069944,0.0,0.0,0.0,0.0,0.0,0.0,0.0,nan,nan,nan,nan,nan,nan,0.0,12.541125,0.0,0.0,nan,0.0,0.0,0.090144455,0.0,0.0,0.0,0.0,0.0,0.0,0.0,0.0
206469214,0.0,0.0,0.0,0.30069983,0.30069977,0.0,0.0,0.0,0.0,0.0,0.0,0.0,nan,nan,nan,nan,nan,nan,0.0,12.5414715,0.0,0.0,nan,0.0,0.0,0.09014444,0.0,0.0,0.0,0.0,0.0,0.0,0.0,0.0
206669336,0.0,0.0,0.0,0.30070007,0.3007,0.0,0.0,0.0,0.0,0.0,0.0,0.0,nan,nan,nan,nan,nan,nan,0.0,12.540556,0.0,0.0,nan,0.0,0.0,0.09014444,0.0,0.0,0.0,0.0,0.0,0.0,0.0,0.0
207059595,0.0,0.0,0.0,0.30070013,0.30070007,0.0,0.0,0.0,0.0,0.0,0.0,0.0,nan,nan,nan,nan,nan,nan,0.0,12.541816,0.0,0.0,nan,0.0,0.0,0.090144426,0.0,0.0,0.0,0.0,0.0,0.0,0.0,0.0
207259708,0.0,0.0,0.0,0.30070013,0.30070004,0.0,0.0,0.0,0.0,0.0,0.0,0.0,nan,nan,nan,nan,nan,nan,0.0,12.541386,0.0,0.0,nan,0.0,0.0,0.090144426,0.0,0.0,0.0,0.0,0.0,0.0,0.0,0.0
207659929,0.0,0.0,0.0,0.30070075,0.30070063,0.0,0.0,0.0,0.0,0.0,0.0,0.0,nan,nan,nan,nan,nan,nan,0.0,12.54074,0.0,0.0,nan,0.0,0.0,0.090144426,0.0,0.0,0.0,0.0,0.0,0.0,0.0,0.0
207860040,0.0,0.0,0.0,0.3007008,0.3007007,0.0,0.0,0.0,0.0,0.0,0.0,0.0,nan,nan,nan,nan,nan,nan,0.0,12.541089,0.0,0.0,nan,0.0,0.0,0.09014441,0.0,0.0,0.0,0.0,0.0,0.0,0.0,0.0
208060158,0.0,0.0,0.0,0.30070084,0.30070072,0.0,0.0,0.0,0.0,0.0,0.0,0.0,nan,nan,nan,nan,nan,nan,0.0,12.541997,0.0,0.0,nan,0.0,0.0,0.09014441,0.0,0.0,0.0,0.0,0.0,0.0,0.0,0.0
208260286,0.0,0.0,0.0,0.3007009,0.30070078,0.0,0.0,0.0,0.0,0.0,0.0,0.0,nan,nan,nan,nan,nan,nan,0.0,12.543499,0.0,0.0,nan,0.0,0.0,0.0901444,0.0,0.0,0.0,0.0,0.0,0.0,0.0,0.0
209060773,0.0,0.0,0.0,0.3007009,0.30070078,0.0,0.0,0.0,0.0,0.0,0.0,0.0,nan,nan,nan,nan,nan,nan,0.0,12.542782,0.0,0.0,nan,0.0,0.0,0.09014438,0.0,0.0,0.0,0.0,0.0,0.0,0.0,0.0
209260881,0.0,0.0,0.0,0.30070084,0.30070072,0.0,0.0,0.0,0.0,0.0,0.0,0.0,nan,nan,nan,nan,nan,nan,0.0,12.541753,0.0,0.0,nan,0.0,0.0,0.09014438,0.0,0.0,0.0,0.0,0.0,0.0,0.0,0.0
209661115,0.0,0.0,0.0,0.3007004,0.3007003,0.0,0.0,0.0,0.0,0.0,0.0,0.0,nan,nan,nan,nan,nan,nan,0.0,12.541089,0.0,0.0,nan,0.0,0.0,0.09014437,0.0,0.0,0.0,0.0,0.0,0.0,0.0,0.0
210061409,0.0,0.0,0.0,0.3006998,0.30069968,0.0,0.0,0.0,0.0,0.0,0.0,0.0,nan,nan,nan,nan,nan,nan,0.0,12.54106,0.0,0.0,nan,0.0,0.0,0.09014448,0.0,0.0,0.0,0.0,0.0,0.0,0.0,0.0
210261470,0.0,0.0,0.0,0.30069953,0.3006994,0.0,0.0,0.0,0.0,0.0,0.0,0.0,nan,nan,nan,nan,nan,nan,0.0,12.540167,0.0,0.0,nan,0.0,0.0,0.09014448,0.0,0.0,0.0,0.0,0.0,0.0,0.0,0.0
211061942,0.0,0.0,0.0,0.3006982,0.3006981,0.0,0.0,0.0,0.0,0.0,0.0,0.0,nan,nan,nan,nan,nan,nan,0.0,12.542186,0.0,0.0,nan,0.0,0.0,0.09014435,0.0,0.0,0.0,0.0,0.0,0.0,0.0,0.0
211462190,0.0,0.0,0.0,0.30069774,0.30069765,0.0,0.0,0.0,0.0,0.0,0.0,0.0,nan,nan,nan,nan,nan,nan,0.0,12.541359,0.0,0.0,nan,0.0,0.0,0.09014433,0.0,0.0,0.0,0.0,0.0,0.0,0.0,0.0
211662314,0.0,0.0,0.0,0.30069783,0.30069774,0.0,0.0,0.0,0.0,0.0,0.0,0.0,nan,nan,nan,nan,nan,nan,0.0,12.542203,0.0,0.0,nan,0.0,0.0,0.09014433,0.0,0.0,0.0,0.0,0.0,0.0,0.0,0.0
211862421,0.0,0.0,0.0,0.300698,0.30069792,0.0,0.0,0.0,0.0,0.0,0.0,0.0,nan,nan,nan,nan,nan,nan,0.0,12.54417,0.0,0.0,nan,0.0,0.0,0.090144314,0.0,0.0,0.0,0.0,0.0,0.0,0.0,0.0
212062540,0.0,0.0,0.0,0.3006984,0.3006983,0.0,0.0,0.0,0.0,0.0,0.0,0.0,nan,nan,nan,nan,nan,nan,0.0,12.544211,0.0,0.0,nan,0.0,0.0,0.09014432,0.0,0.0,0.0,0.0,0.0,0.0,0.0,0.0
212262658,0.0,0.0,0.0,0.30069888,0.3006988,0.0,0.0,0.0,0.0,0.0,0.0,0.0,nan,nan,nan,nan,nan,nan,0.0,12.544272,0.0,0.0,nan,0.0,0.0,0.09014431,0.0,0.0,0.0,0.0,0.0,0.0,0.0,0.0
213263255,0.0,0.0,0.0,0.30070087,0.30070075,0.0,0.0,0.0,0.0,0.0,0.0,0.0,nan,nan,nan,nan,nan,nan,0.0,12.543539,0.0,0.0,nan,0.0,0.0,0.09014441,0.0,0.0,0.0,0.0,0.0,0.0,0.0,0.0
213463377,0.0,0.0,0.0,0.30070114,0.300701,0.0,0.0,0.0,0.0,0.0,0.0,0.0,nan,nan,nan,nan,nan,nan,0.0,12.542413,0.0,0.0,nan,0.0,0.0,0.09014441,0.0,0.0,0.0,0.0,0.0,0.0,0.0,0.0
214263860,0.0,0.0,0.0,0.3007049,0.30070472,0.0,0.0,0.0,0.0,0.0,0.0,0.0,nan,nan,nan,nan,nan,nan,0.0,12.542479,0.0,0.0,nan,0.0,0.0,0.09014439,0.0,0.0,0.0,0.0,0.0,0.0,0.0,0.0
215064327,0.0,0.0,0.0,0.3007089,0.3007087,0.0,0.0,0.0,0.0,0.0,0.0,0.0,nan,nan,nan,nan,nan,nan,0.0,12.540728,0.0,0.0,nan,0.0,0.0,0.09014437,0.0,0.0,0.0,0.0,0.0,0.0,0.0,0.0
215464577,0.0,0.0,0.0,0.30070984,0.30070964,0.0,0.0,0.0,0.0,0.0,0.0,0.0,nan,nan,nan,nan,nan,nan,0.0,12.54245,0.0,0.0,nan,0.0,0.0,0.090144366,0.0,0.0,0.0,0.0,0.0,0.0,0.0,0.0
216465162,0.0,0.0,0.0,0.30070946,0.30070922,0.0,0.0,0.0,0.0,0.0,0.0,0.0,nan,nan,nan,nan,nan,nan,0.0,12.542461,0.0,0.0,nan,0.0,0.0,0.09014434,0.0,0.0,0.0,0.0,0.0,0.0,0.0,0.0
216665293,0.0,0.0,0.0,0.3007089,0.30070862,0.0,0.0,0.0,0.0,0.0,0.0,0.0,nan,nan,nan,nan,nan,nan,0.0,12.541427,0.0,0.0,nan,0.0,0.0,0.09014434,0.0,0.0,0.0,0.0,0.0,0.0,0.0,0.0
216865404,0.0,0.0,0.0,0.3007083,0.30070797,0.0,0.0,0.0,0.0,0.0,0.0,0.0,nan,nan,nan,nan,nan,nan,0.0,12.542265,0.0,0.0,nan,0.0,0.0,0.090144336,0.0,0.0,0.0,0.0,0.0,0.0,0.0,0.0
217065521,0.0,0.0,0.0,0.30070752,0.30070722,0.0,0.0,0.0,0.0,0.0,0.0,0.0,nan,nan,nan,nan,nan,nan,0.0,12.541279,0.0,0.0,nan,0.0,0.0,0.090144336,0.0,0.0,0.0,0.0,0.0,0.0,0.0,0.0
217465761,0.0,0.0,0.0,0.30070627,0.30070597,0.0,0.0,0.0,0.0,0.0,0.0,0.0,nan,nan,nan,nan,nan,nan,0.0,12.540669,0.0,0.0,nan,0.0,0.0,0.09014443,0.0,0.0,0.0,0.0,0.0,0.0,0.0,0.0
217665889,0.0,0.0,0.0,0.30070546,0.30070513,0.0,0.0,0.0,0.0,0.0,0.0,0.0,nan,nan,nan,nan,nan,nan,0.0,12.540334,0.0,0.0,nan,0.0,0.0,0.090144336,0.0,0.0,0.0,0.0,0.0,0.0,0.0,0.0
218066117,0.0,0.0,0.0,0.3007034,0.30070305,0.0,0.0,0.0,0.0,0.0,0.0,0.0,nan,nan,nan,nan,nan,nan,0.0,12.539877,0.0,0.0,nan,0.0,0.0,0.09014433,0.0,0.0,0.0,0.0,0.0,0.0,0.0,0.0
218866595,0.0,0.0,0.0,0.30069977,0.3006994,0.0,0.0,0.0,0.0,0.0,0.0,0.0,nan,nan,nan,nan,nan,nan,0.0,12.541253,0.0,0.0,nan,0.0,0.0,0.09014442,0.0,0.0,0.0,0.0,0.0,0.0,0.0,0.0
219066715,0.0,0.0,0.0,0.30069944,0.30069908,0.0,0.0,0.0,0.0,0.0,0.0,0.0,nan,nan,nan,nan,nan,nan,0.0,12.5416155,0.0,0.0,nan,0.0,0.0,0.09014441,0.0,0.0,0.0,0.0,0.0,0.0,0.0,0.0
219266839,0.0,0.0,0.0,0.3006993,0.30069897,0.0,0.0,0.0,0.0,0.0,0.0,0.0,nan,nan,nan,nan,nan,nan,0.0,12.540714,0.0,0.0,nan,0.0,0.0,0.0901443,0.0,0.0,0.0,0.0,0.0,0.0,0.0,0.0
221668282,0.0,0.0,0.0,0.30070484,0.30070454,0.0,0.0,0.0,0.0,0.0,0.0,0.0,nan,nan,nan,nan,nan,nan,0.0,12.540213,0.0,0.0,nan,0.0,0.0,0.09014436,0.0,0.0,0.0,0.0,0.0,0.0,0.0,0.0
221868395,0.0,0.0,0.0,0.3007059,0.30070564,0.0,0.0,0.0,0.0,0.0,0.0,0.0,nan,nan,nan,nan,nan,nan,0.0,12.540605,0.0,0.0,nan,0.0,0.0,0.090144366,0.0,0.0,0.0,0.0,0.0,0.0,0.0,0.0
222869001,0.0,0.0,0.0,0.30070716,0.30070695,0.0,0.0,0.0,0.0,0.0,0.0,0.0,nan,nan,nan,nan,nan,nan,0.0,12.541003,0.0,0.0,nan,0.0,0.0,0.090144336,0.0,0.0,0.0,0.0,0.0,0.0,0.0,0.0
223069137,0.0,0.0,0.0,0.30070707,0.30070686,0.0,0.0,0.0,0.0,0.0,0.0,0.0,nan,nan,nan,nan,nan,nan,0.0,12.541358,0.0,0.0,nan,0.0,0.0,0.09014433,0.0,0.0,0.0,0.0,0.0,0.0,0.0,0.0
223659466,0.0,0.0,0.0,0.3007062,0.30070603,0.0,0.0,0.0,0.0,0.0,0.0,0.0,nan,nan,nan,nan,nan,nan,0.0,12.5433235,0.0,0.0,nan,0.0,0.0,0.09014432,0.0,0.0,0.0,0.0,0.0,0.0,0.0,0.0
224059704,0.0,0.0,0.0,0.30070472,0.3007045,0.0,0.0,0.0,0.0,0.0,0.0,0.0,nan,nan,nan,nan,nan,nan,0.0,12.542403,0.0,0.0,nan,0.0,0.0,0.09014432,0.0,0.0,0.0,0.0,0.0,0.0,0.0,0.0
224259894,0.0,0.0,0.0,0.3007039,0.3007037,0.0,0.0,0.0,0.0,0.0,0.0,0.0,nan,nan,nan,nan,nan,nan,0.0,12.541921,0.0,0.0,nan,0.0,0.0,0.09014443,0.0,0.0,0.0,0.0,0.0,0.0,0.0,0.0
224459944,0.0,0.0,0.0,0.30070293,0.30070272,0.0,0.0,0.0,0.0,0.0,0.0,0.0,nan,nan,nan,nan,nan,nan,0.0,12.542179,0.0,0.0,nan,0.0,0.0,0.09014443,0.0,0.0,0.0,0.0,0.0,0.0,0.0,0.0
224660066,0.0,0.0,0.0,0.30070198,0.30070177,0.0,0.0,0.0,0.0,0.0,0.0,0.0,nan,nan,nan,nan,nan,nan,0.0,12.542411,0.0,0.0,nan,0.0,0.0,0.090144426,0.0,0.0,0.0,0.0,0.0,0.0,0.0,0.0
224860184,0.0,0.0,0.0,0.30070093,0.30070075,0.0,0.0,0.0,0.0,0.0,0.0,0.0,nan,nan,nan,nan,nan,nan,0.0,12.543189,0.0,0.0,nan,0.0,0.0,0.090144426,0.0,0.0,0.0,0.0,0.0,0.0,0.0,0.0
225060307,0.0,0.0,0.0,0.30069986,0.30069965,0.0,0.0,0.0,0.0,0.0,0.0,0.0,nan,nan,nan,nan,nan,nan,0.0,12.542119,0.0,0.0,nan,0.0,0.0,0.09014442,0.0,0.0,0.0,0.0,0.0,0.0,0.0,0.0
225260424,0.0,0.0,0.0,0.30069923,0.30069903,0.0,0.0,0.0,0.0,0.0,0.0,0.0,nan,nan,nan,nan,nan,nan,0.0,12.542352,0.0,0.0,nan,0.0,0.0,0.09014431,0.0,0.0,0.0,0.0,0.0,0.0,0.0,0.0
226060905,0.0,0.0,0.0,0.30069804,0.3006978,0.0,0.0,0.0,0.0,0.0,0.0,0.0,nan,nan,nan,nan,nan,nan,0.0,12.5419655,0.0,0.0,nan,0.0,0.0,0.0901444,0.0,0.0,0.0,0.0,0.0,0.0,0.0,0.0
227061521,0.0,0.0,0.0,0.3006969,0.30069658,0.0,0.0,0.0,0.0,0.0,0.0,0.0,nan,nan,nan,nan,nan,nan,0.0,12.540161,0.0,0.0,nan,0.0,0.0,0.09014439,0.0,0.0,0.0,0.0,0.0,0.0,0.0,0.0
227261628,0.0,0.0,0.0,0.30069685,0.30069652,0.0,0.0,0.0,0.0,0.0,0.0,0.0,nan,nan,nan,nan,nan,nan,0.0,12.540543,0.0,0.0,nan,0.0,0.0,0.09014439,0.0,0.0,0.0,0.0,0.0,0.0,0.0,0.0
227461746,0.0,0.0,0.0,0.3006967,0.30069637,0.0,0.0,0.0,0.0,0.0,0.0,0.0,nan,nan,nan,nan,nan,nan,0.0,12.5402155,0.0,0.0,nan,0.0,0.0,0.09014438,0.0,0.0,0.0,0.0,0.0,0.0,0.0,0.0
227861987,0.0,0.0,0.0,0.30069625,0.30069593,0.0,0.0,0.0,0.0,0.0,0.0,0.0,nan,nan,nan,nan,nan,nan,0.0,12.539777,0.0,0.0,nan,0.0,0.0,0.09014437,0.0,0.0,0.0,0.0,0.0,0.0,0.0,0.0
228862596,0.0,0.0,0.0,0.3006959,0.30069557,0.0,0.0,0.0,0.0,0.0,0.0,0.0,nan,nan,nan,nan,nan,nan,0.0,12.54021,0.0,0.0,nan,0.0,0.0,0.09014436,0.0,0.0,0.0,0.0,0.0,0.0,0.0,0.0
229062722,0.0,0.0,0.0,0.30069607,0.30069575,0.0,0.0,0.0,0.0,0.0,0.0,0.0,nan,nan,nan,nan,nan,nan,0.0,12.540605,0.0,0.0,nan,0.0,0.0,0.09014436,0.0,0.0,0.0,0.0,0.0,0.0,0.0,0.0
229262833,0.0,0.0,0.0,0.30069628,0.30069596,0.0,0.0,0.0,0.0,0.0,0.0,0.0,nan,nan,nan,nan,nan,nan,0.0,12.540287,0.0,0.0,nan,0.0,0.0,0.09014435,0.0,0.0,0.0,0.0,0.0,0.0,0.0,0.0
231063917,0.0,0.0,0.0,0.30069536,0.30069512,0.0,0.0,0.0,0.0,0.0,0.0,0.0,nan,nan,nan,nan,nan,nan,0.0,12.54269,0.0,0.0,nan,0.0,0.0,0.09014443,0.0,0.0,0.0,0.0,0.0,0.0,0.0,0.0
231864400,0.0,0.0,0.0,0.30069593,0.30069575,0.0,0.0,0.0,0.0,0.0,0.0,0.0,nan,nan,nan,nan,nan,nan,0.0,12.540634,0.0,0.0,nan,0.0,0.0,0.09014441,0.0,0.0,0.0,0.0,0.0,0.0,0.0,0.0
232064527,0.0,0.0,0.0,0.3006957,0.3006955,0.0,0.0,0.0,0.0,0.0,0.0,0.0,nan,nan,nan,nan,nan,nan,0.0,12.541006,0.0,0.0,nan,0.0,0.0,0.0901444,0.0,0.0,0.0,0.0,0.0,0.0,0.0,0.0
232664879,0.0,0.0,0.0,0.30069435,0.3006942,0.0,0.0,0.0,0.0,0.0,0.0,0.0,nan,nan,nan,nan,nan,nan,0.0,12.540193,0.0,0.0,nan,0.0,0.0,0.090144396,0.0,0.0,0.0,0.0,0.0,0.0,0.0,0.0
233065143,0.0,0.0,0.0,0.30069372,0.30069363,0.0,0.0,0.0,0.0,0.0,0.0,0.0,nan,nan,nan,nan,nan,nan,0.0,12.541518,0.0,0.0,nan,0.0,0.0,0.09014439,0.0,0.0,0.0,0.0,0.0,0.0,0.0,0.0
235266451,0.0,0.0,0.0,0.30069414,0.30069417,0.0,0.0,0.0,0.0,0.0,0.0,0.0,nan,nan,nan,nan,nan,nan,0.0,12.542991,0.0,0.0,nan,0.0,0.0,0.09014439,0.0,0.0,0.0,0.0,0.0,0.0,0.0,0.0
235666688,0.0,0.0,0.0,0.30069467,0.3006947,0.0,0.0,0.0,0.0,0.0,0.0,0.0,nan,nan,nan,nan,nan,nan,0.0,12.542055,0.0,0.0,nan,0.0,0.0,0.090144485,0.0,0.0,0.0,0.0,0.0,0.0,0.0,0.0
236267062,0.0,0.0,0.0,0.30069458,0.30069456,0.0,0.0,0.0,0.0,0.0,0.0,0.0,nan,nan,nan,nan,nan,nan,0.0,12.540866,0.0,0.0,nan,0.0,0.0,0.090144455,0.0,0.0,0.0,0.0,0.0,0.0,0.0,0.0
237267658,0.0,0.0,0.0,0.3006944,0.3006943,0.0,0.0,0.0,0.0,0.0,0.0,0.0,nan,nan,nan,nan,nan,nan,0.0,12.5419445,0.0,0.0,nan,0.0,0.0,0.09014444,0.0,0.0,0.0,0.0,0.0,0.0,0.0,0.0
237868029,0.0,0.0,0.0,0.30069533,0.30069518,0.0,0.0,0.0,0.0,0.0,0.0,0.0,nan,nan,nan,nan,nan,nan,0.0,12.542056,0.0,0.0,nan,0.0,0.0,0.09014442,0.0,0.0,0.0,0.0,0.0,0.0,0.0,0.0
238868630,0.0,0.0,0.0,0.30069676,0.30069667,0.0,0.0,0.0,0.0,0.0,0.0,0.0,nan,nan,nan,nan,nan,nan,0.0,12.54212,0.0,0.0,nan,0.0,0.0,0.09014439,0.0,0.0,0.0,0.0,0.0,0.0,0.0,0.0
239068752,0.0,0.0,0.0,0.3006975,0.30069742,0.0,0.0,0.0,0.0,0.0,0.0,0.0,nan,nan,nan,nan,nan,nan,0.0,12.542357,0.0,0.0,nan,0.0,0.0,0.09014437,0.0,0.0,0.0,0.0,0.0,0.0,0.0,0.0
239268879,0.0,0.0,0.0,0.3006982,0.30069816,0.0,0.0,0.0,0.0,0.0,0.0,0.0,nan,nan,nan,nan,nan,nan,0.0,12.541338,0.0,0.0,nan,0.0,0.0,0.09014438,0.0,0.0,0.0,0.0,0.0,0.0,0.0,0.0
240059533,0.0,0.0,0.0,0.30070063,0.30070066,0.0,0.0,0.0,0.0,0.0,0.0,0.0,nan,nan,nan,nan,nan,nan,0.0,12.542458,0.0,0.0,nan,0.0,0.0,0.09014436,0.0,0.0,0.0,0.0,0.0,0.0,0.0,0.0
240259653,0.0,0.0,0.0,0.3007014,0.30070147,0.0,0.0,0.0,0.0,0.0,0.0,0.0,nan,nan,nan,nan,nan,nan,0.0,12.541434,0.0,0.0,nan,0.0,0.0,0.09014436,0.0,0.0,0.0,0.0,0.0,0.0,0.0,0.0
240860011,0.0,0.0,0.0,0.30070382,0.30070388,0.0,0.0,0.0,0.0,0.0,0.0,0.0,nan,nan,nan,nan,nan,nan,0.0,12.541619,0.0,0.0,nan,0.0,0.0,0.090144336,0.0,0.0,0.0,0.0,0.0,0.0,0.0,0.0
241060129,0.0,0.0,0.0,0.30070448,0.30070454,0.0,0.0,0.0,0.0,0.0,0.0,0.0,nan,nan,nan,nan,nan,nan,0.0,12.540707,0.0,0.0,nan,0.0,0.0,0.09014433,0.0,0.0,0.0,0.0,0.0,0.0,0.0,0.0
241660533,0.0,0.0,0.0,0.30070576,0.30070582,0.0,0.0,0.0,0.0,0.0,0.0,0.0,nan,nan,nan,nan,nan,nan,0.0,12.53998,0.0,0.0,nan,0.0,0.0,0.090144314,0.0,0.0,0.0,0.0,0.0,0.0,0.0,0.0
241860615,0.0,0.0,0.0,0.30070627,0.3007063,0.0,0.0,0.0,0.0,0.0,0.0,0.0,nan,nan,nan,nan,nan,nan,0.0,12.540429,0.0,0.0,nan,0.0,0.0,0.09014442,0.0,0.0,0.0,0.0,0.0,0.0,0.0,0.0
243461614,0.0,0.0,0.0,0.3007093,0.30070928,0.0,0.0,0.0,0.0,0.0,0.0,0.0,nan,nan,nan,nan,nan,nan,0.0,12.540303,0.0,0.0,nan,0.0,0.0,0.09014427,0.0,0.0,0.0,0.0,0.0,0.0,0.0,0.0
243861835,0.0,0.0,0.0,0.30070928,0.30070925,0.0,0.0,0.0,0.0,0.0,0.0,0.0,nan,nan,nan,nan,nan,nan,0.0,12.539992,0.0,0.0,nan,0.0,0.0,0.09014426,0.0,0.0,0.0,0.0,0.0,0.0,0.0,0.0
244061951,0.0,0.0,0.0,0.3007093,0.30070928,0.0,0.0,0.0,0.0,0.0,0.0,0.0,nan,nan,nan,nan,nan,nan,0.0,12.539734,0.0,0.0,nan,0.0,0.0,0.090144366,0.0,0.0,0.0,0.0,0.0,0.0,0.0,0.0
244462209,0.0,0.0,0.0,0.30070877,0.30070874,0.0,0.0,0.0,0.0,0.0,0.0,0.0,nan,nan,nan,nan,nan,nan,0.0,12.539426,0.0,0.0,nan,0.0,0.0,0.09014435,0.0,0.0,0.0,0.0,0.0,0.0,0.0,0.0
244662315,0.0,0.0,0.0,0.30070838,0.30070835,0.0,0.0,0.0,0.0,0.0,0.0,0.0,nan,nan,nan,nan,nan,nan,0.0,12.539952,0.0,0.0,nan,0.0,0.0,0.090144336,0.0,0.0,0.0,0.0,0.0,0.0,0.0,0.0
244862436,0.0,0.0,0.0,0.30070812,0.30070812,0.0,0.0,0.0,0.0,0.0,0.0,0.0,nan,nan,nan,nan,nan,nan,0.0,12.540902,0.0,0.0,nan,0.0,0.0,0.09014434,0.0,0.0,0.0,0.0,0.0,0.0,0.0,0.0
245062568,0.0,0.0,0.0,0.300708,0.30070794,0.0,0.0,0.0,0.0,0.0,0.0,0.0,nan,nan,nan,nan,nan,nan,0.0,12.541299,0.0,0.0,nan,0.0,0.0,0.09014433,0.0,0.0,0.0,0.0,0.0,0.0,0.0,0.0
245262678,0.0,0.0,0.0,0.300708,0.30070797,0.0,0.0,0.0,0.0,0.0,0.0,0.0,nan,nan,nan,nan,nan,nan,0.0,12.540426,0.0,0.0,nan,0.0,0.0,0.09014443,0.0,0.0,0.0,0.0,0.0,0.0,0.0,0.0
245462802,0.0,0.0,0.0,0.300708,0.30070797,0.0,0.0,0.0,0.0,0.0,0.0,0.0,nan,nan,nan,nan,nan,nan,0.0,12.541373,0.0,0.0,nan,0.0,0.0,0.09014432,0.0,0.0,0.0,0.0,0.0,0.0,0.0,0.0
246063168,0.0,0.0,0.0,0.30070782,0.3007078,0.0,0.0,0.0,0.0,0.0,0.0,0.0,nan,nan,nan,nan,nan,nan,0.0,12.539457,0.0,0.0,nan,0.0,0.0,0.09014441,0.0,0.0,0.0,0.0,0.0,0.0,0.0,0.0
