timestamp,nav_state_timestamp,failsafe_timestamp,armed_time,takeoff_time,onboard_control_sensors_present,onboard_control_sensors_enabled,onboard_control_sensors_health,nav_state,arming_state,hil_state,failsafe,system_type,system_id,component_id,vehicle_type,is_vtol,is_vtol_tailsitter,vtol_fw_permanent_stab,in_transition_mode,in_transition_to_fw,rc_signal_lost,rc_input_mode,data_link_lost,data_link_lost_counter,high_latency_data_link_lost,engine_failure,mission_failure,geofence_violated,failure_detector_status,latest_arming_reason,latest_disarming_reason
394213752,761587,0,0,0,304185404,304185372,304578591,0,1,0,0,1,1,1,2,0,0,0,0,0,0,0,0,0,0,0,0,0,0,0,0
395732517,761587,0,0,0,304185404,304185372,304578591,0,1,0,0,1,1,1,2,0,0,0,0,0,0,0,0,0,0,0,0,0,0,0,0
396235766,761587,0,0,0,304185404,304185372,304578591,0,1,0,0,1,1,1,2,0,0,0,0,0,0,0,0,0,0,0,0,0,0,0,0
396739043,761587,0,0,0,304185404,304185372,304578591,0,1,0,0,1,1,1,2,0,0,0,0,0,0,0,0,0,0,0,0,0,0,0,0
397249514,761587,0,0,0,304185404,304185372,304578591,0,1,0,0,1,1,1,2,0,0,0,0,0,0,0,0,0,0,0,0,0,0,0,0
397754064,761587,0,0,0,304185404,304185372,304578591,0,1,0,0,1,1,1,2,0,0,0,0,0,0,0,0,0,0,0,0,0,0,0,0
398764617,761587,0,0,0,304185404,304185372,304578591,0,1,0,0,1,1,1,2,0,0,0,0,0,0,0,0,0,0,0,0,0,0,0,0
399266465,761587,0,0,0,304185404,304185372,304578591,0,1,0,0,1,1,1,2,0,0,0,0,0,0,0,0,0,0,0,0,0,0,0,0
399779034,761587,0,0,0,304185404,304185372,304578591,0,1,0,0,1,1,1,2,0,0,0,0,0,0,0,0,0,0,0,0,0,0,0,0
400281565,761587,0,0,0,304185404,304185372,304578591,0,1,0,0,1,1,1,2,0,0,0,0,0,0,0,0,0,0,0,0,0,0,0,0
400785283,761587,0,0,0,304185404,304185372,304578591,0,1,0,0,1,1,1,2,0,0,0,0,0,0,0,0,0,0,0,0,0,0,0,0
401290557,761587,0,0,0,304185404,304185372,304578591,0,1,0,0,1,1,1,2,0,0,0,0,0,0,0,0,0,0,0,0,0,0,0,0
401776977,761587,0,401776783,0,304185404,304185372,304578591,0,2,0,0,1,1,1,2,0,0,0,0,0,0,0,0,0,0,0,0,0,0,4,0
402280514,761587,0,401776783,0,304185404,304185372,304578591,0,2,0,0,1,1,1,2,0,0,0,0,0,0,0,0,0,0,0,0,0,0,4,0
402780889,761587,0,401776783,0,304185404,304185372,304578591,0,2,0,0,1,1,1,2,0,0,0,0,0,0,0,0,0,0,0,0,0,0,4,0
403281216,761587,0,401776783,0,304185404,304185372,304578591,0,2,0,0,1,1,1,2,0,0,0,0,0,0,0,0,0,0,0,0,0,0,4,0
403789504,761587,0,401776783,0,304185404,304185372,304578591,0,2,0,0,1,1,1,2,0,0,0,0,0,0,0,0,0,0,0,0,0,0,4,0
404299644,761587,0,401776783,0,304185404,304185372,304578591,0,2,0,0,1,1,1,2,0,0,0,0,0,0,0,0,0,0,0,0,0,0,4,0
404803609,761587,0,401776783,0,304185404,304185372,304578591,0,2,0,0,1,1,1,2,0,0,0,0,0,0,0,0,0,0,0,0,0,0,4,0
405312723,761587,0,401776783,0,304185404,304185372,304578591,0,2,0,0,1,1,1,2,0,0,0,0,0,0,0,0,0,0,0,0,0,0,4,0
405813689,761587,0,401776783,0,304185404,304185372,304578591,0,2,0,0,1,1,1,2,0,0,0,0,0,0,0,0,0,0,0,0,0,0,4,0
406320807,761587,0,401776783,0,304185404,304185372,304578591,0,2,0,0,1,1,1,2,0,0,0,0,0,0,0,0,0,0,0,0,0,0,4,0
406826507,761587,0,401776783,0,304185404,304185372,304578591,0,2,0,0,1,1,1,2,0,0,0,0,0,0,0,0,0,0,0,0,0,0,4,0
407336723,761587,0,401776783,0,304185404,304185372,304578591,0,2,0,0,1,1,1,2,0,0,0,0,0,0,0,0,0,0,0,0,0,0,4,0
407837370,761587,0,401776783,0,304185404,304185372,304578591,0,2,0,0,1,1,1,2,0,0,0,0,0,0,0,0,0,0,0,0,0,0,4,0
408346470,761587,0,401776783,0,304185404,304185372,304578591,0,2,0,0,1,1,1,2,0,0,0,0,0,0,0,0,0,0,0,0,0,0,4,0
409351920,761587,0,401776783,0,304185404,304185372,304578591,0,2,0,0,1,1,1,2,0,0,0,0,0,0,0,0,0,0,0,0,0,0,4,0
409856467,761587,0,401776783,0,304185404,304185372,304578591,0,2,0,0,1,1,1,2,0,0,0,0,0,0,0,0,0,0,0,0,0,0,4,0
410365508,761587,0,401776783,0,304185404,304185372,304578591,0,2,0,0,1,1,1,2,0,0,0,0,0,0,0,0,0,0,0,0,0,0,4,0
410869330,761587,0,401776783,0,304185404,304185372,304578591,0,2,0,0,1,1,1,2,0,0,0,0,0,0,0,0,0,0,0,0,0,0,4,0
411378718,761587,0,401776783,0,304185404,304185372,304578591,0,2,0,0,1,1,1,2,0,0,0,0,0,0,0,0,0,0,0,0,0,0,4,0
411880624,761587,0,401776783,0,304185404,304185372,304578591,0,2,0,0,1,1,1,2,0,0,0,0,0,0,0,0,0,0,0,0,0,0,4,0
412387021,761587,0,401776783,0,304185404,304185372,304578591,0,2,0,0,1,1,1,2,0,0,0,0,0,0,0,0,0,0,0,0,0,0,4,0
412896623,761587,0,401776783,0,304185404,304185372,304578591,0,2,0,0,1,1,1,2,0,0,0,0,0,0,0,0,0,0,0,0,0,0,4,0
413406466,761587,0,401776783,0,304185404,304185372,304578591,0,2,0,0,1,1,1,2,0,0,0,0,0,0,0,0,0,0,0,0,0,0,4,0
413907599,761587,0,401776783,0,304185404,304185372,304578591,0,2,0,0,1,1,1,2,0,0,0,0,0,0,0,0,0,0,0,0,0,0,4,0
414410320,761587,0,401776783,0,304185404,304185372,304578591,0,2,0,0,1,1,1,2,0,0,0,0,0,0,0,0,0,0,0,0,0,0,4,0
414920927,761587,0,401776783,0,304185404,304185372,304578591,0,2,0,0,1,1,1,2,0,0,0,0,0,0,0,0,0,0,0,0,0,0,4,0
415428747,761587,0,401776783,0,304185404,304185372,304578591,0,2,0,0,1,1,1,2,0,0,0,0,0,0,0,0,0,0,0,0,0,0,4,0
416432652,761587,0,401776783,0,304185404,304185372,304578591,0,2,0,0,1,1,1,2,0,0,0,0,0,0,0,0,0,0,0,0,0,0,4,0
417440494,761587,0,401776783,0,304185404,304185372,304578591,0,2,0,0,1,1,1,2,0,0,0,0,0,0,0,0,0,0,0,0,0,0,4,0
417944734,761587,0,401776783,0,304185404,304185372,304578591,0,2,0,0,1,1,1,2,0,0,0,0,0,0,0,0,0,0,0,0,0,0,4,0
418451694,761587,0,401776783,0,304185404,304185372,304578591,0,2,0,0,1,1,1,2,0,0,0,0,0,0,0,0,0,0,0,0,0,0,4,0
418951738,761587,0,401776783,0,304185404,304185372,304578591,0,2,0,0,1,1,1,2,0,0,0,0,0,0,0,0,0,0,0,0,0,0,4,0
419455592,761587,0,401776783,0,304185404,304185372,304578591,0,2,0,0,1,1,1,2,0,0,0,0,0,0,0,0,0,0,0,0,0,0,4,0
419964597,761587,0,401776783,0,304185404,304185372,304578591,0,2,0,0,1,1,1,2,0,0,0,0,0,0,0,0,0,0,0,0,0,0,4,0
420467134,761587,0,401776783,0,304185404,304185372,304578591,0,2,0,0,1,1,1,2,0,0,0,0,0,0,0,0,0,0,0,0,0,0,4,0
420971262,761587,0,401776783,0,304185404,304185372,304578591,0,2,0,0,1,1,1,2,0,0,0,0,0,0,0,0,0,0,0,0,0,0,4,0
421976635,761587,0,401776783,0,304185404,304185372,304578591,0,2,0,0,1,1,1,2,0,0,0,0,0,0,0,0,0,0,0,0,0,0,4,0
422485529,761587,0,401776783,0,304185404,304185372,304578591,0,2,0,0,1,1,1,2,0,0,0,0,0,0,0,0,0,0,0,0,0,0,4,0
422987216,761587,0,401776783,0,304185404,304185372,304578591,0,2,0,0,1,1,1,2,0,0,0,0,0,0,0,0,0,0,0,0,0,0,4,0
423497352,761587,0,401776783,0,304185404,304185372,304578591,0,2,0,0,1,1,1,2,0,0,0,0,0,0,0,0,0,0,0,0,0,0,4,0
423999861,761587,0,401776783,0,304185404,304185372,304578591,0,2,0,0,1,1,1,2,0,0,0,0,0,0,0,0,0,0,0,0,0,0,4,0
424504700,761587,0,401776783,0,304185404,304185372,304578591,0,2,0,0,1,1,1,2,0,0,0,0,0,0,0,0,0,0,0,0,0,0,4,0
425008808,761587,0,401776783,0,304185404,304185372,304578591,0,2,0,0,1,1,1,2,0,0,0,0,0,0,0,0,0,0,0,0,0,0,4,0
425512482,761587,0,401776783,0,304185404,304185372,304578591,0,2,0,0,1,1,1,2,0,0,0,0,0,0,0,0,0,0,0,0,0,0,4,0
426012489,761587,0,401776783,0,304185404,304185372,304578591,0,2,0,0,1,1,1,2,0,0,0,0,0,0,0,0,0,0,0,0,0,0,4,0
426522298,761587,0,401776783,0,304185404,304185372,304578591,0,2,0,0,1,1,1,2,0,0,0,0,0,0,0,0,0,0,0,0,0,0,4,0
427027814,761587,0,401776783,426970475,304185404,304185372,304578591,0,2,0,0,1,1,1,2,0,0,0,0,0,0,0,0,0,0,0,0,0,0,4,0
427527842,761587,0,401776783,426970475,304185404,304185372,304578591,0,2,0,0,1,1,1,2,0,0,0,0,0,0,0,0,0,0,0,0,0,0,4,0
428031073,761587,0,401776783,426970475,304185404,304185372,304578591,0,2,0,0,1,1,1,2,0,0,0,0,0,0,0,0,0,0,0,0,0,0,4,0
428537514,761587,0,401776783,426970475,304185404,304185372,304578591,0,2,0,0,1,1,1,2,0,0,0,0,0,0,0,0,0,0,0,0,0,0,4,0
429039179,761587,0,401776783,426970475,304185404,304185372,304578591,0,2,0,0,1,1,1,2,0,0,0,0,0,0,0,0,0,0,0,0,0,0,4,0
429544518,761587,0,401776783,426970475,304185404,304185372,304578591,0,2,0,0,1,1,1,2,0,0,0,0,0,0,0,0,0,0,0,0,0,0,4,0
430054020,761587,0,401776783,426970475,304185404,304185372,304578591,0,2,0,0,1,1,1,2,0,0,0,0,0,0,0,0,0,0,0,0,0,0,4,0
430556516,761587,0,401776783,426970475,304185404,304185372,304578591,0,2,0,0,1,1,1,2,0,0,0,0,0,0,0,0,0,0,0,0,0,0,4,0
431059666,761587,0,401776783,426970475,304185404,304185372,304578591,0,2,0,0,1,1,1,2,0,0,0,0,0,0,0,0,0,0,0,0,0,0,4,0
431565188,761587,0,401776783,426970475,304185404,304185372,304578591,0,2,0,0,1,1,1,2,0,0,0,0,0,0,0,0,0,0,0,0,0,0,4,0
432065382,761587,0,401776783,426970475,304185404,304185372,304578591,0,2,0,0,1,1,1,2,0,0,0,0,0,0,0,0,0,0,0,0,0,0,4,0
432566911,761587,0,401776783,426970475,304185404,304185372,304578591,0,2,0,0,1,1,1,2,0,0,0,0,0,0,0,0,0,0,0,0,0,0,4,0
433070909,761587,0,401776783,426970475,304185404,304185372,304578591,0,2,0,0,1,1,1,2,0,0,0,0,0,0,0,0,0,0,0,0,0,0,4,0
433576444,761587,0,401776783,426970475,304185404,304185372,304578591,0,2,0,0,1,1,1,2,0,0,0,0,0,0,0,0,0,0,0,0,0,0,4,0
434086904,761587,0,401776783,426970475,304185404,304185372,304578591,0,2,0,0,1,1,1,2,0,0,0,0,0,0,0,0,0,0,0,0,0,0,4,0
434587430,761587,0,401776783,426970475,304185404,304185372,304578591,0,2,0,0,1,1,1,2,0,0,0,0,0,0,0,0,0,0,0,0,0,0,4,0
435098235,761587,0,401776783,426970475,304185404,304185372,304578591,0,2,0,0,1,1,1,2,0,0,0,0,0,0,0,0,0,0,0,0,0,0,4,0
435608160,761587,0,401776783,426970475,304185404,304185372,304578591,0,2,0,0,1,1,1,2,0,0,0,0,0,0,0,0,0,0,0,0,0,0,4,0
436110790,761587,0,401776783,426970475,304185404,304185372,304578591,0,2,0,0,1,1,1,2,0,0,0,0,0,0,0,0,0,0,0,0,0,0,4,0
436619421,761587,0,401776783,426970475,304185404,304185372,304578591,0,2,0,0,1,1,1,2,0,0,0,0,0,0,0,0,0,0,0,0,0,0,4,0
437130011,761587,0,401776783,426970475,304185404,304185372,304578591,0,2,0,0,1,1,1,2,0,0,0,0,0,0,0,0,0,0,0,0,0,0,4,0
437631809,761587,0,401776783,426970475,304185404,304185372,304578591,0,2,0,0,1,1,1,2,0,0,0,0,0,0,0,0,0,0,0,0,0,0,4,0
438140803,761587,0,401776783,426970475,304185404,304185372,304578591,0,2,0,0,1,1,1,2,0,0,0,0,0,0,0,0,0,0,0,0,0,0,4,0
438641509,761587,0,401776783,426970475,304185404,304185372,304578591,0,2,0,0,1,1,1,2,0,0,0,0,0,0,0,0,0,0,0,0,0,0,4,0
439145270,761587,0,401776783,426970475,304185404,304185372,304578591,0,2,0,0,1,1,1,2,0,0,0,0,0,0,0,0,0,0,0,0,0,0,4,0
439652586,761587,0,401776783,426970475,304185404,304185372,304578591,0,2,0,0,1,1,1,2,0,0,0,0,0,0,0,0,0,0,0,0,0,0,4,0
440159762,761587,0,401776783,426970475,304185404,304185372,304578591,0,2,0,0,1,1,1,2,0,0,0,0,0,0,0,0,0,0,0,0,0,0,4,0
440662529,761587,0,401776783,426970475,304185404,304185372,304578591,0,2,0,0,1,1,1,2,0,0,0,0,0,0,0,0,0,0,0,0,0,0,4,0
441172737,761587,0,401776783,426970475,304185404,304185372,304578591,0,2,0,0,1,1,1,2,0,0,0,0,0,0,0,0,0,0,0,0,0,0,4,0
441676766,761587,0,401776783,426970475,304185404,304185372,304578591,0,2,0,0,1,1,1,2,0,0,0,0,0,0,0,0,0,0,0,0,0,0,4,0
442184579,761587,0,401776783,426970475,304185404,304185372,304578591,0,2,0,0,1,1,1,2,0,0,0,0,0,0,0,0,0,0,0,0,0,0,4,0
442693975,761587,0,401776783,426970475,304185404,304185372,304578591,0,2,0,0,1,1,1,2,0,0,0,0,0,0,0,0,0,0,0,0,0,0,4,0
443204434,761587,0,401776783,426970475,304185404,304185372,304578591,0,2,0,0,1,1,1,2,0,0,0,0,0,0,0,0,0,0,0,0,0,0,4,0
443705580,761587,0,401776783,426970475,304185404,304185372,304578591,0,2,0,0,1,1,1,2,0,0,0,0,0,0,0,0,0,0,0,0,0,0,4,0
444214552,761587,0,401776783,426970475,304185404,304185372,304578591,0,2,0,0,1,1,1,2,0,0,0,0,0,0,0,0,0,0,0,0,0,0,4,0
444719212,761587,0,401776783,426970475,304185404,304185372,304578591,0,2,0,0,1,1,1,2,0,0,0,0,0,0,0,0,0,0,0,0,0,0,4,0
445226730,761587,0,401776783,426970475,304185404,304185372,304578591,0,2,0,0,1,1,1,2,0,0,0,0,0,0,0,0,0,0,0,0,0,0,4,0
445735959,761587,0,401776783,426970475,304185404,304185372,304578591,0,2,0,0,1,1,1,2,0,0,0,0,0,0,0,0,0,0,0,0,0,0,4,0
446245704,761587,0,401776783,426970475,304185404,304185372,304578591,0,2,0,0,1,1,1,2,0,0,0,0,0,0,0,0,0,0,0,0,0,0,4,0
446747634,761587,0,401776783,426970475,304185404,304185372,304578591,0,2,0,0,1,1,1,2,0,0,0,0,0,0,0,0,0,0,0,0,0,0,4,0
447256554,761587,0,401776783,426970475,304185404,304185372,304578591,0,2,0,0,1,1,1,2,0,0,0,0,0,0,0,0,0,0,0,0,0,0,4,0
447766908,761587,0,401776783,426970475,304185404,304185372,304578591,0,2,0,0,1,1,1,2,0,0,0,0,0,0,0,0,0,0,0,0,0,0,4,0
448267712,761587,0,401776783,426970475,304185404,304185372,304578591,0,2,0,0,1,1,1,2,0,0,0,0,0,0,0,0,0,0,0,0,0,0,4,0
448768758,761587,0,401776783,426970475,304185404,304185372,304578591,0,2,0,0,1,1,1,2,0,0,0,0,0,0,0,0,0,0,0,0,0,0,4,0
449278189,761587,0,401776783,426970475,304185404,304185372,304578591,0,2,0,0,1,1,1,2,0,0,0,0,0,0,0,0,0,0,0,0,0,0,4,0
449782152,761587,0,401776783,426970475,304185404,304185372,304578591,0,2,0,0,1,1,1,2,0,0,0,0,0,0,0,0,0,0,0,0,0,0,4,0
450292349,761587,0,401776783,426970475,304185404,304185372,304578591,0,2,0,0,1,1,1,2,0,0,0,0,0,0,0,0,0,0,0,0,0,0,4,0
450799894,761587,0,401776783,426970475,304185404,304185372,304578591,0,2,0,0,1,1,1,2,0,0,0,0,0,0,0,0,0,0,0,0,0,0,4,0
451302882,761587,0,401776783,426970475,304185404,304185372,304578591,0,2,0,0,1,1,1,2,0,0,0,0,0,0,0,0,0,0,0,0,0,0,4,0
451810501,761587,0,401776783,426970475,304185404,304185372,304578591,0,2,0,0,1,1,1,2,0,0,0,0,0,0,0,0,0,0,0,0,0,0,4,0
452319723,761587,0,401776783,426970475,304185404,304185372,304578591,0,2,0,0,1,1,1,2,0,0,0,0,0,0,0,0,0,0,0,0,0,0,4,0
452825204,761587,0,401776783,426970475,304185404,304185372,304578591,0,2,0,0,1,1,1,2,0,0,0,0,0,0,0,0,0,0,0,0,0,0,4,0
453334223,761587,0,401776783,426970475,304185404,304185372,304578591,0,2,0,0,1,1,1,2,0,0,0,0,0,0,0,0,0,0,0,0,0,0,4,0
454359932,761587,0,401776783,426970475,304185404,304185372,304578591,0,2,0,0,1,1,1,2,0,0,0,0,0,0,0,0,0,0,0,0,0,0,4,0
454861473,761587,0,401776783,426970475,304185404,304185372,304578591,0,2,0,0,1,1,1,2,0,0,0,0,0,0,0,0,0,0,0,0,0,0,4,0
455362981,761587,0,401776783,426970475,304185404,304185372,304578591,0,2,0,0,1,1,1,2,0,0,0,0,0,0,0,0,0,0,0,0,0,0,4,0
455880550,761587,0,401776783,426970475,304185404,304185372,304578591,0,2,0,0,1,1,1,2,0,0,0,0,0,0,0,0,0,0,0,0,0,0,4,0
456383742,761587,0,401776783,426970475,304185404,304185372,304578591,0,2,0,0,1,1,1,2,0,0,0,0,0,0,0,0,0,0,0,0,0,0,4,0
456896046,761587,0,401776783,426970475,304185404,304185372,304578591,0,2,0,0,1,1,1,2,0,0,0,0,0,0,0,0,0,0,0,0,0,0,4,0
457403868,761587,0,401776783,426970475,304185404,304185372,304578591,0,2,0,0,1,1,1,2,0,0,0,0,0,0,0,0,0,0,0,0,0,0,4,0
457912896,761587,0,401776783,426970475,304185404,304185372,304578591,0,2,0,0,1,1,1,2,0,0,0,0,0,0,0,0,0,0,0,0,0,0,4,0
458418007,761587,0,401776783,426970475,304185404,304185372,304578591,0,2,0,0,1,1,1,2,0,0,0,0,0,0,0,0,0,0,0,0,0,0,4,0
458924546,761587,0,401776783,426970475,304185404,304185372,304578591,0,2,0,0,1,1,1,2,0,0,0,0,0,0,0,0,0,0,0,0,0,0,4,0
459427291,761587,0,401776783,426970475,304185404,304185372,304578591,0,2,0,0,1,1,1,2,0,0,0,0,0,0,0,0,0,0,0,0,0,0,4,0
459937732,761587,0,401776783,426970475,304185404,304185372,304578591,0,2,0,0,1,1,1,2,0,0,0,0,0,0,0,0,0,0,0,0,0,0,4,0
460444524,761587,0,401776783,426970475,304185404,304185372,304578591,0,2,0,0,1,1,1,2,0,0,0,0,0,0,0,0,0,0,0,0,0,0,4,0
460945637,761587,0,401776783,426970475,304185404,304185372,304578591,0,2,0,0,1,1,1,2,0,0,0,0,0,0,0,0,0,0,0,0,0,0,4,0
461454493,761587,0,401776783,426970475,304185404,304185372,304578591,0,2,0,0,1,1,1,2,0,0,0,0,0,0,0,0,0,0,0,0,0,0,4,0
461964878,761587,0,401776783,426970475,304185404,304185372,304578591,0,2,0,0,1,1,1,2,0,0,0,0,0,0,0,0,0,0,0,0,0,0,4,0
462475845,761587,0,401776783,426970475,304185404,304185372,304578591,0,2,0,0,1,1,1,2,0,0,0,0,0,0,0,0,0,0,0,0,0,0,4,0
462975959,761587,0,401776783,426970475,304185404,304185372,304578591,0,2,0,0,1,1,1,2,0,0,0,0,0,0,0,0,0,0,0,0,0,0,4,0
463485781,761587,0,401776783,426970475,304185404,304185372,304578591,0,2,0,0,1,1,1,2,0,0,0,0,0,0,0,0,0,0,0,0,0,0,4,0
463986246,761587,0,401776783,426970475,304185404,304185372,304578591,0,2,0,0,1,1,1,2,0,0,0,0,0,0,0,0,0,0,0,0,0,0,4,0
464486794,761587,0,401776783,426970475,304185404,304185372,304578591,0,2,0,0,1,1,1,2,0,0,0,0,0,0,0,0,0,0,0,0,0,0,4,0
464987034,761587,0,401776783,426970475,304185404,304185372,304578591,0,2,0,0,1,1,1,2,0,0,0,0,0,0,0,0,0,0,0,0,0,0,4,0
465487272,761587,0,401776783,426970475,304185404,304185372,304578591,0,2,0,0,1,1,1,2,0,0,0,0,0,0,0,0,0,0,0,0,0,0,4,0
465996876,761587,0,401776783,426970475,304185404,304185372,304578591,0,2,0,0,1,1,1,2,0,0,0,0,0,0,0,0,0,0,0,0,0,0,4,0
467016937,761587,0,401776783,426970475,304185404,304185372,304578591,0,2,0,0,1,1,1,2,0,0,0,0,0,0,0,0,0,0,0,0,0,0,4,0
467518110,761587,0,401776783,426970475,304185404,304185372,304578591,0,2,0,0,1,1,1,2,0,0,0,0,0,0,0,0,0,0,0,0,0,0,4,0
468018853,761587,0,401776783,426970475,304185404,304185372,304578591,0,2,0,0,1,1,1,2,0,0,0,0,0,0,0,0,0,0,0,0,0,0,4,0
468522504,761587,0,401776783,426970475,304185404,304185372,304578591,0,2,0,0,1,1,1,2,0,0,0,0,0,0,0,0,0,0,0,0,0,0,4,0
469028982,761587,0,401776783,426970475,304185404,304185372,304578591,0,2,0,0,1,1,1,2,0,0,0,0,0,0,0,0,0,0,0,0,0,0,4,0
469538304,761587,0,401776783,426970475,304185404,304185372,304578591,0,2,0,0,1,1,1,2,0,0,0,0,0,0,0,0,0,0,0,0,0,0,4,0
470040599,761587,0,401776783,426970475,304185404,304185372,304578591,0,2,0,0,1,1,1,2,0,0,0,0,0,0,0,0,0,0,0,0,0,0,4,0
470558915,761587,0,401776783,426970475,304185404,304185372,304578591,0,2,0,0,1,1,1,2,0,0,0,0,0,0,0,0,0,0,0,0,0,0,4,0
471060182,761587,0,401776783,426970475,304185404,304185372,304578591,0,2,0,0,1,1,1,2,0,0,0,0,0,0,0,0,0,0,0,0,0,0,4,0
471570483,761587,0,401776783,426970475,304185404,304185372,304578591,0,2,0,0,1,1,1,2,0,0,0,0,0,0,0,0,0,0,0,0,0,0,4,0
472080571,761587,0,401776783,426970475,304185404,304185372,304578591,0,2,0,0,1,1,1,2,0,0,0,0,0,0,0,0,0,0,0,0,0,0,4,0
472581712,761587,0,401776783,426970475,304185404,304185372,304578591,0,2,0,0,1,1,1,2,0,0,0,0,0,0,0,0,0,0,0,0,0,0,4,0
473091773,761587,0,401776783,426970475,304185404,304185372,304578591,0,2,0,0,1,1,1,2,0,0,0,0,0,0,0,0,0,0,0,0,0,0,4,0
473601573,761587,0,401776783,426970475,304185404,304185372,304578591,0,2,0,0,1,1,1,2,0,0,0,0,0,0,0,0,0,0,0,0,0,0,4,0
474101981,761587,0,401776783,426970475,304185404,304185372,304578591,0,2,0,0,1,1,1,2,0,0,0,0,0,0,0,0,0,0,0,0,0,0,4,0
474611888,761587,0,401776783,426970475,304185404,304185372,304578591,0,2,0,0,1,1,1,2,0,0,0,0,0,0,0,0,0,0,0,0,0,0,4,0
475116900,761587,0,401776783,426970475,304185404,304185372,304578591,0,2,0,0,1,1,1,2,0,0,0,0,0,0,0,0,0,0,0,0,0,0,4,0
475623685,761587,0,401776783,426970475,304185404,304185372,304578591,0,2,0,0,1,1,1,2,0,0,0,0,0,0,0,0,0,0,0,0,0,0,4,0
476132733,761587,0,401776783,426970475,304185404,304185372,304578591,0,2,0,0,1,1,1,2,0,0,0,0,0,0,0,0,0,0,0,0,0,0,4,0
476636882,761587,0,401776783,426970475,304185404,304185372,304578591,0,2,0,0,1,1,1,2,0,0,0,0,0,0,0,0,0,0,0,0,0,0,4,0
477142360,761587,0,401776783,426970475,304185404,304185372,304578591,0,2,0,0,1,1,1,2,0,0,0,0,0,0,0,0,0,0,0,0,0,0,4,0
477643609,761587,0,401776783,426970475,304185404,304185372,304578591,0,2,0,0,1,1,1,2,0,0,0,0,0,0,0,0,0,0,0,0,0,0,4,0
478154478,761587,0,401776783,426970475,304185404,304185372,304578591,0,2,0,0,1,1,1,2,0,0,0,0,0,0,0,0,0,0,0,0,0,0,4,0
478655643,761587,0,401776783,426970475,304185404,304185372,304578591,0,2,0,0,1,1,1,2,0,0,0,0,0,0,0,0,0,0,0,0,0,0,4,0
479155732,761587,0,401776783,426970475,304185404,304185372,304578591,0,2,0,0,1,1,1,2,0,0,0,0,0,0,0,0,0,0,0,0,0,0,4,0
479664086,761587,0,401776783,426970475,304185404,304185372,304578591,0,2,0,0,1,1,1,2,0,0,0,0,0,0,0,0,0,0,0,0,0,0,4,0
480173786,761587,0,401776783,426970475,304185404,304185372,304578591,0,2,0,0,1,1,1,2,0,0,0,0,0,0,0,0,0,0,0,0,0,0,4,0
480683967,761587,0,401776783,426970475,304185404,304185372,304578591,0,2,0,0,1,1,1,2,0,0,0,0,0,0,0,0,0,0,0,0,0,0,4,0
481186462,761587,0,401776783,426970475,304185404,304185372,304578591,0,2,0,0,1,1,1,2,0,0,0,0,0,0,0,0,0,0,0,0,0,0,4,0
481696774,761587,0,401776783,426970475,304185404,304185372,304578591,0,2,0,0,1,1,1,2,0,0,0,0,0,0,0,0,0,0,0,0,0,0,4,0
482209982,761587,0,401776783,426970475,304185404,304185372,304578591,0,2,0,0,1,1,1,2,0,0,0,0,0,0,0,0,0,0,0,0,0,0,4,0
482720015,761587,0,401776783,426970475,304185404,304185372,304578591,0,2,0,0,1,1,1,2,0,0,0,0,0,0,0,0,0,0,0,0,0,0,4,0
483225363,761587,0,401776783,426970475,304185404,304185372,304578591,0,2,0,0,1,1,1,2,0,0,0,0,0,0,0,0,0,0,0,0,0,0,4,0
484226825,761587,0,401776783,426970475,304185404,304185372,304578591,0,2,0,0,1,1,1,2,0,0,0,0,0,0,0,0,0,0,0,0,0,0,4,0
484727068,761587,0,401776783,426970475,304185404,304185372,304578591,0,2,0,0,1,1,1,2,0,0,0,0,0,0,0,0,0,0,0,0,0,0,4,0
485227861,761587,0,401776783,426970475,304185404,304185372,304578591,0,2,0,0,1,1,1,2,0,0,0,0,0,0,0,0,0,0,0,0,0,0,4,0
485738902,761587,0,401776783,426970475,304185404,304185372,304578591,0,2,0,0,1,1,1,2,0,0,0,0,0,0,0,0,0,0,0,0,0,0,4,0
486248607,761587,0,401776783,426970475,304185404,304185372,304578591,0,2,0,0,1,1,1,2,0,0,0,0,0,0,0,0,0,0,0,0,0,0,4,0
486748696,761587,0,401776783,426970475,304185404,304185372,304578591,0,2,0,0,1,1,1,2,0,0,0,0,0,0,0,0,0,0,0,0,0,0,4,0
487258215,761587,0,401776783,426970475,304185404,304185372,304578591,0,2,0,0,1,1,1,2,0,0,0,0,0,0,0,0,0,0,0,0,0,0,4,0
488279326,761587,0,401776783,426970475,304185404,304185372,304578591,0,2,0,0,1,1,1,2,0,0,0,0,0,0,0,0,0,0,0,0,0,0,4,0
488789140,761587,0,401776783,426970475,304185404,304185372,304578591,0,2,0,0,1,1,1,2,0,0,0,0,0,0,0,0,0,0,0,0,0,0,4,0
489299905,761587,0,401776783,426970475,304185404,304185372,304578591,0,2,0,0,1,1,1,2,0,0,0,0,0,0,0,0,0,0,0,0,0,0,4,0
489800479,761587,0,401776783,426970475,304185404,304185372,304578591,0,2,0,0,1,1,1,2,0,0,0,0,0,0,0,0,0,0,0,0,0,0,4,0
490301467,761587,0,401776783,426970475,304185404,304185372,304578591,0,2,0,0,1,1,1,2,0,0,0,0,0,0,0,0,0,0,0,0,0,0,4,0
490810024,761587,0,401776783,426970475,304185404,304185372,304578591,0,2,0,0,1,1,1,2,0,0,0,0,0,0,0,0,0,0,0,0,0,0,4,0
491310069,761587,0,401776783,426970475,304185404,304185372,304578591,0,2,0,0,1,1,1,2,0,0,0,0,0,0,0,0,0,0,0,0,0,0,4,0
492322514,761587,0,401776783,426970475,304185404,304185372,304578591,0,2,0,0,1,1,1,2,0,0,0,0,0,0,0,0,0,0,0,0,0,0,4,0
493340805,761587,0,401776783,426970475,304185404,304185372,304578591,0,2,0,0,1,1,1,2,0,0,0,0,0,0,0,0,0,0,0,0,0,0,4,0
494352515,761587,0,401776783,426970475,304185404,304185372,304578591,0,2,0,0,1,1,1,2,0,0,0,0,0,0,0,0,0,0,0,0,0,0,4,0
494856050,761587,0,401776783,426970475,304185404,304185372,304578591,0,2,0,0,1,1,1,2,0,0,0,0,0,0,0,0,0,0,0,0,0,0,4,0
495362241,761587,0,401776783,426970475,304185404,304185372,304578591,0,2,0,0,1,1,1,2,0,0,0,0,0,0,0,0,0,0,0,0,0,0,4,0
495862930,761587,0,401776783,426970475,304185404,304185372,304578591,0,2,0,0,1,1,1,2,0,0,0,0,0,0,0,0,0,0,0,0,0,0,4,0
496373471,761587,0,401776783,426970475,304185404,304185372,304578591,0,2,0,0,1,1,1,2,0,0,0,0,0,0,0,0,0,0,0,0,0,0,4,0
496883221,761587,0,401776783,426970475,304185404,304185372,304578591,0,2,0,0,1,1,1,2,0,0,0,0,0,0,0,0,0,0,0,0,0,0,4,0
497383234,761587,0,401776783,426970475,304185404,304185372,304578591,0,2,0,0,1,1,1,2,0,0,0,0,0,0,0,0,0,0,0,0,0,0,4,0
497893478,761587,0,401776783,426970475,304185404,304185372,304578591,0,2,0,0,1,1,1,2,0,0,0,0,0,0,0,0,0,0,0,0,0,0,4,0
498403727,761587,0,401776783,426970475,304185404,304185372,304578591,0,2,0,0,1,1,1,2,0,0,0,0,0,0,0,0,0,0,0,0,0,0,4,0
498913772,761587,0,401776783,426970475,304185404,304185372,304578591,0,2,0,0,1,1,1,2,0,0,0,0,0,0,0,0,0,0,0,0,0,0,4,0
499424036,761587,0,401776783,426970475,304185404,304185372,304578591,0,2,0,0,1,1,1,2,0,0,0,0,0,0,0,0,0,0,0,0,0,0,4,0
499933515,761587,0,401776783,426970475,304185404,304185372,304578591,0,2,0,0,1,1,1,2,0,0,0,0,0,0,0,0,0,0,0,0,0,0,4,0
500444656,761587,0,401776783,426970475,304185404,304185372,304578591,0,2,0,0,1,1,1,2,0,0,0,0,0,0,0,0,0,0,0,0,0,0,4,0
500945466,761587,0,401776783,426970475,304185404,304185372,304578591,0,2,0,0,1,1,1,2,0,0,0,0,0,0,0,0,0,0,0,0,0,0,4,0
501455717,761587,0,401776783,426970475,304185404,304185372,304578591,0,2,0,0,1,1,1,2,0,0,0,0,0,0,0,0,0,0,0,0,0,0,4,0
501965504,761587,0,401776783,426970475,304185404,304185372,304578591,0,2,0,0,1,1,1,2,0,0,0,0,0,0,0,0,0,0,0,0,0,0,4,0
502475952,761587,0,401776783,426970475,304185404,304185372,304578591,0,2,0,0,1,1,1,2,0,0,0,0,0,0,0,0,0,0,0,0,0,0,4,0
502985640,761587,0,401776783,426970475,304185404,304185372,304578591,0,2,0,0,1,1,1,2,0,0,0,0,0,0,0,0,0,0,0,0,0,0,4,0
503496507,761587,0,401776783,426970475,304185404,304185372,304578591,0,2,0,0,1,1,1,2,0,0,0,0,0,0,0,0,0,0,0,0,0,0,4,0
504007602,761587,0,401776783,426970475,304185404,304185372,304578591,0,2,0,0,1,1,1,2,0,0,0,0,0,0,0,0,0,0,0,0,0,0,4,0
504510435,761587,0,401776783,426970475,304185404,304185372,304578591,0,2,0,0,1,1,1,2,0,0,0,0,0,0,0,0,0,0,0,0,0,0,4,0
505017464,761587,0,401776783,426970475,304185404,304185372,304578591,0,2,0,0,1,1,1,2,0,0,0,0,0,0,0,0,0,0,0,0,0,0,4,0
505528000,761587,0,401776783,426970475,304185404,304185372,304578591,0,2,0,0,1,1,1,2,0,0,0,0,0,0,0,0,0,0,0,0,0,0,4,0
506032490,761587,0,401776783,426970475,304185404,304185372,304578591,0,2,0,0,1,1,1,2,0,0,0,0,0,0,0,0,0,0,0,0,0,0,4,0
506536478,761587,0,401776783,426970475,304185404,304185372,304578591,0,2,0,0,1,1,1,2,0,0,0,0,0,0,0,0,0,0,0,0,0,0,4,0
507038909,761587,0,401776783,426970475,304185404,304185372,304578591,0,2,0,0,1,1,1,2,0,0,0,0,0,0,0,0,0,0,0,0,0,0,4,0
507541364,761587,0,401776783,426970475,304185404,304185372,304578591,0,2,0,0,1,1,1,2,0,0,0,0,0,0,0,0,0,0,0,0,0,0,4,0
508042158,761587,0,401776783,426970475,304185404,304185372,304578591,0,2,0,0,1,1,1,2,0,0,0,0,0,0,0,0,0,0,0,0,0,0,4,0
508548038,761587,0,401776783,426970475,304185404,304185372,304578591,0,2,0,0,1,1,1,2,0,0,0,0,0,0,0,0,0,0,0,0,0,0,4,0
509058878,761587,0,401776783,426970475,304185404,304185372,304578591,0,2,0,0,1,1,1,2,0,0,0,0,0,0,0,0,0,0,0,0,0,0,4,0
509559968,761587,0,401776783,426970475,304185404,304185372,304578591,0,2,0,0,1,1,1,2,0,0,0,0,0,0,0,0,0,0,0,0,0,0,4,0
510069200,761587,0,401776783,426970475,304185404,304185372,304578591,0,2,0,0,1,1,1,2,0,0,0,0,0,0,0,0,0,0,0,0,0,0,4,0
510569214,761587,0,401776783,426970475,304185404,304185372,304578591,0,2,0,0,1,1,1,2,0,0,0,0,0,0,0,0,0,0,0,0,0,0,4,0
511070521,761587,0,401776783,426970475,304185404,304185372,304578591,0,2,0,0,1,1,1,2,0,0,0,0,0,0,0,0,0,0,0,0,0,0,4,0
511579773,761587,0,401776783,426970475,304185404,304185372,304578591,0,2,0,0,1,1,1,2,0,0,0,0,0,0,0,0,0,0,0,0,0,0,4,0
512089520,761587,0,401776783,426970475,304185404,304185372,304578591,0,2,0,0,1,1,1,2,0,0,0,0,0,0,0,0,0,0,0,0,0,0,4,0
512589775,761587,0,401776783,426970475,304185404,304185372,304578591,0,2,0,0,1,1,1,2,0,0,0,0,0,0,0,0,0,0,0,0,0,0,4,0
513100706,761587,0,401776783,426970475,304185404,304185372,304578591,0,2,0,0,1,1,1,2,0,0,0,0,0,0,0,0,0,0,0,0,0,0,4,0
513610817,761587,0,401776783,426970475,304185404,304185372,304578591,0,2,0,0,1,1,1,2,0,0,0,0,0,0,0,0,0,0,0,0,0,0,4,0
514120877,761587,0,401776783,426970475,304185404,304185372,304578591,0,2,0,0,1,1,1,2,0,0,0,0,0,0,0,0,0,0,0,0,0,0,4,0
515122521,761587,0,401776783,426970475,304185404,304185372,304578591,0,2,0,0,1,1,1,2,0,0,0,0,0,0,0,0,0,0,0,0,0,0,4,0
515632566,761587,0,401776783,426970475,304185404,304185372,304578591,0,2,0,0,1,1,1,2,0,0,0,0,0,0,0,0,0,0,0,0,0,0,4,0
516142576,761587,0,401776783,426970475,304185404,304185372,304578591,0,2,0,0,1,1,1,2,0,0,0,0,0,0,0,0,0,0,0,0,0,0,4,0
516652852,761587,0,401776783,426970475,304185404,304185372,304578591,0,2,0,0,1,1,1,2,0,0,0,0,0,0,0,0,0,0,0,0,0,0,4,0
517156057,761587,0,401776783,426970475,304185404,304185372,304578591,0,2,0,0,1,1,1,2,0,0,0,0,0,0,0,0,0,0,0,0,0,0,4,0
517663637,761587,0,401776783,426970475,304185404,304185372,304578591,0,2,0,0,1,1,1,2,0,0,0,0,0,0,0,0,0,0,0,0,0,0,4,0
518171719,761587,0,401776783,426970475,304185404,304185372,304578591,0,2,0,0,1,1,1,2,0,0,0,0,0,0,0,0,0,0,0,0,0,0,4,0
518671964,761587,0,401776783,426970475,304185404,304185372,304578591,0,2,0,0,1,1,1,2,0,0,0,0,0,0,0,0,0,0,0,0,0,0,4,0
519674773,761587,0,401776783,426970475,304185404,304185372,304578591,0,2,0,0,1,1,1,2,0,0,0,0,0,0,0,0,0,0,0,0,0,0,4,0
520188643,761587,0,401776783,426970475,304185404,304185372,304578591,0,2,0,0,1,1,1,2,0,0,0,0,0,0,0,0,0,0,0,0,0,0,4,0
520703759,761587,0,401776783,426970475,304185404,304185372,304578591,0,2,0,0,1,1,1,2,0,0,0,0,0,0,0,0,0,0,0,0,0,0,4,0
521207349,761587,0,401776783,426970475,304185404,304185372,304578591,0,2,0,0,1,1,1,2,0,0,0,0,0,0,0,0,0,0,0,0,0,0,4,0
521714770,761587,0,401776783,426970475,304185404,304185372,304578591,0,2,0,0,1,1,1,2,0,0,0,0,0,0,0,0,0,0,0,0,0,0,4,0
522219193,761587,0,401776783,426970475,304185404,304185372,304578591,0,2,0,0,1,1,1,2,0,0,0,0,0,0,0,0,0,0,0,0,0,0,4,0
523225643,761587,0,401776783,426970475,304185404,304185372,304578591,0,2,0,0,1,1,1,2,0,0,0,0,0,0,0,0,0,0,0,0,0,0,4,0
523729765,761587,0,401776783,426970475,304185404,304185372,304578591,0,2,0,0,1,1,1,2,0,0,0,0,0,0,0,0,0,0,0,0,0,0,4,0
524235588,761587,0,401776783,426970475,304185404,304185372,304578591,0,2,0,0,1,1,1,2,0,0,0,0,0,0,0,0,0,0,0,0,0,0,4,0
524736814,761587,0,401776783,426970475,304185404,304185372,304578591,0,2,0,0,1,1,1,2,0,0,0,0,0,0,0,0,0,0,0,0,0,0,4,0
525246769,761587,0,401776783,426970475,304185404,304185372,304578591,0,2,0,0,1,1,1,2,0,0,0,0,0,0,0,0,0,0,0,0,0,0,4,0
525747687,761587,0,401776783,426970475,304185404,304185372,304578591,0,2,0,0,1,1,1,2,0,0,0,0,0,0,0,0,0,0,0,0,0,0,4,0
526256579,761587,0,401776783,426970475,304185404,304185372,304578591,0,2,0,0,1,1,1,2,0,0,0,0,0,0,0,0,0,0,0,0,0,0,4,0
526761399,761587,0,401776783,426970475,304185404,304185372,304578591,0,2,0,0,1,1,1,2,0,0,0,0,0,0,0,0,0,0,0,0,0,0,4,0
527275891,761587,0,401776783,426970475,304185404,304185372,304578591,0,2,0,0,1,1,1,2,0,0,0,0,0,0,0,0,0,0,0,0,0,0,4,0
527777575,761587,0,401776783,426970475,304185404,304185372,304578591,0,2,0,0,1,1,1,2,0,0,0,0,0,0,0,0,0,0,0,0,0,0,4,0
528287773,761587,0,401776783,426970475,304185404,304185372,304578591,0,2,0,0,1,1,1,2,0,0,0,0,0,0,0,0,0,0,0,0,0,0,4,0
528796440,761587,0,401776783,426970475,304185404,304185372,304578591,0,2,0,0,1,1,1,2,0,0,0,0,0,0,0,0,0,0,0,0,0,0,4,0
529297317,761587,0,401776783,426970475,304185404,304185372,304578591,0,2,0,0,1,1,1,2,0,0,0,0,0,0,0,0,0,0,0,0,0,0,4,0
529799014,761587,0,401776783,426970475,304185404,304185372,304578591,0,2,0,0,1,1,1,2,0,0,0,0,0,0,0,0,0,0,0,0,0,0,4,0
530307186,761587,0,401776783,426970475,304185404,304185372,304578591,0,2,0,0,1,1,1,2,0,0,0,0,0,0,0,0,0,0,0,0,0,0,4,0
530809589,761587,0,401776783,426970475,304185404,304185372,304578591,0,2,0,0,1,1,1,2,0,0,0,0,0,0,0,0,0,0,0,0,0,0,4,0
531309682,761587,0,401776783,426970475,304185404,304185372,304578591,0,2,0,0,1,1,1,2,0,0,0,0,0,0,0,0,0,0,0,0,0,0,4,0
531817786,761587,0,401776783,426970475,304185404,304185372,304578591,0,2,0,0,1,1,1,2,0,0,0,0,0,0,0,0,0,0,0,0,0,0,4,0
532319204,761587,0,401776783,426970475,304185404,304185372,304578591,0,2,0,0,1,1,1,2,0,0,0,0,0,0,0,0,0,0,0,0,0,0,4,0
532829468,761587,0,401776783,426970475,304185404,304185372,304578591,0,2,0,0,1,1,1,2,0,0,0,0,0,0,0,0,0,0,0,0,0,0,4,0
533329524,761587,0,401776783,426970475,304185404,304185372,304578591,0,2,0,0,1,1,1,2,0,0,0,0,0,0,0,0,0,0,0,0,0,0,4,0
533839766,761587,0,401776783,426970475,304185404,304185372,304578591,0,2,0,0,1,1,1,2,0,0,0,0,0,0,0,0,0,0,0,0,0,0,4,0
534851741,761587,0,401776783,426970475,304185404,304185372,304578591,0,2,0,0,1,1,1,2,0,0,0,0,0,0,0,0,0,0,0,0,0,0,4,0
535351749,761587,0,401776783,426970475,304185404,304185372,304578591,0,2,0,0,1,1,1,2,0,0,0,0,0,0,0,0,0,0,0,0,0,0,4,0
535860665,761587,0,401776783,426970475,304185404,304185372,304578591,0,2,0,0,1,1,1,2,0,0,0,0,0,0,0,0,0,0,0,0,0,0,4,0
536360699,761587,0,401776783,426970475,304185404,304185372,304578591,0,2,0,0,1,1,1,2,0,0,0,0,0,0,0,0,0,0,0,0,0,0,4,0
536865161,761587,0,401776783,426970475,304185404,304185372,304578591,0,2,0,0,1,1,1,2,0,0,0,0,0,0,0,0,0,0,0,0,0,0,4,0
537365196,761587,0,401776783,426970475,304185404,304185372,304578591,0,2,0,0,1,1,1,2,0,0,0,0,0,0,0,0,0,0,0,0,0,0,4,0
537880571,761587,0,401776783,426970475,304185404,304185372,304578591,0,2,0,0,1,1,1,2,0,0,0,0,0,0,0,0,0,0,0,0,0,0,4,0
538391358,761587,0,401776783,426970475,304185404,304185372,304578591,0,2,0,0,1,1,1,2,0,0,0,0,0,0,0,0,0,0,0,0,0,0,4,0
539402784,761587,0,401776783,426970475,304185404,304185372,304578591,0,2,0,0,1,1,1,2,0,0,0,0,0,0,0,0,0,0,0,0,0,0,4,0
539903651,761587,0,401776783,426970475,304185404,304185372,304578591,0,2,0,0,1,1,1,2,0,0,0,0,0,0,0,0,0,0,0,0,0,0,4,0
540412690,761587,0,401776783,426970475,304185404,304185372,304578591,0,2,0,0,1,1,1,2,0,0,0,0,0,0,0,0,0,0,0,0,0,0,4,0
540913526,761587,0,401776783,426970475,304185404,304185372,304578591,0,2,0,0,1,1,1,2,0,0,0,0,0,0,0,0,0,0,0,0,0,0,4,0
541413569,761587,0,401776783,426970475,304185404,304185372,304578591,0,2,0,0,1,1,1,2,0,0,0,0,0,0,0,0,0,0,0,0,0,0,4,0
541917328,761587,0,401776783,426970475,304185404,304185372,304578591,0,2,0,0,1,1,1,2,0,0,0,0,0,0,0,0,0,0,0,0,0,0,4,0
542432496,761587,0,401776783,426970475,304185404,304185372,304578591,0,2,0,0,1,1,1,2,0,0,0,0,0,0,0,0,0,0,0,0,0,0,4,0
542934547,761587,0,401776783,426970475,304185404,304185372,304578591,0,2,0,0,1,1,1,2,0,0,0,0,0,0,0,0,0,0,0,0,0,0,4,0
543443856,761587,0,401776783,426970475,304185404,304185372,304578591,0,2,0,0,1,1,1,2,0,0,0,0,0,0,0,0,0,0,0,0,0,0,4,0
543944530,761587,0,401776783,426970475,304185404,304185372,304578591,0,2,0,0,1,1,1,2,0,0,0,0,0,0,0,0,0,0,0,0,0,0,4,0
544454064,761587,0,401776783,426970475,304185404,304185372,304578591,0,2,0,0,1,1,1,2,0,0,0,0,0,0,0,0,0,0,0,0,0,0,4,0
544959882,761587,0,401776783,426970475,304185404,304185372,304578591,0,2,0,0,1,1,1,2,0,0,0,0,0,0,0,0,0,0,0,0,0,0,4,0
545465504,761587,0,401776783,426970475,304185404,304185372,304578591,0,2,0,0,1,1,1,2,0,0,0,0,0,0,0,0,0,0,0,0,0,0,4,0
545968951,761587,0,401776783,426970475,304185404,304185372,304578591,0,2,0,0,1,1,1,2,0,0,0,0,0,0,0,0,0,0,0,0,0,0,4,0
546473489,761587,0,401776783,426970475,304185404,304185372,304578591,0,2,0,0,1,1,1,2,0,0,0,0,0,0,0,0,0,0,0,0,0,0,4,0
546980219,761587,0,401776783,426970475,304185404,304185372,304578591,0,2,0,0,1,1,1,2,0,0,0,0,0,0,0,0,0,0,0,0,0,0,4,0
547483853,761587,0,401776783,426970475,304185404,304185372,304578591,0,2,0,0,1,1,1,2,0,0,0,0,0,0,0,0,0,0,0,0,0,0,4,0
547993919,761587,0,401776783,426970475,304185404,304185372,304578591,0,2,0,0,1,1,1,2,0,0,0,0,0,0,0,0,0,0,0,0,0,0,4,0
548494590,761587,0,401776783,426970475,304185404,304185372,304578591,0,2,0,0,1,1,1,2,0,0,0,0,0,0,0,0,0,0,0,0,0,0,4,0
548996081,761587,0,401776783,426970475,304185404,304185372,304578591,0,2,0,0,1,1,1,2,0,0,0,0,0,0,0,0,0,0,0,0,0,0,4,0
549496122,761587,0,401776783,426970475,304185404,304185372,304578591,0,2,0,0,1,1,1,2,0,0,0,0,0,0,0,0,0,0,0,0,0,0,4,0
549997303,761587,0,401776783,426970475,304185404,304185372,304578591,0,2,0,0,1,1,1,2,0,0,0,0,0,0,0,0,0,0,0,0,0,0,4,0
550500809,761587,0,401776783,426970475,304185404,304185372,304578591,0,2,0,0,1,1,1,2,0,0,0,0,0,0,0,0,0,0,0,0,0,0,4,0
551007709,761587,0,401776783,426970475,304185404,304185372,304578591,0,2,0,0,1,1,1,2,0,0,0,0,0,0,0,0,0,0,0,0,0,0,4,0
551507738,761587,0,401776783,426970475,304185404,304185372,304578591,0,2,0,0,1,1,1,2,0,0,0,0,0,0,0,0,0,0,0,0,0,0,4,0
552011284,761587,0,401776783,426970475,304185404,304185372,304578591,0,2,0,0,1,1,1,2,0,0,0,0,0,0,0,0,0,0,0,0,0,0,4,0
552519023,761587,0,401776783,426970475,304185404,304185372,304578591,0,2,0,0,1,1,1,2,0,0,0,0,0,0,0,0,0,0,0,0,0,0,4,0
553029469,761587,0,401776783,426970475,304185404,304185372,304578591,0,2,0,0,1,1,1,2,0,0,0,0,0,0,0,0,0,0,0,0,0,0,4,0
554552597,761587,0,401776783,426970475,304185404,304185372,304578591,0,2,0,0,1,1,1,2,0,0,0,0,0,0,0,0,0,0,0,0,0,0,4,0
555059764,761587,0,401776783,426970475,304185404,304185372,304578591,0,2,0,0,1,1,1,2,0,0,0,0,0,0,0,0,0,0,0,0,0,0,4,0
555559772,761587,0,401776783,426970475,304185404,304185372,304578591,0,2,0,0,1,1,1,2,0,0,0,0,0,0,0,0,0,0,0,0,0,0,4,0
556070494,761587,0,401776783,426970475,304185404,304185372,304578591,0,2,0,0,1,1,1,2,0,0,0,0,0,0,0,0,0,0,0,0,0,0,4,0
556573299,761587,0,401776783,426970475,304185404,304185372,304578591,0,2,0,0,1,1,1,2,0,0,0,0,0,0,0,0,0,0,0,0,0,0,4,0
557081469,761587,0,401776783,426970475,304185404,304185372,304578591,0,2,0,0,1,1,1,2,0,0,0,0,0,0,0,0,0,0,0,0,0,0,4,0
557591601,761587,0,401776783,426970475,304185404,304185372,304578591,0,2,0,0,1,1,1,2,0,0,0,0,0,0,0,0,0,0,0,0,0,0,4,0
558110234,761587,0,401776783,426970475,304185404,304185372,304578591,0,2,0,0,1,1,1,2,0,0,0,0,0,0,0,0,0,0,0,0,0,0,4,0
558620505,761587,0,401776783,426970475,304185404,304185372,304578591,0,2,0,0,1,1,1,2,0,0,0,0,0,0,0,0,0,0,0,0,0,0,4,0
559121505,761587,0,401776783,426970475,304185404,304185372,304578591,0,2,0,0,1,1,1,2,0,0,0,0,0,0,0,0,0,0,0,0,0,0,4,0
559630812,761587,0,401776783,426970475,304185404,304185372,304578591,0,2,0,0,1,1,1,2,0,0,0,0,0,0,0,0,0,0,0,0,0,0,4,0
560640169,761587,0,401776783,426970475,304185404,304185372,304578591,0,2,0,0,1,1,1,2,0,0,0,0,0,0,0,0,0,0,0,0,0,0,4,0
561141641,761587,0,401776783,426970475,304185404,304185372,304578591,0,2,0,0,1,1,1,2,0,0,0,0,0,0,0,0,0,0,0,0,0,0,4,0
561641716,761587,0,401776783,426970475,304185404,304185372,304578591,0,2,0,0,1,1,1,2,0,0,0,0,0,0,0,0,0,0,0,0,0,0,4,0
562152533,761587,0,401776783,426970475,304185404,304185372,304578591,0,2,0,0,1,1,1,2,0,0,0,0,0,0,0,0,0,0,0,0,0,0,4,0
562661777,761587,0,401776783,0,304185404,304185372,304578591,0,2,0,0,1,1,1,2,0,0,0,0,0,0,0,0,0,0,0,0,0,0,4,0
563162553,761587,0,401776783,0,304185404,304185372,304578591,0,2,0,0,1,1,1,2,0,0,0,0,0,0,0,0,0,0,0,0,0,0,4,0
564183595,761587,0,401776783,0,304185404,304185372,304578591,0,2,0,0,1,1,1,2,0,0,0,0,0,0,0,0,0,0,0,0,0,0,4,0
564687727,761587,0,401776783,0,304185404,304185372,304578591,0,2,0,0,1,1,1,2,0,0,0,0,0,0,0,0,0,0,0,0,0,0,4,0
565188769,761587,0,401776783,564699238,304185404,304185372,304578591,0,2,0,0,1,1,1,2,0,0,0,0,0,0,0,0,0,0,0,0,0,0,4,0
565692596,761587,0,401776783,564699238,304185404,304185372,304578591,0,2,0,0,1,1,1,2,0,0,0,0,0,0,0,0,0,0,0,0,0,0,4,0
566192617,761587,0,401776783,564699238,304185404,304185372,304578591,0,2,0,0,1,1,1,2,0,0,0,0,0,0,0,0,0,0,0,0,0,0,4,0
566694471,761587,0,401776783,564699238,304185404,304185372,304578591,0,2,0,0,1,1,1,2,0,0,0,0,0,0,0,0,0,0,0,0,0,0,4,0
567197965,761587,0,401776783,564699238,304185404,304185372,304578591,0,2,0,0,1,1,1,2,0,0,0,0,0,0,0,0,0,0,0,0,0,0,4,0
567704526,761587,0,401776783,564699238,304185404,304185372,304578591,0,2,0,0,1,1,1,2,0,0,0,0,0,0,0,0,0,0,0,0,0,0,4,0
568209481,761587,0,401776783,564699238,304185404,304185372,304578591,0,2,0,0,1,1,1,2,0,0,0,0,0,0,0,0,0,0,0,0,0,0,4,0
568715961,761587,0,401776783,564699238,304185404,304185372,304578591,0,2,0,0,1,1,1,2,0,0,0,0,0,0,0,0,0,0,0,0,0,0,4,0
569225681,761587,0,401776783,564699238,304185404,304185372,304578591,0,2,0,0,1,1,1,2,0,0,0,0,0,0,0,0,0,0,0,0,0,0,4,0
569736472,761587,0,401776783,564699238,304185404,304185372,304578591,0,2,0,0,1,1,1,2,0,0,0,0,0,0,0,0,0,0,0,0,0,0,4,0
570246914,761587,0,401776783,564699238,304185404,304185372,304578591,0,2,0,0,1,1,1,2,0,0,0,0,0,0,0,0,0,0,0,0,0,0,4,0
570756639,761587,0,401776783,564699238,304185404,304185372,304578591,0,2,0,0,1,1,1,2,0,0,0,0,0,0,0,0,0,0,0,0,0,0,4,0
571264867,761587,0,401776783,564699238,304185404,304185372,304578591,0,2,0,0,1,1,1,2,0,0,0,0,0,0,0,0,0,0,0,0,0,0,4,0
571774926,761587,0,401776783,564699238,304185404,304185372,304578591,0,2,0,0,1,1,1,2,0,0,0,0,0,0,0,0,0,0,0,0,0,0,4,0
572277476,761587,0,401776783,564699238,304185404,304185372,304578591,0,2,0,0,1,1,1,2,0,0,0,0,0,0,0,0,0,0,0,0,0,0,4,0
572787727,761587,0,401776783,564699238,304185404,304185372,304578591,0,2,0,0,1,1,1,2,0,0,0,0,0,0,0,0,0,0,0,0,0,0,4,0
573295676,761587,0,401776783,564699238,304185404,304185372,304578591,0,2,0,0,1,1,1,2,0,0,0,0,0,0,0,0,0,0,0,0,0,0,4,0
573797466,761587,0,401776783,564699238,304185404,304185372,304578591,0,2,0,0,1,1,1,2,0,0,0,0,0,0,0,0,0,0,0,0,0,0,4,0
574306218,761587,0,401776783,564699238,304185404,304185372,304578591,0,2,0,0,1,1,1,2,0,0,0,0,0,0,0,0,0,0,0,0,0,0,4,0
574807609,761587,0,401776783,564699238,304185404,304185372,304578591,0,2,0,0,1,1,1,2,0,0,0,0,0,0,0,0,0,0,0,0,0,0,4,0
575317469,761587,0,401776783,564699238,304185404,304185372,304578591,0,2,0,0,1,1,1,2,0,0,0,0,0,0,0,0,0,0,0,0,0,0,4,0
575826395,761587,0,401776783,564699238,304185404,304185372,304578591,0,2,0,0,1,1,1,2,0,0,0,0,0,0,0,0,0,0,0,0,0,0,4,0
576328601,761587,0,401776783,564699238,304185404,304185372,304578591,0,2,0,0,1,1,1,2,0,0,0,0,0,0,0,0,0,0,0,0,0,0,4,0
576828650,761587,0,401776783,564699238,304185404,304185372,304578591,0,2,0,0,1,1,1,2,0,0,0,0,0,0,0,0,0,0,0,0,0,0,4,0
577329548,761587,0,401776783,564699238,304185404,304185372,304578591,0,2,0,0,1,1,1,2,0,0,0,0,0,0,0,0,0,0,0,0,0,0,4,0
577839647,761587,0,401776783,564699238,304185404,304185372,304578591,0,2,0,0,1,1,1,2,0,0,0,0,0,0,0,0,0,0,0,0,0,0,4,0
578339874,761587,0,401776783,564699238,304185404,304185372,304578591,0,2,0,0,1,1,1,2,0,0,0,0,0,0,0,0,0,0,0,0,0,0,4,0
578840555,761587,0,401776783,564699238,304185404,304185372,304578591,0,2,0,0,1,1,1,2,0,0,0,0,0,0,0,0,0,0,0,0,0,0,4,0
579344148,761587,0,401776783,564699238,304185404,304185372,304578591,0,2,0,0,1,1,1,2,0,0,0,0,0,0,0,0,0,0,0,0,0,0,4,0
579848953,761587,0,401776783,564699238,304185404,304185372,304578591,0,2,0,0,1,1,1,2,0,0,0,0,0,0,0,0,0,0,0,0,0,0,4,0
580353597,761587,0,401776783,564699238,304185404,304185372,304578591,0,2,0,0,1,1,1,2,0,0,0,0,0,0,0,0,0,0,0,0,0,0,4,0
580870124,761587,0,401776783,564699238,304185404,304185372,304578591,0,2,0,0,1,1,1,2,0,0,0,0,0,0,0,0,0,0,0,0,0,0,4,0
581380075,761587,0,401776783,564699238,304185404,304185372,304578591,0,2,0,0,1,1,1,2,0,0,0,0,0,0,0,0,0,0,0,0,0,0,4,0
581880326,761587,0,401776783,564699238,304185404,304185372,304578591,0,2,0,0,1,1,1,2,0,0,0,0,0,0,0,0,0,0,0,0,0,0,4,0
582381705,761587,0,401776783,564699238,304185404,304185372,304578591,0,2,0,0,1,1,1,2,0,0,0,0,0,0,0,0,0,0,0,0,0,0,4,0
582891633,761587,0,401776783,564699238,304185404,304185372,304578591,0,2,0,0,1,1,1,2,0,0,0,0,0,0,0,0,0,0,0,0,0,0,4,0
583401642,761587,0,401776783,564699238,304185404,304185372,304578591,0,2,0,0,1,1,1,2,0,0,0,0,0,0,0,0,0,0,0,0,0,0,4,0
583911222,761587,0,401776783,564699238,304185404,304185372,304578591,0,2,0,0,1,1,1,2,0,0,0,0,0,0,0,0,0,0,0,0,0,0,4,0
584412647,761587,0,401776783,564699238,304185404,304185372,304578591,0,2,0,0,1,1,1,2,0,0,0,0,0,0,0,0,0,0,0,0,0,0,4,0
584915092,761587,0,401776783,564699238,304185404,304185372,304578591,0,2,0,0,1,1,1,2,0,0,0,0,0,0,0,0,0,0,0,0,0,0,4,0
585431900,761587,0,401776783,564699238,304185404,304185372,304578591,0,2,0,0,1,1,1,2,0,0,0,0,0,0,0,0,0,0,0,0,0,0,4,0
585933520,761587,0,401776783,564699238,304185404,304185372,304578591,0,2,0,0,1,1,1,2,0,0,0,0,0,0,0,0,0,0,0,0,0,0,4,0
586443684,761587,0,401776783,564699238,304185404,304185372,304578591,0,2,0,0,1,1,1,2,0,0,0,0,0,0,0,0,0,0,0,0,0,0,4,0
586952499,761587,0,401776783,564699238,304185404,304185372,304578591,0,2,0,0,1,1,1,2,0,0,0,0,0,0,0,0,0,0,0,0,0,0,4,0
587456431,761587,0,401776783,564699238,304185404,304185372,304578591,0,2,0,0,1,1,1,2,0,0,0,0,0,0,0,0,0,0,0,0,0,0,4,0
587961604,761587,0,401776783,564699238,304185404,304185372,304578591,0,2,0,0,1,1,1,2,0,0,0,0,0,0,0,0,0,0,0,0,0,0,4,0
588472723,761587,0,401776783,564699238,304185404,304185372,304578591,0,2,0,0,1,1,1,2,0,0,0,0,0,0,0,0,0,0,0,0,0,0,4,0
588983236,761587,0,401776783,564699238,304185404,304185372,304578591,0,2,0,0,1,1,1,2,0,0,0,0,0,0,0,0,0,0,0,0,0,0,4,0
589483652,761587,0,401776783,564699238,304185404,304185372,304578591,0,2,0,0,1,1,1,2,0,0,0,0,0,0,0,0,0,0,0,0,0,0,4,0
589992591,761587,0,401776783,564699238,304185404,304185372,304578591,0,2,0,0,1,1,1,2,0,0,0,0,0,0,0,0,0,0,0,0,0,0,4,0
590494822,761587,0,401776783,564699238,304185404,304185372,304578591,0,2,0,0,1,1,1,2,0,0,0,0,0,0,0,0,0,0,0,0,0,0,4,0
590997486,761587,0,401776783,564699238,304185404,304185372,304578591,0,2,0,0,1,1,1,2,0,0,0,0,0,0,0,0,0,0,0,0,0,0,4,0
591513187,761587,0,401776783,564699238,304185404,304185372,304578591,0,2,0,0,1,1,1,2,0,0,0,0,0,0,0,0,0,0,0,0,0,0,4,0
592014771,761587,0,401776783,564699238,304185404,304185372,304578591,0,2,0,0,1,1,1,2,0,0,0,0,0,0,0,0,0,0,0,0,0,0,4,0
592518572,761587,0,401776783,564699238,304185404,304185372,304578591,0,2,0,0,1,1,1,2,0,0,0,0,0,0,0,0,0,0,0,0,0,0,4,0
593025575,761587,0,401776783,564699238,304185404,304185372,304578591,0,2,0,0,1,1,1,2,0,0,0,0,0,0,0,0,0,0,0,0,0,0,4,0
593535611,761587,0,401776783,564699238,304185404,304185372,304578591,0,2,0,0,1,1,1,2,0,0,0,0,0,0,0,0,0,0,0,0,0,0,4,0
594044051,761587,0,401776783,564699238,304185404,304185372,304578591,0,2,0,0,1,1,1,2,0,0,0,0,0,0,0,0,0,0,0,0,0,0,4,0
594545526,761587,0,401776783,564699238,304185404,304185372,304578591,0,2,0,0,1,1,1,2,0,0,0,0,0,0,0,0,0,0,0,0,0,0,4,0
595055922,761587,0,401776783,564699238,304185404,304185372,304578591,0,2,0,0,1,1,1,2,0,0,0,0,0,0,0,0,0,0,0,0,0,0,4,0
595559324,761587,0,401776783,564699238,304185404,304185372,304578591,0,2,0,0,1,1,1,2,0,0,0,0,0,0,0,0,0,0,0,0,0,0,4,0
596066569,761587,0,401776783,564699238,304185404,304185372,304578591,0,2,0,0,1,1,1,2,0,0,0,0,0,0,0,0,0,0,0,0,0,0,4,0
596567667,761587,0,401776783,564699238,304185404,304185372,304578591,0,2,0,0,1,1,1,2,0,0,0,0,0,0,0,0,0,0,0,0,0,0,4,0
597067905,761587,0,401776783,564699238,304185404,304185372,304578591,0,2,0,0,1,1,1,2,0,0,0,0,0,0,0,0,0,0,0,0,0,0,4,0
597577516,761587,0,401776783,564699238,304185404,304185372,304578591,0,2,0,0,1,1,1,2,0,0,0,0,0,0,0,0,0,0,0,0,0,0,4,0
598082043,761587,0,401776783,564699238,304185404,304185372,304578591,0,2,0,0,1,1,1,2,0,0,0,0,0,0,0,0,0,0,0,0,0,0,4,0
598596818,761587,0,401776783,564699238,304185404,304185372,304578591,0,2,0,0,1,1,1,2,0,0,0,0,0,0,0,0,0,0,0,0,0,0,4,0
599107120,761587,0,401776783,564699238,304185404,304185372,304578591,0,2,0,0,1,1,1,2,0,0,0,0,0,0,0,0,0,0,0,0,0,0,4,0
599607590,761587,0,401776783,564699238,304185404,304185372,304578591,0,2,0,0,1,1,1,2,0,0,0,0,0,0,0,0,0,0,0,0,0,0,4,0
600116630,761587,0,401776783,564699238,304185404,304185372,304578591,0,2,0,0,1,1,1,2,0,0,0,0,0,0,0,0,0,0,0,0,0,0,4,0
600618999,761587,0,401776783,564699238,304185404,304185372,304578591,0,2,0,0,1,1,1,2,0,0,0,0,0,0,0,0,0,0,0,0,0,0,4,0
601627060,761587,0,401776783,564699238,304185404,304185372,304578591,0,2,0,0,1,1,1,2,0,0,0,0,0,0,0,0,0,0,0,0,0,0,4,0
602129608,761587,0,401776783,564699238,304185404,304185372,304578591,0,2,0,0,1,1,1,2,0,0,0,0,0,0,0,0,0,0,0,0,0,0,4,0
602637620,761587,0,401776783,564699238,304185404,304185372,304578591,0,2,0,0,1,1,1,2,0,0,0,0,0,0,0,0,0,0,0,0,0,0,4,0
603142852,761587,0,401776783,564699238,304185404,304185372,304578591,0,2,0,0,1,1,1,2,0,0,0,0,0,0,0,0,0,0,0,0,0,0,4,0
603650536,761587,0,401776783,564699238,304185404,304185372,304578591,0,2,0,0,1,1,1,2,0,0,0,0,0,0,0,0,0,0,0,0,0,0,4,0
604158329,761587,0,401776783,564699238,304185404,304185372,304578591,0,2,0,0,1,1,1,2,0,0,0,0,0,0,0,0,0,0,0,0,0,0,4,0
604663341,761587,0,401776783,564699238,304185404,304185372,304578591,0,2,0,0,1,1,1,2,0,0,0,0,0,0,0,0,0,0,0,0,0,0,4,0
605170919,761587,0,401776783,564699238,304185404,304185372,304578591,0,2,0,0,1,1,1,2,0,0,0,0,0,0,0,0,0,0,0,0,0,0,4,0
605680464,761587,0,401776783,564699238,304185404,304185372,304578591,0,2,0,0,1,1,1,2,0,0,0,0,0,0,0,0,0,0,0,0,0,0,4,0
606190018,761587,0,401776783,564699238,304185404,304185372,304578591,0,2,0,0,1,1,1,2,0,0,0,0,0,0,0,0,0,0,0,0,0,0,4,0
606690464,761587,0,401776783,564699238,304185404,304185372,304578591,0,2,0,0,1,1,1,2,0,0,0,0,0,0,0,0,0,0,0,0,0,0,4,0
607191845,761587,0,401776783,564699238,304185404,304185372,304578591,0,2,0,0,1,1,1,2,0,0,0,0,0,0,0,0,0,0,0,0,0,0,4,0
607692029,761587,0,401776783,564699238,304185404,304185372,304578591,0,2,0,0,1,1,1,2,0,0,0,0,0,0,0,0,0,0,0,0,0,0,4,0
608192520,761587,0,401776783,564699238,304185404,304185372,304578591,0,2,0,0,1,1,1,2,0,0,0,0,0,0,0,0,0,0,0,0,0,0,4,0
608702508,761587,0,401776783,564699238,304185404,304185372,304578591,0,2,0,0,1,1,1,2,0,0,0,0,0,0,0,0,0,0,0,0,0,0,4,0
609211904,761587,0,401776783,564699238,304185404,304185372,304578591,0,2,0,0,1,1,1,2,0,0,0,0,0,0,0,0,0,0,0,0,0,0,4,0
609722558,761587,0,401776783,564699238,304185404,304185372,304578591,0,2,0,0,1,1,1,2,0,0,0,0,0,0,0,0,0,0,0,0,0,0,4,0
610222785,761587,0,401776783,564699238,304185404,304185372,304578591,0,2,0,0,1,1,1,2,0,0,0,0,0,0,0,0,0,0,0,0,0,0,4,0
610732606,761587,0,401776783,564699238,304185404,304185372,304578591,0,2,0,0,1,1,1,2,0,0,0,0,0,0,0,0,0,0,0,0,0,0,4,0
611242510,761587,0,401776783,564699238,304185404,304185372,304578591,0,2,0,0,1,1,1,2,0,0,0,0,0,0,0,0,0,0,0,0,0,0,4,0
611752696,761587,0,401776783,564699238,304185404,304185372,304578591,0,2,0,0,1,1,1,2,0,0,0,0,0,0,0,0,0,0,0,0,0,0,4,0
612253472,761587,0,401776783,564699238,304185404,304185372,304578591,0,2,0,0,1,1,1,2,0,0,0,0,0,0,0,0,0,0,0,0,0,0,4,0
612756607,761587,0,401776783,564699238,304185404,304185372,304578591,0,2,0,0,1,1,1,2,0,0,0,0,0,0,0,0,0,0,0,0,0,0,4,0
613264463,761587,0,401776783,564699238,304185404,304185372,304578591,0,2,0,0,1,1,1,2,0,0,0,0,0,0,0,0,0,0,0,0,0,0,4,0
613772363,761587,0,401776783,564699238,304185404,304185372,304578591,0,2,0,0,1,1,1,2,0,0,0,0,0,0,0,0,0,0,0,0,0,0,4,0
614283105,761587,0,401776783,564699238,304185404,304185372,304578591,0,2,0,0,1,1,1,2,0,0,0,0,0,0,0,0,0,0,0,0,0,0,4,0
614783332,761587,0,401776783,564699238,304185404,304185372,304578591,0,2,0,0,1,1,1,2,0,0,0,0,0,0,0,0,0,0,0,0,0,0,4,0
615288968,761587,0,401776783,564699238,304185404,304185372,304578591,0,2,0,0,1,1,1,2,0,0,0,0,0,0,0,0,0,0,0,0,0,0,4,0
615793251,761587,0,401776783,564699238,304185404,304185372,304578591,0,2,0,0,1,1,1,2,0,0,0,0,0,0,0,0,0,0,0,0,0,0,4,0
616299908,761587,0,401776783,0,304185404,304185372,304578591,0,2,0,0,1,1,1,2,0,0,0,0,0,0,0,0,0,0,0,0,0,0,4,0
616809744,761587,0,401776783,616559804,304185404,304185372,304578591,0,2,0,0,1,1,1,2,0,0,0,0,0,0,0,0,0,0,0,0,0,0,4,0
617314935,761587,0,401776783,616559804,304185404,304185372,304578591,0,2,0,0,1,1,1,2,0,0,0,0,0,0,0,0,0,0,0,0,0,0,4,0
617820180,761587,0,401776783,616559804,304185404,304185372,304578591,0,2,0,0,1,1,1,2,0,0,0,0,0,0,0,0,0,0,0,0,0,0,4,0
618324474,761587,0,401776783,616559804,304185404,304185372,304578591,0,2,0,0,1,1,1,2,0,0,0,0,0,0,0,0,0,0,0,0,0,0,4,0
618829754,761587,0,401776783,616559804,304185404,304185372,304578591,0,2,0,0,1,1,1,2,0,0,0,0,0,0,0,0,0,0,0,0,0,0,4,0
619344736,761587,0,401776783,616559804,304185404,304185372,304578591,0,2,0,0,1,1,1,2,0,0,0,0,0,0,0,0,0,0,0,0,0,0,4,0
619855919,761587,0,401776783,616559804,304185404,304185372,304578591,0,2,0,0,1,1,1,2,0,0,0,0,0,0,0,0,0,0,0,0,0,0,4,0
620356058,761587,0,401776783,616559804,304185404,304185372,304578591,0,2,0,0,1,1,1,2,0,0,0,0,0,0,0,0,0,0,0,0,0,0,4,0
620864476,761587,0,401776783,0,304185404,304185372,304578591,0,2,0,0,1,1,1,2,0,0,0,0,0,0,0,0,0,0,0,0,0,0,4,0
621365494,761587,0,401776783,0,304185404,304185372,304578591,0,2,0,0,1,1,1,2,0,0,0,0,0,0,0,0,0,0,0,0,0,0,4,0
621875640,761587,0,401776783,0,304185404,304185372,304578591,0,2,0,0,1,1,1,2,0,0,0,0,0,0,0,0,0,0,0,0,0,0,4,0
622378773,761587,0,401776783,0,304185404,304185372,304578591,0,2,0,0,1,1,1,2,0,0,0,0,0,0,0,0,0,0,0,0,0,0,4,0
622883600,761587,0,401776783,0,304185404,304185372,304578591,0,2,0,0,1,1,1,2,0,0,0,0,0,0,0,0,0,0,0,0,0,0,4,0
623387647,761587,0,401776783,0,304185404,304185372,304578591,0,2,0,0,1,1,1,2,0,0,0,0,0,0,0,0,0,0,0,0,0,0,4,0
623896585,761587,0,401776783,0,304185404,304185372,304578591,0,2,0,0,1,1,1,2,0,0,0,0,0,0,0,0,0,0,0,0,0,0,4,0
624397992,761587,0,401776783,0,304185404,304185372,304578591,0,2,0,0,1,1,1,2,0,0,0,0,0,0,0,0,0,0,0,0,0,0,4,0
624898785,761587,0,401776783,0,304185404,304185372,304578591,0,2,0,0,1,1,1,2,0,0,0,0,0,0,0,0,0,0,0,0,0,0,4,0
625406515,761587,0,401776783,0,304185404,304185372,304578591,0,2,0,0,1,1,1,2,0,0,0,0,0,0,0,0,0,0,0,0,0,0,4,0
625909575,761587,0,401776783,0,304185404,304185372,304578591,0,2,0,0,1,1,1,2,0,0,0,0,0,0,0,0,0,0,0,0,0,0,4,0
626412975,761587,0,401776783,0,304185404,304185372,304578591,0,2,0,0,1,1,1,2,0,0,0,0,0,0,0,0,0,0,0,0,0,0,4,0
626914060,761587,0,401776783,0,304185404,304185372,304578591,0,2,0,0,1,1,1,2,0,0,0,0,0,0,0,0,0,0,0,0,0,0,4,0
627419587,761587,0,401776783,0,304185404,304185372,304578591,0,2,0,0,1,1,1,2,0,0,0,0,0,0,0,0,0,0,0,0,0,0,4,0
627919683,761587,0,401776783,0,304185404,304185372,304578591,0,2,0,0,1,1,1,2,0,0,0,0,0,0,0,0,0,0,0,0,0,0,4,0
628424886,761587,0,401776783,0,304185404,304185372,304578591,0,2,0,0,1,1,1,2,0,0,0,0,0,0,0,0,0,0,0,0,0,0,4,0
629940644,761587,0,401776783,0,304185404,304185372,304578591,0,2,0,0,1,1,1,2,0,0,0,0,0,0,0,0,0,0,0,0,0,0,4,0
630446521,761587,0,401776783,0,304185404,304185372,304578591,0,2,0,0,1,1,1,2,0,0,0,0,0,0,0,0,0,0,0,0,0,0,4,0
630949329,761587,0,401776783,0,304185404,304185372,304578591,0,2,0,0,1,1,1,2,0,0,0,0,0,0,0,0,0,0,0,0,0,0,4,0
631459269,761587,0,401776783,0,304185404,304185372,304578591,0,2,0,0,1,1,1,2,0,0,0,0,0,0,0,0,0,0,0,0,0,0,4,0
631965711,761587,0,401776783,0,304185404,304185372,304578591,0,2,0,0,1,1,1,2,0,0,0,0,0,0,0,0,0,0,0,0,0,0,4,0
632467681,761587,0,401776783,0,304185404,304185372,304578591,0,2,0,0,1,1,1,2,0,0,0,0,0,0,0,0,0,0,0,0,0,0,4,0
632973466,761587,0,401776783,0,304185404,304185372,304578591,0,2,0,0,1,1,1,2,0,0,0,0,0,0,0,0,0,0,0,0,0,0,4,0
633477582,761587,0,401776783,0,304185404,304185372,304578591,0,2,0,0,1,1,1,2,0,0,0,0,0,0,0,0,0,0,0,0,0,0,4,0
633980501,761587,0,401776783,0,304185404,304185372,304578591,0,2,0,0,1,1,1,2,0,0,0,0,0,0,0,0,0,0,0,0,0,0,4,0
634488593,761587,0,401776783,0,304185404,304185372,304578591,0,2,0,0,1,1,1,2,0,0,0,0,0,0,0,0,0,0,0,0,0,0,4,0
634990907,761587,0,401776783,0,304185404,304185372,304578591,0,2,0,0,1,1,1,2,0,0,0,0,0,0,0,0,0,0,0,0,0,0,4,0
635491076,761587,0,401776783,0,304185404,304185372,304578591,0,2,0,0,1,1,1,2,0,0,0,0,0,0,0,0,0,0,0,0,0,0,4,0
635997350,761587,0,401776783,0,304185404,304185372,304578591,0,2,0,0,1,1,1,2,0,0,0,0,0,0,0,0,0,0,0,0,0,0,4,0
636505481,761587,0,401776783,0,304185404,304185372,304578591,0,2,0,0,1,1,1,2,0,0,0,0,0,0,0,0,0,0,0,0,0,0,4,0
637009641,761587,0,401776783,0,304185404,304185372,304578591,0,2,0,0,1,1,1,2,0,0,0,0,0,0,0,0,0,0,0,0,0,0,4,0
637514478,761587,0,401776783,0,304185404,304185372,304578591,0,2,0,0,1,1,1,2,0,0,0,0,0,0,0,0,0,0,0,0,0,0,4,0
638024147,761587,0,401776783,0,304185404,304185372,304578591,0,2,0,0,1,1,1,2,0,0,0,0,0,0,0,0,0,0,0,0,0,0,4,0
638532729,761587,0,401776783,0,304185404,304185372,304578591,0,2,0,0,1,1,1,2,0,0,0,0,0,0,0,0,0,0,0,0,0,0,4,0
639033511,761587,0,401776783,0,304185404,304185372,304578591,0,2,0,0,1,1,1,2,0,0,0,0,0,0,0,0,0,0,0,0,0,0,4,0
639540550,761587,0,401776783,0,304185404,304185372,304578591,0,2,0,0,1,1,1,2,0,0,0,0,0,0,0,0,0,0,0,0,0,0,4,0
640045515,761587,0,401776783,0,304185404,304185372,304578591,0,2,0,0,1,1,1,2,0,0,0,0,0,0,0,0,0,0,0,0,0,0,4,0
640546465,761587,0,401776783,0,304185404,304185372,304578591,0,2,0,0,1,1,1,2,0,0,0,0,0,0,0,0,0,0,0,0,0,0,4,0
641047602,761587,0,401776783,0,304185404,304185372,304578591,0,2,0,0,1,1,1,2,0,0,0,0,0,0,0,0,0,0,0,0,0,0,4,0
641550473,761587,0,401776783,0,304185404,304185372,304578591,0,2,0,0,1,1,1,2,0,0,0,0,0,0,0,0,0,0,0,0,0,0,4,0
642055683,761587,0,401776783,0,304185404,304185372,304578591,0,2,0,0,1,1,1,2,0,0,0,0,0,0,0,0,0,0,0,0,0,0,4,0
642557465,761587,0,401776783,0,304185404,304185372,304578591,0,2,0,0,1,1,1,2,0,0,0,0,0,0,0,0,0,0,0,0,0,0,4,0
643062249,761587,0,401776783,0,304185404,304185372,304578591,0,2,0,0,1,1,1,2,0,0,0,0,0,0,0,0,0,0,0,0,0,0,4,0
643563672,761587,0,401776783,0,304185404,304185372,304578591,0,2,0,0,1,1,1,2,0,0,0,0,0,0,0,0,0,0,0,0,0,0,4,0
644071008,761587,0,401776783,0,304185404,304185372,304578591,0,2,0,0,1,1,1,2,0,0,0,0,0,0,0,0,0,0,0,0,0,0,4,0
644578978,761587,0,401776783,0,304185404,304185372,304578591,0,2,0,0,1,1,1,2,0,0,0,0,0,0,0,0,0,0,0,0,0,0,4,0
645082304,761587,0,401776783,0,304185404,304185372,304578591,0,2,0,0,1,1,1,2,0,0,0,0,0,0,0,0,0,0,0,0,0,0,4,0
645584525,761587,0,401776783,0,304185404,304185372,304578591,0,2,0,0,1,1,1,2,0,0,0,0,0,0,0,0,0,0,0,0,0,0,4,0
646088671,761587,0,401776783,0,304185404,304185372,304578591,0,2,0,0,1,1,1,2,0,0,0,0,0,0,0,0,0,0,0,0,0,0,4,0
646592478,761587,0,401776783,0,304185404,304185372,304578591,0,2,0,0,1,1,1,2,0,0,0,0,0,0,0,0,0,0,0,0,0,0,4,0
647095648,761587,0,401776783,0,304185404,304185372,304578591,0,2,0,0,1,1,1,2,0,0,0,0,0,0,0,0,0,0,0,0,0,0,4,0
647599644,761587,0,401776783,0,304185404,304185372,304578591,0,2,0,0,1,1,1,2,0,0,0,0,0,0,0,0,0,0,0,0,0,0,4,0
648104674,761587,0,401776783,0,304185404,304185372,304578591,0,2,0,0,1,1,1,2,0,0,0,0,0,0,0,0,0,0,0,0,0,0,4,0
648611600,761587,0,401776783,0,304185404,304185372,304578591,0,2,0,0,1,1,1,2,0,0,0,0,0,0,0,0,0,0,0,0,0,0,4,0
649111793,761587,0,401776783,0,304185404,304185372,304578591,0,2,0,0,1,1,1,2,0,0,0,0,0,0,0,0,0,0,0,0,0,0,4,0
649619591,761587,0,401776783,0,304185404,304185372,304578591,0,2,0,0,1,1,1,2,0,0,0,0,0,0,0,0,0,0,0,0,0,0,4,0
650128926,761587,0,401776783,0,304185404,304185372,304578591,0,2,0,0,1,1,1,2,0,0,0,0,0,0,0,0,0,0,0,0,0,0,4,0
650631698,761587,0,401776783,0,304185404,304185372,304578591,0,2,0,0,1,1,1,2,0,0,0,0,0,0,0,0,0,0,0,0,0,0,4,0
651140982,761587,0,401776783,0,304185404,304185372,304578591,0,2,0,0,1,1,1,2,0,0,0,0,0,0,0,0,0,0,0,0,0,0,4,0
651650476,761587,0,401776783,0,304185404,304185372,304578591,0,2,0,0,1,1,1,2,0,0,0,0,0,0,0,0,0,0,0,0,0,0,4,0
652152071,761587,0,401776783,0,304185404,304185372,304578591,0,2,0,0,1,1,1,2,0,0,0,0,0,0,0,0,0,0,0,0,0,0,4,0
652656161,761587,0,401776783,0,304185404,304185372,304578591,0,2,0,0,1,1,1,2,0,0,0,0,0,0,0,0,0,0,0,0,0,0,4,0
653160115,761587,0,401776783,0,304185404,304185372,304578591,0,2,0,0,1,1,1,2,0,0,0,0,0,0,0,0,0,0,0,0,0,0,4,0
653660698,761587,0,401776783,0,304185404,304185372,304578591,0,2,0,0,1,1,1,2,0,0,0,0,0,0,0,0,0,0,0,0,0,0,4,0
654168600,761587,0,401776783,0,304185404,304185372,304578591,0,2,0,0,1,1,1,2,0,0,0,0,0,0,0,0,0,0,0,0,0,0,4,0
654671038,761587,0,401776783,0,304185404,304185372,304578591,0,2,0,0,1,1,1,2,0,0,0,0,0,0,0,0,0,0,0,0,0,0,4,0
655177462,761587,0,401776783,0,304185404,304185372,304578591,0,2,0,0,1,1,1,2,0,0,0,0,0,0,0,0,0,0,0,0,0,0,4,0
655678740,761587,0,401776783,0,304185404,304185372,304578591,0,2,0,0,1,1,1,2,0,0,0,0,0,0,0,0,0,0,0,0,0,0,4,0
656182070,761587,0,401776783,0,304185404,304185372,304578591,0,2,0,0,1,1,1,2,0,0,0,0,0,0,0,0,0,0,0,0,0,0,4,0
656683941,761587,0,401776783,0,304185404,304185372,304578591,0,2,0,0,1,1,1,2,0,0,0,0,0,0,0,0,0,0,0,0,0,0,4,0
657699689,761587,0,401776783,0,304185404,304185372,304578591,0,2,0,0,1,1,1,2,0,0,0,0,0,0,0,0,0,0,0,0,0,0,4,0
658199969,761587,0,401776783,0,304185404,304185372,304578591,0,2,0,0,1,1,1,2,0,0,0,0,0,0,0,0,0,0,0,0,0,0,4,0
658700553,761587,0,401776783,0,304185404,304185372,304578591,0,2,0,0,1,1,1,2,0,0,0,0,0,0,0,0,0,0,0,0,0,0,4,0
659204472,761587,0,401776783,0,304185404,304185372,304578591,0,2,0,0,1,1,1,2,0,0,0,0,0,0,0,0,0,0,0,0,0,0,4,0
659711735,761587,0,401776783,0,304185404,304185372,304578591,0,2,0,0,1,1,1,2,0,0,0,0,0,0,0,0,0,0,0,0,0,0,4,0
660222472,761587,0,401776783,0,304185404,304185372,304578591,0,2,0,0,1,1,1,2,0,0,0,0,0,0,0,0,0,0,0,0,0,0,4,0
660731641,761587,0,401776783,0,304185404,304185372,304578591,0,2,0,0,1,1,1,2,0,0,0,0,0,0,0,0,0,0,0,0,0,0,4,0
661241565,761587,0,401776783,0,304185404,304185372,304578591,0,2,0,0,1,1,1,2,0,0,0,0,0,0,0,0,0,0,0,0,0,0,4,0
661743614,761587,0,401776783,0,304185404,304185372,304578591,0,2,0,0,1,1,1,2,0,0,0,0,0,0,0,0,0,0,0,0,0,0,4,0
662247749,761587,0,401776783,0,304185404,304185372,304578591,0,2,0,0,1,1,1,2,0,0,0,0,0,0,0,0,0,0,0,0,0,0,4,0
662752484,761587,0,401776783,0,304185404,304185372,304578591,0,2,0,0,1,1,1,2,0,0,0,0,0,0,0,0,0,0,0,0,0,0,4,0
663252940,761587,0,401776783,0,304185404,304185372,304578591,0,2,0,0,1,1,1,2,0,0,0,0,0,0,0,0,0,0,0,0,0,0,4,0
663753478,761587,0,401776783,0,304185404,304185372,304578591,0,2,0,0,1,1,1,2,0,0,0,0,0,0,0,0,0,0,0,0,0,0,4,0
664254464,761587,0,401776783,0,304185404,304185372,304578591,0,2,0,0,1,1,1,2,0,0,0,0,0,0,0,0,0,0,0,0,0,0,4,0
664762789,761587,0,401776783,0,304185404,304185372,304578591,0,2,0,0,1,1,1,2,0,0,0,0,0,0,0,0,0,0,0,0,0,0,4,0
665267675,761587,0,401776783,0,304185404,304185372,304578591,0,2,0,0,1,1,1,2,0,0,0,0,0,0,0,0,0,0,0,0,0,0,4,0
665770471,761587,0,401776783,0,304185404,304185372,304578591,0,2,0,0,1,1,1,2,0,0,0,0,0,0,0,0,0,0,0,0,0,0,4,0
666275687,761587,0,401776783,0,304185404,304185372,304578591,0,2,0,0,1,1,1,2,0,0,0,0,0,0,0,0,0,0,0,0,0,0,4,0
666777325,761587,0,401776783,0,304185404,304185372,304578591,0,2,0,0,1,1,1,2,0,0,0,0,0,0,0,0,0,0,0,0,0,0,4,0
667278931,761587,0,401776783,0,304185404,304185372,304578591,0,2,0,0,1,1,1,2,0,0,0,0,0,0,0,0,0,0,0,0,0,0,4,0
667786478,761587,0,401776783,0,304185404,304185372,304578591,0,2,0,0,1,1,1,2,0,0,0,0,0,0,0,0,0,0,0,0,0,0,4,0
668296503,761587,0,401776783,0,304185404,304185372,304578591,0,2,0,0,1,1,1,2,0,0,0,0,0,0,0,0,0,0,0,0,0,0,4,0
668806487,761587,0,401776783,0,304185404,304185372,304578591,0,2,0,0,1,1,1,2,0,0,0,0,0,0,0,0,0,0,0,0,0,0,4,0
669307643,761587,0,401776783,0,304185404,304185372,304578591,0,2,0,0,1,1,1,2,0,0,0,0,0,0,0,0,0,0,0,0,0,0,4,0
669809610,761587,0,401776783,0,304185404,304185372,304578591,0,2,0,0,1,1,1,2,0,0,0,0,0,0,0,0,0,0,0,0,0,0,4,0
670316847,761587,0,401776783,0,304185404,304185372,304578591,0,2,0,0,1,1,1,2,0,0,0,0,0,0,0,0,0,0,0,0,0,0,4,0
670826909,761587,0,401776783,0,304185404,304185372,304578591,0,2,0,0,1,1,1,2,0,0,0,0,0,0,0,0,0,0,0,0,0,0,4,0
671332524,761587,0,401776783,0,304185404,304185372,304578591,0,2,0,0,1,1,1,2,0,0,0,0,0,0,0,0,0,0,0,0,0,0,4,0
671833469,761587,0,401776783,0,304185404,304185372,304578591,0,2,0,0,1,1,1,2,0,0,0,0,0,0,0,0,0,0,0,0,0,0,4,0
672333549,761587,0,401776783,0,304185404,304185372,304578591,0,2,0,0,1,1,1,2,0,0,0,0,0,0,0,0,0,0,0,0,0,0,4,0
672839598,761587,0,401776783,0,304185404,304185372,304578591,0,2,0,0,1,1,1,2,0,0,0,0,0,0,0,0,0,0,0,0,0,0,4,0
673341606,761587,0,401776783,0,304185404,304185372,304578591,0,2,0,0,1,1,1,2,0,0,0,0,0,0,0,0,0,0,0,0,0,0,4,0
673851652,761587,0,401776783,0,304185404,304185372,304578591,0,2,0,0,1,1,1,2,0,0,0,0,0,0,0,0,0,0,0,0,0,0,4,0
674355636,761587,0,401776783,0,304185404,304185372,304578591,0,2,0,0,1,1,1,2,0,0,0,0,0,0,0,0,0,0,0,0,0,0,4,0
674859731,761587,0,401776783,0,304185404,304185372,304578591,0,2,0,0,1,1,1,2,0,0,0,0,0,0,0,0,0,0,0,0,0,0,4,0
675364617,761587,0,401776783,0,304185404,304185372,304578591,0,2,0,0,1,1,1,2,0,0,0,0,0,0,0,0,0,0,0,0,0,0,4,0
675865494,761587,0,401776783,0,304185404,304185372,304578591,0,2,0,0,1,1,1,2,0,0,0,0,0,0,0,0,0,0,0,0,0,0,4,0
676370020,761587,0,401776783,0,304185404,304185372,304578591,0,2,0,0,1,1,1,2,0,0,0,0,0,0,0,0,0,0,0,0,0,0,4,0
676870495,761587,0,401776783,0,304185404,304185372,304578591,0,2,0,0,1,1,1,2,0,0,0,0,0,0,0,0,0,0,0,0,0,0,4,0
677381218,761587,0,401776783,0,304185404,304185372,304578591,0,2,0,0,1,1,1,2,0,0,0,0,0,0,0,0,0,0,0,0,0,0,4,0
677882507,761587,0,401776783,0,304185404,304185372,304578591,0,2,0,0,1,1,1,2,0,0,0,0,0,0,0,0,0,0,0,0,0,0,4,0
678387607,761587,0,401776783,0,304185404,304185372,304578591,0,2,0,0,1,1,1,2,0,0,0,0,0,0,0,0,0,0,0,0,0,0,4,0
678890467,761587,0,401776783,0,304185404,304185372,304578591,0,2,0,0,1,1,1,2,0,0,0,0,0,0,0,0,0,0,0,0,0,0,4,0
679390499,761587,0,401776783,0,304185404,304185372,304578591,0,2,0,0,1,1,1,2,0,0,0,0,0,0,0,0,0,0,0,0,0,0,4,0
679890579,761587,0,401776783,0,304185404,304185372,304578591,0,2,0,0,1,1,1,2,0,0,0,0,0,0,0,0,0,0,0,0,0,0,4,0
680397493,761587,0,401776783,0,304185404,304185372,304578591,0,2,0,0,1,1,1,2,0,0,0,0,0,0,0,0,0,0,0,0,0,0,4,0
680898815,761587,0,401776783,0,304185404,304185372,304578591,0,2,0,0,1,1,1,2,0,0,0,0,0,0,0,0,0,0,0,0,0,0,4,0
681402951,761587,0,401776783,0,304185404,304185372,304578591,0,2,0,0,1,1,1,2,0,0,0,0,0,0,0,0,0,0,0,0,0,0,4,0
681907062,761587,0,401776783,0,304185404,304185372,304578591,0,2,0,0,1,1,1,2,0,0,0,0,0,0,0,0,0,0,0,0,0,0,4,0
682413640,761587,0,401776783,0,304185404,304185372,304578591,0,2,0,0,1,1,1,2,0,0,0,0,0,0,0,0,0,0,0,0,0,0,4,0
683425466,761587,0,401776783,0,304185404,304185372,304578591,0,2,0,0,1,1,1,2,0,0,0,0,0,0,0,0,0,0,0,0,0,0,4,0
683930472,761587,0,401776783,0,304185404,304185372,304578591,0,2,0,0,1,1,1,2,0,0,0,0,0,0,0,0,0,0,0,0,0,0,4,0
684440536,761587,0,401776783,0,304185404,304185372,304578591,0,2,0,0,1,1,1,2,0,0,0,0,0,0,0,0,0,0,0,0,0,0,4,0
684951710,761587,0,401776783,0,304185404,304185372,304578591,0,2,0,0,1,1,1,2,0,0,0,0,0,0,0,0,0,0,0,0,0,0,4,0
685454482,761587,0,401776783,0,304185404,304185372,304578591,0,2,0,0,1,1,1,2,0,0,0,0,0,0,0,0,0,0,0,0,0,0,4,0
685958878,761587,0,401776783,0,304185404,304185372,304578591,0,2,0,0,1,1,1,2,0,0,0,0,0,0,0,0,0,0,0,0,0,0,4,0
686461473,761587,0,401776783,0,304185404,304185372,304578591,0,2,0,0,1,1,1,2,0,0,0,0,0,0,0,0,0,0,0,0,0,0,4,0
686966824,761587,0,401776783,0,304185404,304185372,304578591,0,2,0,0,1,1,1,2,0,0,0,0,0,0,0,0,0,0,0,0,0,0,4,0
687476528,761587,0,401776783,0,304185404,304185372,304578591,0,2,0,0,1,1,1,2,0,0,0,0,0,0,0,0,0,0,0,0,0,0,4,0
687980519,761587,0,401776783,0,304185404,304185372,304578591,0,2,0,0,1,1,1,2,0,0,0,0,0,0,0,0,0,0,0,0,0,0,4,0
688483633,761587,0,401776783,0,304185404,304185372,304578591,0,2,0,0,1,1,1,2,0,0,0,0,0,0,0,0,0,0,0,0,0,0,4,0
688988674,761587,0,401776783,0,304185404,304185372,304578591,0,2,0,0,1,1,1,2,0,0,0,0,0,0,0,0,0,0,0,0,0,0,4,0
689500587,761587,0,401776783,0,304185404,304185372,304578591,0,2,0,0,1,1,1,2,0,0,0,0,0,0,0,0,0,0,0,0,0,0,4,0
690001475,761587,0,401776783,0,304185404,304185372,304578591,0,2,0,0,1,1,1,2,0,0,0,0,0,0,0,0,0,0,0,0,0,0,4,0
690507317,761587,0,401776783,0,304185404,304185372,304578591,0,2,0,0,1,1,1,2,0,0,0,0,0,0,0,0,0,0,0,0,0,0,4,0
691019283,761587,0,401776783,0,304185404,304185372,304578591,0,2,0,0,1,1,1,2,0,0,0,0,0,0,0,0,0,0,0,0,0,0,4,0
692024495,761587,0,401776783,0,304185404,304185372,304578591,0,2,0,0,1,1,1,2,0,0,0,0,0,0,0,0,0,0,0,0,0,0,4,0
692532651,761587,0,401776783,0,304185404,304185372,304578591,0,2,0,0,1,1,1,2,0,0,0,0,0,0,0,0,0,0,0,0,0,0,4,0
693040545,761587,0,401776783,0,304185404,304185372,304578591,0,2,0,0,1,1,1,2,0,0,0,0,0,0,0,0,0,0,0,0,0,0,4,0
693544470,761587,0,401776783,0,304185404,304185372,304578591,0,2,0,0,1,1,1,2,0,0,0,0,0,0,0,0,0,0,0,0,0,0,4,0
694055729,761587,0,401776783,0,304185404,304185372,304578591,0,2,0,0,1,1,1,2,0,0,0,0,0,0,0,0,0,0,0,0,0,0,4,0
694564523,761587,0,401776783,0,304185404,304185372,304578591,0,2,0,0,1,1,1,2,0,0,0,0,0,0,0,0,0,0,0,0,0,0,4,0
695067644,761587,0,401776783,0,304185404,304185372,304578591,0,2,0,0,1,1,1,2,0,0,0,0,0,0,0,0,0,0,0,0,0,0,4,0
695576133,761587,0,401776783,0,304185404,304185372,304578591,0,2,0,0,1,1,1,2,0,0,0,0,0,0,0,0,0,0,0,0,0,0,4,0
696085596,761587,0,401776783,0,304185404,304185372,304578591,0,2,0,0,1,1,1,2,0,0,0,0,0,0,0,0,0,0,0,0,0,0,4,0
697070790,761587,0,0,0,304185404,304185372,304578591,0,1,0,0,1,1,1,2,0,0,0,0,0,0,0,0,0,0,0,0,0,0,4,4
697573539,761587,0,0,0,304185404,304185372,34045967,0,1,0,0,1,1,1,2,0,0,0,0,0,0,0,0,0,0,0,0,0,0,4,4
