timestamp,timestamp_sample,accel_device_id,gyro_device_id,delta_angle[0],delta_angle[1],delta_angle[2],delta_velocity[0],delta_velocity[1],delta_velocity[2],delta_angle_dt,delta_velocity_dt,delta_velocity_clipping,calibration_count
394713239,394712139,2162698,2162698,-8.430155e-06,-1.9809856e-06,1.6806358e-05,0.0076989764,0.0007142975,-0.048012085,5003,5003,0,3
395218702,395217553,2162698,2162698,2.7328557e-05,-2.3661347e-05,6.124055e-05,0.007850877,0.00021611761,-0.048108168,5007,5007,0,3
395714036,395712954,2162698,2162698,2.7405024e-06,-2.679416e-05,5.1411895e-05,0.0075681787,0.0007027532,-0.04815909,5004,5004,0,3
396214778,396213401,2162698,2162698,-8.495566e-06,-3.1355885e-05,6.0060578e-05,0.0077583794,0.000812258,-0.048538454,5039,5039,0,3
396714874,396713773,2162698,2162698,-0.00013026285,2.7293693e-06,4.4711247e-05,0.007569002,0.00075791293,-0.048220526,5003,5003,0,3
397715710,397714611,2162698,2162698,1.49815405e-05,-9.098461e-06,3.7364116e-05,0.0077194097,0.00073926843,-0.04829644,5018,5018,0,3
398216116,398215009,2162698,2162698,1.0432637e-05,-2.356018e-05,9.097576e-05,0.007867414,0.00072454696,-0.048101366,5010,5010,0,3
398711613,398710409,2162698,2162698,-5.5539233e-05,-4.4654844e-06,5.1609957e-05,0.007853093,0.00039165452,-0.048111472,5004,5004,0,3
399211940,399210818,2162698,2162698,3.7041907e-05,-3.0179468e-05,6.244486e-05,0.0074316883,0.0014810556,-0.04773635,5003,5003,0,3
399712306,399711228,2162698,2162698,7.722805e-05,-3.304551e-05,5.4359116e-06,0.007891093,3.9919374e-05,-0.04765559,5004,5004,0,3
400212711,400211643,2162698,2162698,0.00012743425,-2.1767775e-05,0.00017487678,0.007308037,0.0013319895,-0.047858104,5009,5009,0,3
400713126,400712048,2162698,2162698,-9.795993e-05,-1.757491e-05,8.615937e-06,0.007863249,0.0010390582,-0.04791252,5005,5005,0,3
401213938,401212510,2162698,2162698,-4.3372438e-05,-1.0388224e-05,-1.4623317e-05,0.007676181,0.0006114837,-0.048329398,5020,5020,0,3
401714161,401712873,2162698,2162698,-4.2302454e-05,-3.0252919e-05,8.47355e-05,0.007539175,0.0013150241,-0.048300352,5011,5011,0,3
402214526,402213275,2162698,2162698,6.3876185e-05,-1.9374702e-06,3.043573e-06,0.007897012,0.0009948615,-0.04782083,5003,5003,0,3
402715117,402713689,2162698,2162698,-4.2718515e-05,-1.7537648e-05,4.5410827e-05,0.0075883437,0.00097112247,-0.04798105,4995,4995,0,3
403215365,403214093,2162698,2162698,0.00014391681,-3.0930638e-05,-0.00010589533,0.007849326,0.00043875235,-0.048035752,5003,5003,0,3
403715850,403714502,2162698,2162698,-0.00010334364,-1.5497524e-05,4.921434e-05,0.00764819,0.0004753807,-0.048266005,5004,5004,0,3
404216015,404214914,2162698,2162698,2.5464482e-05,-8.538371e-06,1.5897629e-05,0.0076953047,0.000521413,-0.047589887,5007,5007,0,3
404716454,404715325,2162698,2162698,1.7676608e-06,-3.48565e-05,3.0703788e-05,0.007706161,0.0007917593,-0.047740005,5010,5010,0,3
405211830,405210737,2162698,2162698,-2.6698566e-05,-1.4091527e-05,-5.0065694e-07,0.007658738,0.00034613203,-0.047980357,5006,5006,0,3
405712285,405711131,2162698,2162698,-3.6126516e-05,1.4702086e-06,3.846148e-05,0.0076475414,0.0009810595,-0.04790893,5004,5004,0,3
406212662,406211542,2162698,2162698,-0.0001631338,6.5537256e-06,-4.818688e-05,0.0075764153,0.00089667854,-0.04823214,5006,5006,0,3
406713226,406711947,2162698,2162698,-0.00018063597,2.0507016e-05,-4.2688316e-05,0.0076723625,0.00073934556,-0.047867123,5004,5004,0,3
407213540,407212355,2162698,2162698,0.0001544405,-5.4923352e-05,6.457642e-05,0.0077831065,0.0009015558,-0.048228916,5004,5004,0,3
407713962,407712762,2162698,2162698,-0.00023197047,-2.630294e-05,2.588615e-05,0.007895218,0.0007181995,-0.048101254,4984,4984,0,3
408214511,408213170,2162698,2162698,6.955161e-05,-1.4286939e-05,-5.8896076e-05,0.0073296237,0.00090981217,-0.048084192,5004,5004,0,3
408714759,408713578,2162698,2162698,-0.00010705107,-4.7881807e-05,6.1261635e-05,0.007727693,0.0004095055,-0.04841602,5005,5005,0,3
409215279,409214022,2162698,2162698,5.325988e-05,-1.7258179e-05,1.7382985e-05,0.0073689185,0.0008651026,-0.048564017,5010,5010,0,3
409715558,409714404,2162698,2162698,-7.133486e-05,-5.313432e-06,5.6744313e-05,0.0077530392,0.00064247305,-0.048492923,5002,5002,0,3
410215910,410214799,2162698,2162698,-2.1381422e-05,-3.1153028e-05,7.196034e-05,0.007388541,0.0010622947,-0.047950078,4993,4993,0,3
410716441,410715218,2162698,2162698,9.6393844e-05,-2.9360712e-05,6.244913e-05,0.0077415295,0.0009989009,-0.047903087,5016,5016,0,3
411211761,411210614,2162698,2162698,2.7897155e-05,-3.4027056e-05,8.1846876e-05,0.007961618,0.0008432349,-0.047630582,5009,5009,0,3
411712084,411711017,2162698,2162698,6.3810345e-05,-2.5481368e-05,8.2109684e-05,0.007734672,0.00084395014,-0.048171256,5004,5004,0,3
412212517,412211425,2162698,2162698,8.163108e-05,-3.4395984e-05,8.544372e-05,0.007691425,0.0011824024,-0.048283968,5005,5005,0,3
412712934,412711832,2162698,2162698,-3.5713178e-06,-4.0730814e-05,8.8789944e-05,0.007982749,0.0011064042,-0.048009604,5008,5008,0,3
413213500,413212239,2162698,2162698,9.110664e-05,-3.352781e-05,3.5973313e-05,0.007834528,0.00079116854,-0.047870994,5004,5004,0,3
413713962,413712646,2162698,2162698,-4.0904893e-06,-2.8362929e-05,6.5189095e-05,0.0077181845,0.00045016813,-0.046778213,5004,5004,0,3
414214222,414213057,2162698,2162698,3.604454e-05,-2.6552032e-05,4.993165e-05,0.007827879,0.0006693268,-0.04784536,5008,5008,0,3
414714784,414713461,2162698,2162698,-2.509217e-05,-4.1871965e-05,8.4300234e-05,0.0076792985,0.0010318868,-0.048467007,5000,5000,0,3
415215083,415213875,2162698,2162698,6.5687396e-05,-3.8954004e-05,5.0589795e-05,0.0077888155,0.0010408526,-0.047940843,5011,5011,0,3
415715738,415714280,2162698,2162698,5.808219e-06,-3.659971e-05,0.00010230054,0.007939484,0.00087399356,-0.04778104,5008,5008,0,3
417216694,417215508,2162698,2162698,-4.5643843e-05,2.6357535e-05,-4.4726476e-05,0.007337135,0.00018353495,-0.047058724,5012,5012,0,3
417712068,417710921,2162698,2162698,-0.00014652585,-1.3913283e-05,-1.4669419e-05,0.0075015607,0.000402116,-0.047976434,5021,5021,0,3
418212432,418211319,2162698,2162698,-1.3344754e-06,3.9185845e-05,-3.5605357e-05,0.007665636,0.00072456757,-0.048282985,5011,5011,0,3
418712956,418711743,2162698,2162698,5.461979e-05,-4.749568e-05,4.266254e-05,0.007955704,0.00075917906,-0.048464116,5026,5026,0,3
419213208,419212130,2162698,2162698,0.00016225228,1.9827285e-05,0.0002324906,0.0075780805,0.0011409377,-0.04777307,5005,5005,0,3
420214025,420212947,2162698,2162698,-7.042846e-05,-3.0140205e-05,8.660057e-05,0.0077738543,0.00090496487,-0.047802255,5004,5004,0,3
420714450,420713367,2162698,2162698,8.389173e-05,-2.5902475e-05,3.1631127e-05,0.007537195,0.0011711722,-0.047710072,4997,4997,0,3
421214859,421213763,2162698,2162698,-0.00011781222,-2.4834655e-05,0.00010907461,0.007497815,0.0014254858,-0.048282314,5004,5004,0,3
421715264,421714171,2162698,2162698,0.0002547366,-4.9740232e-05,0.0001599777,0.0075401375,0.0018195871,-0.04800376,5004,5004,0,3
422215785,422214580,2162698,2162698,-0.000119455304,-8.519919e-06,2.4819943e-05,0.0076489258,0.00075855,-0.04865766,5004,5004,0,3
422716126,422714987,2162698,2162698,8.893269e-05,-1.4373921e-05,7.01326e-05,0.007605201,0.0009983015,-0.047798593,5003,5003,0,3
423216515,423215398,2162698,2162698,0.00014354162,-1.1232765e-05,0.00011644311,0.008080726,0.0012812377,-0.048218217,4990,4990,0,3
423711991,423710818,2162698,2162698,1.710871e-05,-3.8690512e-05,0.000114142844,0.007697081,0.0006996027,-0.048551884,5011,5011,0,3
424212292,424211216,2162698,2162698,-0.00010828976,-3.1479e-05,0.00011383978,0.006877266,0.000994899,-0.047089033,5012,5012,0,3
424712794,424711648,2162698,2162698,-0.00021879286,-2.7124493e-05,-0.00011454797,0.008537869,0.0012787574,-0.049277928,4979,4979,0,3
425213226,425212023,2162698,2162698,0.00036075062,6.37024e-05,-0.00011100171,0.012844873,-0.0043054605,-0.05636667,4980,4980,0,3
425713631,425712429,2162698,2162698,-0.00017455027,-0.0002292253,-0.00035442965,0.015871681,-0.0061452654,-0.047572292,5004,5004,0,3
426214049,426212833,2162698,2162698,0.00011100695,0.00035568792,-0.00066862116,0.016989019,-0.0054483744,-0.044925828,5004,5004,0,3
427214736,427213635,2162698,2162698,-0.0011129342,-0.00026811138,0.0011368173,0.028192127,0.014693793,-0.0446269,5004,5004,0,3
427715119,427714031,2162698,2162698,-0.0009043743,-0.00067035074,1.1665701e-05,0.031686757,0.0060848705,-0.037661385,5003,5003,0,3
428215572,428214437,2162698,2162698,-0.00094878103,0.0013153472,-0.00096362835,0.02824583,0.001688779,-0.054013394,4972,4972,0,3
428715906,428714821,2162698,2162698,-0.00068899896,0.00076877995,-0.0013010805,0.024473686,0.0014852273,-0.055728026,4976,4976,0,3
429216285,429215202,2162698,2162698,0.002973146,0.0006362619,-0.00069096603,0.023409763,-0.0051564593,-0.058127362,4997,4997,0,3
429711720,429710583,2162698,2162698,0.0008588942,0.00032297298,0.00034089235,0.0186988,-0.005226231,-0.051234953,5004,5004,0,3
430212150,430210972,2162698,2162698,-0.00042802372,0.00025550116,0.0003766557,0.021864591,-0.0011382895,-0.050191615,4995,4995,0,3
430712984,430711344,2162698,2162698,0.002415029,-0.00022165276,0.0015594615,0.018445648,0.00629792,-0.03427788,5003,5003,0,3
431212821,431211742,2162698,2162698,-0.003960143,-0.0006933955,0.0006233573,0.01824534,-0.0036260723,-0.05655016,5017,5017,0,3
431713255,431712096,2162698,2162698,-0.0015094548,-0.0004966931,0.00041106506,0.02070372,-0.0035664693,-0.056085702,5001,5001,0,3
432214443,432212467,2162698,2162698,-0.0019329808,-0.00025038727,-0.0003422566,0.01432303,0.0045703803,-0.04795403,5003,5003,0,3
432714727,432712836,2162698,2162698,0.00050589343,-0.00043819327,-0.00033107967,0.017045008,-0.001991795,-0.04489915,5003,5003,0,3
433214990,433213203,2162698,2162698,-0.0016750252,-0.0007178312,0.0005605758,0.013295454,-0.000646664,-0.049114514,4993,4993,0,3
433714656,433713568,2162698,2162698,-0.00015868456,0.00033303924,-0.0019778807,0.018534254,-0.0056373137,-0.05821864,5004,5004,0,3
434215215,434213980,2162698,2162698,0.0016054031,-0.0002040332,-0.00073512865,0.016788919,0.0074047926,-0.03510195,5051,5051,0,3
434716448,434714288,2162698,2162698,0.00021437163,-0.00045115402,-0.00010529189,0.012648163,-0.010916943,-0.041921873,4993,4993,0,3
435215857,435214657,2162698,2162698,0.0021615499,-0.00057959335,-4.2077503e-05,0.010453591,0.0024297931,-0.033517137,5016,5016,0,3
435716160,435715005,2162698,2162698,0.0018701795,0.0001093437,0.0005230179,0.008092506,-0.0051854625,-0.04364011,5011,5011,0,3
436217605,436215348,2162698,2162698,-0.0018297556,-0.00077535707,0.0009174381,0.004113742,-0.0022706364,-0.043960523,4996,4996,0,3
436711942,436710700,2162698,2162698,-4.840476e-05,0.002205476,0.0008840403,0.010680442,0.008465973,-0.10745893,5011,5011,0,3
437217947,437216042,2162698,2162698,-0.00034309557,0.0018894712,0.00022888427,0.01003038,-0.004306743,-0.08936592,5003,5003,0,3
437718516,437716394,2162698,2162698,0.0017288368,-0.00043419047,0.000265216,0.00761124,0.0026410837,-0.0344923,4990,4990,0,3
438212916,438211724,2162698,2162698,0.0035259046,8.4738225e-05,0.0013700826,0.009872379,0.0015137512,-0.03845169,5004,5004,0,3
438719113,438717087,2162698,2162698,-0.0015438008,-0.0008763791,0.002321634,0.0062027955,0.012930971,-0.025600241,5029,5029,0,3
439213605,439212417,2162698,2162698,0.0021237358,0.0005792322,0.0007834072,0.0072398754,0.0049178633,-0.0514108,5017,5017,0,3
439719944,439717738,2162698,2162698,-0.0020903351,-0.00033696907,0.0017165041,0.0050840895,0.0018674784,-0.039023332,5003,5003,0,3
440214164,440213068,2162698,2162698,-0.0009918192,-0.00028746843,0.0018589719,-0.013866926,0.0015712753,-0.025269883,5003,5003,0,3
440714649,440713405,2162698,2162698,-0.006053912,-0.00075003563,8.5774154e-05,-0.012227223,-0.007934011,-0.055557493,5002,5002,0,3
441214856,441213730,2162698,2162698,0.001315422,-0.0004998069,-0.0002677511,-0.015540557,-0.00089969614,-0.021915475,4998,4998,0,3
441715320,441714110,2162698,2162698,-0.0029900363,-0.0007366248,0.00010223711,-0.012830968,-0.006023202,-0.04042691,5046,5046,0,3
442215596,442214405,2162698,2162698,0.0065544164,0.0004852138,-0.0018570753,0.005593009,0.009809086,-0.06535344,5003,5003,0,3
442721821,442719726,2162698,2162698,0.0059303776,0.0027070148,0.003097196,0.008684662,-0.013286747,-0.05247633,4979,4979,0,3
443216225,443215046,2162698,2162698,-0.0044940505,0.0028586914,0.0019269799,0.012962377,-0.002955304,-0.07077848,5004,5004,0,3
443722437,443720372,2162698,2162698,0.0009835048,0.002442268,0.000101105245,0.009534702,-0.0012448081,-0.09585819,4949,4949,0,3
444211948,444210689,2162698,2162698,-0.0040220036,0.00093983294,0.0027723303,0.009554076,-0.0038037112,-0.102025546,4973,4973,0,3
444712086,444711018,2162698,2162698,0.0012291188,0.0011969252,0.00038036797,0.0030304142,-0.0060220556,-0.030606592,5012,5012,0,3
445213626,445211328,2162698,2162698,0.002318657,-0.0001233528,0.00022199306,0.004064528,-0.008538924,-0.037020396,5003,5003,0,3
445713448,445711645,2162698,2162698,-0.0029536958,-0.00036001776,0.001052061,0.012352032,-0.007752834,-0.051768195,5002,5002,0,3
446214216,446211960,2162698,2162698,0.0008958022,0.0007712254,-0.00022386346,0.008298844,-0.0014636249,-0.07037052,5002,5002,0,3
446713375,446712281,2162698,2162698,-0.00033260285,0.0007973442,0.000568282,0.012381006,-0.004823722,-0.056418747,5010,5010,0,3
447214753,447212585,2162698,2162698,0.000690237,0.00048084956,0.0006744429,0.0072415182,0.0036998296,-0.05622142,5002,5002,0,3
447714865,447712895,2162698,2162698,8.404329e-05,0.0003317091,0.0010985085,0.008790632,-0.0023234116,-0.045664735,5002,5002,0,3
448214267,448213204,2162698,2162698,-0.00019105984,0.00038538966,0.001101038,0.006473042,-0.0054875193,-0.0641083,4980,4980,0,3
448715341,448713508,2162698,2162698,-2.055263e-05,0.00076407596,0.00091761234,0.0005218315,0.0049067503,-0.065846,4994,4994,0,3
449215066,449213816,2162698,2162698,-0.004402068,-0.0005700145,0.0013274843,0.0013949142,0.0028875226,-0.03984457,5003,5003,0,3
449716186,449714119,2162698,2162698,0.0016295675,0.0006470415,-0.00024870742,0.0050303275,-0.0009042461,-0.045980122,4996,4996,0,3
450215510,450214421,2162698,2162698,0.00010242015,0.00014496673,0.00050205307,0.0041339486,-0.0009581081,-0.045746766,5003,5003,0,3
450716570,450714728,2162698,2162698,-0.0014463166,3.2766126e-05,0.0010404738,0.0053133476,-0.004325363,-0.050012868,4993,4993,0,3
451217276,451215019,2162698,2162698,-0.00036385094,1.4157795e-05,0.00038953315,0.0015587513,-0.0023240647,-0.06582685,5003,5003,0,3
451717261,451715342,2162698,2162698,-0.0018420505,5.996091e-05,2.56872e-05,-0.001902793,0.0032310681,-0.034091916,5029,5029,0,3
452211881,452210614,2162698,2162698,-0.00024459776,8.1967766e-05,0.0003331821,0.0024728368,-8.141399e-05,-0.056553643,5009,5009,0,3
452711975,452710903,2162698,2162698,-0.00034983474,0.00020210347,0.0008228411,0.0009991367,-0.002614706,-0.05144875,5005,5005,0,3
453218770,453216203,2162698,2162698,-0.0005087859,-0.00012432756,-0.00024411782,-0.00077066134,0.0007083129,-0.04247082,5009,5009,0,3
453718273,453716487,2162698,2162698,0.0016867388,0.00029874672,0.00016932844,0.0023797099,8.08401e-05,-0.050198726,5002,5002,0,3
454218873,454216776,2162698,2162698,0.00069101277,0.0001471631,0.0005372486,0.0028648404,0.0014487789,-0.037246563,5002,5002,0,3
454718953,454717064,2162698,2162698,2.8557435e-05,0.00012251774,0.0005725901,0.0073822043,-0.006481133,-0.03184415,5002,5002,0,3
455213598,455212348,2162698,2162698,0.00087990105,0.00033610247,0.0008887084,0.003422359,-0.0043604793,-0.05211667,5003,5003,0,3
455719616,455717636,2162698,2162698,-0.0015403809,0.0007717366,0.0010843643,0.0040468965,-0.012777882,-0.0831472,5000,5000,0,3
456220173,456217920,2162698,2162698,0.00075561943,0.00046718263,0.00011031103,-0.00070743606,-0.003557763,-0.058293834,5003,5003,0,3
456720436,456718206,2162698,2162698,-0.00044268728,-7.6372125e-05,0.0013480039,0.0048669223,-0.007095474,-0.02776911,5006,5006,0,3
457214916,457213492,2162698,2162698,-0.0015353821,0.0011166491,0.0013104944,0.0004927122,-0.0001312259,-0.06078929,5014,5014,0,3
457720779,457718764,2162698,2162698,0.0017327653,0.002647471,0.00013144356,-3.63842e-05,-0.0026190525,-0.09475766,4999,4999,0,3
458221498,458219060,2162698,2162698,0.005751593,0.0017169856,0.0015864505,0.008131475,0.0055388124,-0.15167189,5020,5020,0,3
458715539,458714325,2162698,2162698,-0.0050014327,0.0027021233,0.0039117755,0.0059673213,-0.00012864308,-0.0011733369,5009,5009,0,3
459221703,459219599,2162698,2162698,-0.0008646715,0.0007086633,-0.00045691937,0.00056144927,-0.008727376,-0.045565665,4992,4992,0,3
459716044,459714873,2162698,2162698,-0.0007336523,-0.00058399804,0.0015013223,-0.006954899,0.011661261,-0.019473556,5003,5003,0,3
460222341,460220151,2162698,2162698,-0.0010728033,-0.00063293654,0.0018087296,-0.008820621,-0.00025820459,-0.034401778,5003,5003,0,3
460716524,460715423,2162698,2162698,0.00086137035,-0.0007004265,0.00062891,-0.007981152,0.0014854599,-0.03438088,4999,4999,0,3
461212530,461210693,2162698,2162698,0.00082082,-0.000429426,0.00096706254,-0.012073068,-0.0008612139,-0.042890508,4996,4996,0,3
461712077,461710971,2162698,2162698,0.0012848348,0.0006311831,0.0014959639,-0.010938118,-0.00063078705,-0.056785107,5004,5004,0,3
462212347,462211252,2162698,2162698,0.0041058394,0.002928826,0.0003594998,-0.0077482304,-0.0038330809,-0.067632064,5005,5005,0,3
462713348,462711509,2162698,2162698,-0.0011352338,0.0024275861,0.0014169599,-0.0036050982,-0.007355632,-0.115123086,5002,5002,0,3
463212885,463211793,2162698,2162698,-0.0024938963,0.00031085307,0.0006411552,-0.012645407,0.0018718494,-0.0530877,5009,5009,0,3
463713244,463712055,2162698,2162698,-0.00091816747,-0.00076142425,0.0015868196,-0.0070960773,-0.0015290317,-0.04208255,4988,4988,0,3
464213409,464212324,2162698,2162698,-0.00058571086,-0.0003423234,0.0005173707,-0.009866907,-0.0022920726,-0.047066115,5000,5000,0,3
464714258,464712589,2162698,2162698,0.0029993032,0.0007361081,0.00037546598,-0.0049647857,0.0031186114,-0.05516491,5003,5003,0,3
465215060,465212857,2162698,2162698,-0.00095289206,0.0001377341,0.0015857702,-0.002992132,-0.008120175,-0.0483089,4985,4985,0,3
465715041,465713124,2162698,2162698,-0.00021871689,-0.00018168341,0.00095294404,-0.0049258876,0.0022139656,-0.10576276,4975,4975,0,3
466214550,466213407,2162698,2162698,-0.0023425026,0.0010135482,0.0017314776,-0.0070930263,0.008992308,-0.04858312,4998,4998,0,3
466715308,466713657,2162698,2162698,-0.0010035435,0.0013955579,-0.0011324581,-0.0016771457,0.001568748,-0.10082962,5003,5003,0,3
467215070,467213924,2162698,2162698,0.007841673,0.0014951219,-0.00025486748,0.0058846083,0.0051649995,-0.060709037,4998,4998,0,3
467716221,467714196,2162698,2162698,-0.00497462,-0.00019364404,0.0006994502,-0.004775589,-0.017782254,-0.027785704,5011,5011,0,3
468216404,468214450,2162698,2162698,0.0065641725,-0.00025155887,-0.00042750846,-0.005198536,0.007485159,-0.036376115,5002,5002,0,3
469216148,469214977,2162698,2162698,-0.0014108825,-0.0017239552,-0.0021869503,-0.008216369,-0.006553634,-0.021416035,4994,4994,0,3
469716344,469715246,2162698,2162698,0.0024381483,0.0006417446,0.00251157,-0.012089312,0.003370807,0.00069705525,4998,4998,0,3
470217604,470215502,2162698,2162698,-0.0060630883,0.0025897627,-0.0019218699,-0.0047918973,-0.010617303,-0.08841015,5002,5002,0,3
471217873,471216027,2162698,2162698,0.008607347,0.0003875442,-0.00055919535,-0.0033422355,0.0034653798,-0.07640933,5002,5002,0,3
471712415,471711291,2162698,2162698,-0.00965784,-0.00010618134,0.0016692288,-0.0020013268,-0.003451291,-0.070228346,4993,4993,0,3
472212705,472211556,2162698,2162698,0.0047553717,0.00010753047,0.001587937,-0.0017200124,0.0023212659,-0.04846335,5009,5009,0,3
473213328,473212075,2162698,2162698,3.9961356e-05,-0.00080949866,-0.00174165,0.0007050229,-0.011433704,-0.041224573,5004,5004,0,3
473719550,473717339,2162698,2162698,-0.0026391943,-0.0006752378,0.0011967847,-0.0028597156,0.0053208615,-0.04629695,4995,4995,0,3
474219590,474217602,2162698,2162698,-0.0025941108,-0.0007637272,-0.0025625015,-0.0015278065,-0.004156115,-0.040146988,4995,4995,0,3
475220054,475218127,2162698,2162698,0.0014062099,0.0008383028,0.0005384036,-0.014519079,0.001502527,-0.022716017,5002,5002,0,3
475720314,475718413,2162698,2162698,-0.0014339795,0.0032971757,-0.0012718118,-0.0051865373,-0.0021924565,-0.0997654,5011,5011,0,3
476214852,476213654,2162698,2162698,-0.00028400263,0.0020421871,0.0005191095,-0.0032194748,-0.0032238164,-0.08203929,5007,5007,0,3
476720815,476718915,2162698,2162698,-0.0042025265,0.0005883807,0.0005235268,0.007691552,-0.0034812053,-0.06839112,4997,4997,0,3
477221024,477219178,2162698,2162698,0.0025292134,0.001965919,-0.001467272,0.019528974,-0.0074642343,-0.059832968,5002,5002,0,3
478216052,478214698,2162698,2162698,-0.003263143,-0.0017565918,0.00047611064,0.015017009,0.0054273093,-0.0383798,5004,5004,0,3
478721971,478719960,2162698,2162698,0.0010907311,-0.0014724649,-0.0011147892,0.019440867,-0.0004006127,-0.026977206,5003,5003,0,3
479216353,479215216,2162698,2162698,0.0008827231,-0.0007509656,-0.00031540825,0.017115055,-0.006825935,-0.052760027,4996,4996,0,3
479712231,479710526,2162698,2162698,0.0006514642,-0.0012800348,0.00032876377,0.00964787,0.0021536336,-0.008363722,5056,5056,0,3
480212601,480210728,2162698,2162698,0.0028550192,0.00048925035,-0.0012081929,0.0069504934,0.011629306,-0.05097249,4985,4985,0,3
480712292,480710990,2162698,2162698,0.0005084682,0.0008696584,0.0018624299,0.0032115416,-0.0007908439,-0.01260866,5009,5009,0,3
481212848,481211238,2162698,2162698,-0.0007261229,0.0015627454,-0.0011751272,0.011669692,-0.009294784,-0.063591816,5002,5002,0,3
481713459,481711487,2162698,2162698,0.00078989466,0.0013696008,0.0011381789,0.004441547,0.0093582105,-0.08605332,5000,5000,0,3
482212886,482211752,2162698,2162698,-0.0011942319,0.0020510582,-0.00016174145,0.008040977,-0.004268224,-0.06576389,5002,5002,0,3
482713667,482711998,2162698,2162698,-0.002737196,0.0011880653,0.00091769936,0.0070521412,-0.0021836585,-0.09482926,5002,5002,0,3
483213377,483212287,2162698,2162698,0.0007271758,0.0008559646,0.0007349875,0.01036531,0.006665005,-0.06775703,5039,5039,0,3
483713632,483712507,2162698,2162698,-0.00429623,-0.0030565525,0.00041370306,0.0066745826,0.001809513,-0.012506443,5002,5002,0,3
484214518,484212753,2162698,2162698,-0.0021862348,-0.0013836911,0.00032839036,0.014629531,0.002774668,-0.029652938,5002,5002,0,3
484714113,484713017,2162698,2162698,-0.0013750118,-0.00047824183,-5.6957277e-05,0.015837144,-0.0018238334,-0.010882561,5005,5005,0,3
485214326,485213253,2162698,2162698,-0.00025545724,-0.00038366983,0.00015602759,0.00895448,0.0016627453,-0.03056895,4970,4970,0,3
486214853,486213750,2162698,2162698,0.0011702526,0.0008870996,-0.00085896073,0.0053460575,0.00440823,-0.06948636,4995,4995,0,3
486716170,486713997,2162698,2162698,0.001246925,0.0007717977,0.0004090579,0.006760155,-0.00045400168,-0.06337486,4980,4980,0,3
487215363,487214251,2162698,2162698,0.0026410897,0.0010925096,-0.00021109704,0.012395348,0.00138454,-0.056435045,4995,4995,0,3
487716307,487714490,2162698,2162698,-9.72122e-05,0.0004172662,0.0014923598,0.008274017,0.0020833877,-0.06469617,4993,4993,0,3
488215868,488214736,2162698,2162698,0.0018823608,0.0006850695,0.00075704977,0.0058736433,0.00128847,-0.0412524,4997,4997,0,3
488716055,488714985,2162698,2162698,-0.0004284824,0.00068909844,0.001077876,0.010462135,0.0017484513,-0.03290327,4988,4988,0,3
489217066,489215225,2162698,2162698,-0.0007159605,0.0008955771,0.0013669581,0.015801195,-0.01002793,-0.0594432,4998,4998,0,3
489716632,489715471,2162698,2162698,0.0010743347,0.0006015296,0.0027361347,0.009429066,0.0062958114,-0.061016496,4997,4997,0,3
490217474,490215715,2162698,2162698,-0.0006319774,0.000634073,0.0006112602,0.015060065,-0.005595641,-0.045311697,5004,5004,0,3
490712210,490710957,2162698,2162698,-0.0010437832,0.0006009403,0.0016477825,0.013872851,-0.006024927,-0.05796955,5007,5007,0,3
491212508,491211198,2162698,2162698,-0.0002446499,0.0007305645,0.0007646023,0.010313751,-0.0035715215,-0.050351284,5006,5006,0,3
492212833,492211678,2162698,2162698,-0.0023225253,-0.00024793783,0.0023980166,0.0095760375,-0.012217357,-0.03720248,5003,5003,0,3
492718615,492716920,2162698,2162698,0.001257002,0.00095718686,-0.00049981964,0.004717706,-0.00050591346,-0.07594333,5002,5002,0,3
493213244,493212158,2162698,2162698,0.00012053391,0.0002760232,0.001793445,0.010933836,-0.0050290613,-0.045984548,4975,4975,0,3
493719632,493717399,2162698,2162698,-0.0017980078,-0.00022718181,0.0012871308,0.0019320296,0.003408093,-0.05334795,4990,4990,0,3
494213801,494212635,2162698,2162698,-0.00095458777,-0.00013458279,0.0011882524,0.0021998542,0.007850786,-0.049874112,5003,5003,0,3
494719749,494717875,2162698,2162698,-0.001330495,-0.00012227373,0.0003785906,0.004897361,-0.0046490943,-0.048850466,5002,5002,0,3
495214226,495213109,2162698,2162698,-0.0006465949,2.9776213e-05,0.00040916252,-0.0034995254,0.008215784,-0.045336667,5002,5002,0,3
495714752,495713352,2162698,2162698,-0.0009356277,0.0001257777,0.0005091802,0.0016261755,0.0007629142,-0.052446738,5009,5009,0,3
496214898,496213594,2162698,2162698,0.0002458343,-6.361574e-05,-0.00021950543,0.0043453784,-0.0035218312,-0.034096412,5015,5015,0,3
496720894,496718818,2162698,2162698,-0.0011025169,-0.00021588359,0.00013101894,0.00031972356,0.0019797503,-0.041732427,4998,4998,0,3
497215177,497214085,2162698,2162698,0.00040650647,-1.8993875e-05,-0.00015132342,-0.0028942751,0.0047741337,-0.038993947,5029,5029,0,3
498221301,498219520,2162698,2162698,0.0017398447,0.00020077966,0.0008927791,-0.004171791,0.0063110385,-0.079038456,5002,5002,0,3
499222122,499219984,2162698,2162698,0.0037330724,0.0008647165,0.0012387774,-0.0028861393,0.001682923,-0.053555284,5003,5003,0,3
500216614,500215460,2162698,2162698,-0.0008588343,0.0018390402,-0.00042543412,0.0006851635,-0.004199797,-0.09061675,5019,5019,0,3
500712081,500710671,2162698,2162698,0.0003007607,0.0016967233,0.00084587804,-0.0030456414,0.013097939,-0.08185244,4996,4996,0,3
501211995,501210928,2162698,2162698,-0.00094649324,0.00069331366,0.0012980603,0.006208901,-0.010170623,-0.06172112,5010,5010,0,3
501712994,501711152,2162698,2162698,0.003847062,0.0014906359,-0.0008905163,0.0070057483,-0.011217196,-0.06298569,5024,5024,0,3
502212550,502211362,2162698,2162698,0.0028712205,0.00075551565,0.0013467448,0.0062361495,-0.0002014616,-0.04333315,5006,5006,0,3
502713705,502711587,2162698,2162698,-0.001855335,-0.0014103083,0.0011246073,0.011349025,-0.0058601284,-0.04010513,5002,5002,0,3
503213566,503211815,2162698,2162698,0.00011889857,-0.0020031023,0.001693935,0.01168273,-0.0033206379,-0.018146578,5002,5002,0,3
503714050,503712043,2162698,2162698,-0.0017229535,-0.00090102374,0.0004985956,0.010775987,-0.003915239,-0.03872053,5002,5002,0,3
504213362,504212271,2162698,2162698,0.0007683779,-0.0008390567,0.0019347029,0.0029145726,0.0042770198,-0.020527508,4997,4997,0,3
504714340,504712497,2162698,2162698,0.0013486302,-0.000512974,0.00047179178,0.0010053777,0.001003971,-0.03372748,4997,4997,0,3
505213818,505212724,2162698,2162698,-0.00028720315,-0.0012577653,0.002374283,-0.0028269396,0.0022613325,-0.027470516,4983,4983,0,3
505714224,505712961,2162698,2162698,-0.00014123459,0.00051557034,0.00064848975,-0.0065576946,0.0003899879,-0.033642568,5010,5010,0,3
506214316,506213176,2162698,2162698,-0.0008571808,0.0026766274,0.0008913377,-0.0076865065,-0.00075203535,-0.08269451,5002,5002,0,3
506715419,506713401,2162698,2162698,-0.0013038279,0.0012136275,0.00076918973,-0.008765394,-0.0024583938,-0.08253162,4992,4992,0,3
507215618,507213626,2162698,2162698,-0.0002066305,0.0014089417,0.0004157773,-0.008799837,-0.0075510847,-0.078896254,5002,5002,0,3
507715069,507713867,2162698,2162698,0.00078882306,0.0018505132,0.00044098316,-0.015302441,-0.0015431909,-0.09717459,5020,5020,0,3
508215321,508214075,2162698,2162698,-0.00026757744,0.0016990621,0.0016844688,-0.004266989,-0.0055058883,-0.072159514,5002,5002,0,3
508715370,508714299,2162698,2162698,-2.7926908e-05,0.0020102186,0.00087356736,-0.0050665652,-0.004095177,-0.07831572,4981,4981,0,3
509215620,509214523,2162698,2162698,-0.0012874046,0.00086651393,0.0010003536,-0.006664808,-0.012879292,-0.044016838,5001,5001,0,3
509715949,509714754,2162698,2162698,0.0016386735,0.00089011894,0.0002276044,-0.013663288,-0.0055748406,-0.03644259,5008,5008,0,3
510216772,510214972,2162698,2162698,-0.0030714935,0.001058091,0.0026451563,-0.0070943786,-0.010344364,-0.059271056,4998,4998,0,3
510716301,510715197,2162698,2162698,0.00012928124,0.0007823569,0.0019614187,-0.0047608055,-0.003209477,-0.04321385,4995,4995,0,3
511216529,511215423,2162698,2162698,-0.00064703805,0.00015656652,0.0015826174,-0.0053620394,-0.0014620754,-0.052157193,4996,4996,0,3
511711805,511710663,2162698,2162698,-0.0008517916,-0.0008412934,0.0016279569,-0.00714637,0.00047023533,-0.033230316,5019,5019,0,3
512712298,512711100,2162698,2162698,-0.0017484712,-0.00067551143,0.00085243786,-0.0069162785,0.00035914234,-0.039268177,4982,4982,0,3
513218213,513216329,2162698,2162698,-0.0015892463,0.0024667599,0.00010454901,-0.00047765946,0.004078774,-0.07570803,4996,4996,0,3
513712728,513711573,2162698,2162698,0.0012099158,0.0013588658,-0.0003556641,0.0022204623,-0.0031591917,-0.08408411,5021,5021,0,3
514218500,514216778,2162698,2162698,0.00057535316,0.000559469,0.00048513335,-0.00091761176,-0.0041683353,-0.06393879,4992,4992,0,3
514719039,514717011,2162698,2162698,-0.00036285887,-0.000527465,0.0010187596,0.001988067,0.0012524951,-0.0429589,5002,5002,0,3
515219209,515217278,2162698,2162698,0.00016308157,-0.0012099936,3.6287787e-05,0.011098926,-0.005839225,-0.025709491,5041,5041,0,3
515719300,515717465,2162698,2162698,-0.00041061811,-0.0013404561,0.0003141603,0.009538623,-0.0038477061,-0.025758065,5002,5002,0,3
516213823,516212690,2162698,2162698,0.00027339862,-0.0011715502,0.00022683524,0.0024753294,-0.0041510775,-0.04327413,5003,5003,0,3
516714013,516712924,2162698,2162698,-0.0012816912,-0.0011075326,0.00040128457,-0.0041501983,-0.0011220651,-0.019047422,5011,5011,0,3
517220077,517218143,2162698,2162698,-0.0015697681,0.0014436404,-0.00039085152,-0.0056020794,0.0005185305,-0.047732987,4996,4996,0,3
517720418,517718368,2162698,2162698,0.00023498428,0.0006635515,-0.00035232247,-0.008925088,-0.00069246045,-0.059919793,5002,5002,0,3
518214855,518213623,2162698,2162698,0.0010723922,0.0008178355,0.0006945506,-0.010970092,-0.0017633109,-0.07285671,5006,5006,0,3
518720766,518718818,2162698,2162698,-4.8928498e-05,0.001176763,3.2710337e-05,-0.010915672,-0.0119879935,-0.060312476,5002,5002,0,3
519215143,519214041,2162698,2162698,0.0049394174,0.0010645613,-0.00037367255,-0.008509129,0.00039876648,-0.05906119,5003,5003,0,3
519715388,519714265,2162698,2162698,-0.0047429274,0.00020191501,0.002901322,-0.0071995934,-0.0010588448,-0.0725187,5003,5003,0,3
520221114,520219486,2162698,2162698,-0.00042368725,-0.0003108081,-0.000661264,-0.004755002,-0.00023563852,-0.043037422,4997,4997,0,3
520715788,520714713,2162698,2162698,-0.0030884997,-0.00064061815,0.0013826569,-0.0075930995,0.00057738373,-0.025247736,5003,5003,0,3
521221923,521219938,2162698,2162698,-0.0030734946,-7.2611656e-05,-0.0002546516,-0.0013686115,-0.001993995,-0.04319577,4995,4995,0,3
521716253,521715160,2162698,2162698,0.0016411436,-0.00024183105,-0.0017634706,-0.0052690785,0.0009846552,-0.047140084,5003,5003,0,3
522216629,522215418,2162698,2162698,0.004688012,-0.00030016562,-0.00021524547,0.0036860364,0.0036445546,-0.061895456,5021,5021,0,3
522711752,522710615,2162698,2162698,0.0003483863,-0.0006827165,-0.00017357973,-0.0036345813,-0.006286128,-0.044233836,5014,5014,0,3
523213091,523210825,2162698,2162698,-0.0008289231,0.0014799449,0.0011387811,-0.00299467,-0.0013865852,-0.059549022,5002,5002,0,3
523713111,523711047,2162698,2162698,-0.002070961,0.0007899114,-0.0004705201,-0.0003380702,-0.010003309,-0.08965406,5002,5002,0,3
524212663,524211269,2162698,2162698,0.0032779751,-0.00026185648,0.0001674093,-0.009917284,-0.001994485,-0.029786732,4991,4991,0,3
524713150,524711491,2162698,2162698,-0.0031621102,-0.0006265827,-0.00023291091,-0.010229749,-0.0067452015,-0.025119893,5002,5002,0,3
525212852,525211713,2162698,2162698,0.0049613253,-0.00013508621,-0.00030447586,-0.009970734,-0.001772592,-0.06275205,5002,5002,0,3
525713832,525711935,2162698,2162698,-0.00493451,-6.800519e-05,0.0012911517,-0.009773481,-0.0035548746,-0.050888915,5003,5003,0,3
526213252,526212158,2162698,2162698,0.0036413895,0.0023756989,-0.00024672507,-0.008591603,-0.00203819,-0.07942032,5003,5003,0,3
526713728,526712388,2162698,2162698,-6.734181e-05,0.0016691785,0.00093562476,0.0014190418,-0.006188845,-0.08012707,4937,4937,0,3
527214285,527212613,2162698,2162698,2.3269948e-05,-0.00032333712,0.0010743311,3.2971726e-05,-0.0018128516,-0.04954101,5006,5006,0,3
528214278,528213065,2162698,2162698,-0.0027133885,-0.0014816857,-0.0001295328,0.0030197143,-0.0016352679,-0.021234969,5013,5013,0,3
528715099,528713275,2162698,2162698,0.0006836919,-0.0008551936,0.0017645613,-0.0017272905,-0.0052628703,-0.033970453,4996,4996,0,3
529215222,529213500,2162698,2162698,0.0007623803,0.0019956378,0.0016407132,-0.0021429604,-0.002077942,-0.05448293,4991,4991,0,3
529715664,529713726,2162698,2162698,-0.0040118257,0.0030570931,0.0020285172,0.018211963,0.0065526236,-0.07470277,5002,5002,0,3
530215024,530213952,2162698,2162698,0.0028455625,-0.00021197883,-0.0006602905,0.011963471,-0.0010056895,-0.07917251,5003,5003,0,3
530715445,530714198,2162698,2162698,-0.002246487,-0.0017412369,-8.0618265e-05,0.0025708594,-0.00267225,-0.019872382,5021,5021,0,3
531215499,531214405,2162698,2162698,0.0007908731,0.0015140754,-0.0006895753,0.010390562,0.0028669252,-0.06033336,4996,4996,0,3
531716715,531714632,2162698,2162698,-0.002236497,0.000656813,-0.0013720132,0.0044408026,0.004391831,-0.05079606,5002,5002,0,3
532216679,532214859,2162698,2162698,0.0006584195,-0.00040578374,-0.0020468233,0.0045977966,-0.0016716579,-0.047348954,5002,5002,0,3
532716179,532715088,2162698,2162698,0.0025428678,-0.00015148529,-0.0020873004,0.004859167,-0.008273938,-0.043184962,5000,5000,0,3
533217287,533215321,2162698,2162698,0.00089243747,0.0025018465,0.00015985023,0.0318044,0.0055555278,-0.076459125,5008,5008,0,3
533717386,533715543,2162698,2162698,-6.086668e-05,0.0021919191,-0.00023818451,0.03706744,-0.015462597,-0.067002915,4981,4981,0,3
534211858,534210771,2162698,2162698,0.002389749,-0.0011365898,0.00051904406,0.0245483,0.004498529,-0.026327895,5007,5007,0,3
535212334,535211225,2162698,2162698,-0.00045518845,-0.00033373886,0.0011787575,0.021217242,0.00579215,-0.03320519,5009,5009,0,3
535718317,535716445,2162698,2162698,-0.00086923846,-0.0013434393,0.0024369021,0.012189852,-0.005986941,-0.00033326368,4989,4989,0,3
536212735,536211668,2162698,2162698,0.0043722186,-2.9153693e-05,-0.00031623294,0.008410904,0.0025749106,-0.02367129,5003,5003,0,3
536713010,536711896,2162698,2162698,-0.0028583307,-0.00011229617,0.0018862255,0.013458778,-0.00014314218,-0.05069441,5007,5007,0,3
537213365,537212118,2162698,2162698,-0.0014459812,0.00078920124,-0.0003208355,0.014844092,0.0008601988,-0.049515456,5006,5006,0,3
537713560,537712354,2162698,2162698,0.0017605235,0.0009527736,-0.0003399719,0.0120865945,-0.0038646683,-0.06437833,5020,5020,0,3
538219416,538217561,2162698,2162698,0.0015856414,0.0010686661,0.0012658222,0.012948574,-0.0014686334,-0.056566164,4997,4997,0,3
538714324,538712781,2162698,2162698,-0.0007958047,0.0008937505,6.9896065e-05,0.019539958,-0.01050222,-0.08201079,5003,5003,0,3
539214120,539213025,2162698,2162698,-0.0008191322,-0.0006606382,0.00020585001,0.01646336,-0.003489785,-0.04237966,5026,5026,0,3
539720250,539718224,2162698,2162698,-3.3192027e-05,-0.00044551335,0.0012327409,0.012692642,0.007974043,-0.021829298,5002,5002,0,3
540214692,540213459,2162698,2162698,-0.0013673782,-0.0009900425,1.5854444e-05,0.015033336,-0.0064739184,-0.032013223,5005,5005,0,3
540720529,540718664,2162698,2162698,0.0034251348,0.0009539003,0.00056299375,0.010825252,0.0019637952,-0.054796785,5002,5002,0,3
541215116,541213887,2162698,2162698,-0.00062856625,0.0007888793,0.0010146543,0.015007503,-0.0017284972,-0.051350314,5009,5009,0,3
541721447,541719101,2162698,2162698,0.00022375053,0.0009321689,0.001080974,0.010945928,-0.0044556945,-0.058724895,5002,5002,0,3
542215731,542214324,2162698,2162698,-0.00017548405,0.00070750975,0.0009777452,0.0060135582,0.0033488194,-0.061467502,5010,5010,0,3
543221356,543219754,2162698,2162698,0.00069243443,0.0008759114,0.0012032249,0.014394604,-0.008651665,-0.047130458,5002,5002,0,3
543716039,543714969,2162698,2162698,-0.0018516188,-0.001664459,0.0015191246,0.0029544577,0.004938552,-0.018413866,4997,4997,0,3
544216474,544215192,2162698,2162698,0.00063059706,-0.0005170225,9.852036e-06,0.010252237,-0.0036345304,-0.021321455,5009,5009,0,3
545211724,545210627,2162698,2162698,-0.002475577,-0.00038612913,0.0023614983,0.008046311,0.0018124706,-0.062381286,5015,5015,0,3
545712123,545710832,2162698,2162698,-0.0011496795,4.184409e-05,0.00060968805,-0.0054802643,0.0012895226,-0.04868314,5005,5005,0,3
546212254,546211043,2162698,2162698,0.00018415808,-1.090057e-05,7.3093586e-05,-0.0136656845,-0.012052145,-0.023216713,5002,5002,0,3
546712362,546711264,2162698,2162698,-0.00059361674,-0.0006502004,0.00046694765,-0.01498495,0.004453584,-0.022972044,5008,5008,0,3
547212622,547211480,2162698,2162698,-0.0016412209,-5.6200355e-05,-0.0014004475,-0.011520572,-0.010721015,-0.021788128,5009,5009,0,3
547712780,547711696,2162698,2162698,0.00051727233,-0.0008280381,-0.0013468295,-0.011212135,-0.0021627694,-0.04086312,4989,4989,0,3
548212984,548211904,2162698,2162698,-0.0031403163,-0.00041404265,0.00049880403,-0.014812454,-0.008252641,-0.029880479,5002,5002,0,3
549213430,549212335,2162698,2162698,0.0012756995,0.007094418,-0.00084119913,0.003850329,-0.0038453066,-0.13871215,4994,4994,0,3
549713692,549712551,2162698,2162698,0.0006018934,0.005542419,-0.00042681978,0.0072966507,-0.009594678,-0.1391299,4996,4996,0,3
550214585,550212761,2162698,2162698,0.0024627454,-0.00043186336,9.8841636e-05,0.0030188593,-0.010268053,-0.04714219,4997,4997,0,3
551214264,551213197,2162698,2162698,-0.0010468002,0.00068457157,0.0007323272,0.0066043786,0.00059106236,-0.06291751,4991,4991,0,3
551715346,551713424,2162698,2162698,0.002504224,0.004223493,0.0013110677,0.01036167,-0.009873198,-0.042170417,5011,5011,0,3
552215901,552213626,2162698,2162698,-0.0017604876,0.003431907,0.0026755694,0.011840062,0.005783667,-0.066634424,5001,5001,0,3
553216068,553214055,2162698,2162698,-0.001946513,-0.001335056,0.002654975,0.014028223,-0.006464013,-0.017774615,5001,5001,0,3
553716581,553714269,2162698,2162698,0.0032871703,0.0013680677,-1.37084735e-05,0.011246903,0.004658859,-0.05833714,5002,5002,0,3
554215595,554214483,2162698,2162698,-0.0018376261,0.0013406521,0.002200999,0.019648163,-0.005504295,-0.049040902,5002,5002,0,3
555216029,555214937,2162698,2162698,-0.0010527159,0.0005659175,0.0008350235,0.012263637,0.004308707,-0.036781453,5028,5028,0,3
556217199,556215338,2162698,2162698,0.0003018589,-0.00037914023,1.033221e-05,0.014134347,0.0038089943,-0.035903975,5004,5004,0,3
557217787,557215761,2162698,2162698,0.001196263,0.00047829933,-0.00054185523,0.00998581,0.0025804993,-0.041878544,5001,5001,0,3
557712045,557710972,2162698,2162698,-0.0003109273,0.0003572154,-0.00086648104,0.015670748,0.0023035,-0.030401314,5002,5002,0,3
558212364,558211190,2162698,2162698,0.0015926465,3.7998576e-05,0.00034027125,0.014854658,-0.001092913,-0.044259362,5008,5008,0,3
558712582,558711451,2162698,2162698,0.00082942325,0.00043820246,-0.0015342551,0.017469915,0.0006331141,-0.029796816,5054,5054,0,3
559218239,559216611,2162698,2162698,-0.0033820223,-0.00042746973,0.0010612269,0.011152914,-0.0035233288,-0.04724517,5001,5001,0,3
559712953,559711823,2162698,2162698,-9.4277326e-05,8.1330955e-07,0.00039600482,0.018415388,0.00036808354,-0.03669055,5004,5004,0,3
560218798,560217043,2162698,2162698,0.0013846337,0.00027534636,-0.002152526,0.020773778,0.0028932285,-0.043582354,4999,4999,0,3
560713404,560712247,2162698,2162698,-0.0013228271,-0.0002532613,0.00011634635,0.014877506,-0.00020983026,-0.040353093,5003,5003,0,3
561213606,561212468,2162698,2162698,2.4797326e-05,-0.0005204784,0.00018177899,0.02090331,0.0040944787,-0.039535973,5012,5012,0,3
561719723,561717672,2162698,2162698,-0.00035198263,-0.0007145829,0.00024322752,0.012050361,-0.0049726446,-0.058862265,4998,4998,0,3
562714181,562713099,2162698,2162698,0.00096732617,-0.0011454179,0.0006966901,0.014104875,0.00020737051,-0.03838641,5006,5006,0,3
563214419,563213307,2162698,2162698,0.0026841355,-0.00010566482,-0.00048076696,0.010985766,-0.004197585,-0.0439989,5003,5003,0,3
563714624,563713518,2162698,2162698,-0.00028663588,-0.00050610723,0.0013462385,0.009343057,-0.0063026156,-0.045978643,5002,5002,0,3
564214814,564213730,2162698,2162698,0.00060579705,-0.0008239493,0.0008088547,0.009486325,-0.009219237,-0.014777982,4996,4996,0,3
564715029,564713947,2162698,2162698,-0.0005481984,0.0010009278,0.0006430444,0.0010263323,0.0055289916,-0.052428756,5004,5004,0,3
565215233,565214160,2162698,2162698,-0.0011411763,0.0011377343,0.00016446084,0.007285601,-0.0033508027,-0.07009778,4997,4997,0,3
565715490,565714364,2162698,2162698,-0.00030673222,0.0011773483,-0.0003517262,0.008647774,-0.0057780314,-0.07774101,4996,4996,0,3
566715899,566714793,2162698,2162698,-0.0014026836,0.0012732408,0.0016450271,0.00531499,-0.012422227,-0.064750776,5009,5009,0,3
567216171,567215000,2162698,2162698,-0.0015081323,0.0010963607,0.00040430768,0.0023570685,-0.00063616753,-0.049572427,5006,5006,0,3
567722211,567720223,2162698,2162698,-0.0014041215,0.0011175827,0.0011985378,0.0060554603,0.0007706685,-0.05471298,5005,5005,0,3
568222162,568220428,2162698,2162698,-0.0011745625,0.0015868,8.287484e-05,0.013265165,-0.007595526,-0.06404393,5010,5010,0,3
568711765,568710633,2162698,2162698,-0.0033888551,-0.0026064727,0.0005716,0.012776005,-0.0060975775,-0.034567583,5008,5008,0,3
569211925,569210841,2162698,2162698,0.002053271,-0.0010871043,-0.0007223268,0.011505958,-0.003123991,-0.029922485,4996,4996,0,3
569712731,569711047,2162698,2162698,-0.0006042241,-0.0011833861,-0.00039101328,0.01323868,-0.007096724,-0.02914773,5002,5002,0,3
570212359,570211287,2162698,2162698,0.000709025,-0.0014484415,0.00028079207,0.0067922696,0.0061164303,-0.028989047,4980,4980,0,3
570713450,570711467,2162698,2162698,0.001111902,-0.0013226245,-0.00013344511,-0.00040724818,0.0034992734,-0.028313441,5002,5002,0,3
571212768,571211680,2162698,2162698,0.001137384,-0.00013749582,0.0002655221,0.004173797,-0.0017613317,-0.02532264,5005,5005,0,3
571713055,571711893,2162698,2162698,-0.00013481246,0.00095283316,0.00044731368,-0.0032054,0.0044410774,-0.062220786,5003,5003,0,3
572213875,572212095,2162698,2162698,0.0010883055,0.0008516336,7.320385e-05,0.00056022406,-0.007642517,-0.067413636,5002,5002,0,3
572713525,572712321,2162698,2162698,0.00077691226,0.0006275013,0.00032884054,0.0001058213,-0.0052277097,-0.05445389,5002,5002,0,3
573213632,573212513,2162698,2162698,0.0017644508,0.0011751477,0.00048693604,-0.0037738332,-0.010236857,-0.06390088,5002,5002,0,3
573714514,573712747,2162698,2162698,-0.0012800794,0.00033159167,0.0011400447,-0.005340288,0.0042650113,-0.056901526,5023,5023,0,3
574214032,574212935,2162698,2162698,-0.0020446915,0.0007871547,-3.7505195e-06,0.00069244223,-0.004735369,-0.06159442,5007,5007,0,3
574714296,574713143,2162698,2162698,0.0028854765,0.0008484464,0.0010862584,-0.0034024764,0.0056367246,-0.045861546,4976,4976,0,3
575214582,575213346,2162698,2162698,-0.0049294736,-0.00023349498,0.0011241204,0.004328566,-0.0035653247,-0.11366006,5002,5002,0,3
575715408,575713554,2162698,2162698,0.0032384535,0.0013083004,0.000108447464,0.0030925712,0.0092364475,-0.049174167,5002,5002,0,3
576215008,576213767,2162698,2162698,-0.0015875583,0.0013243875,0.0020175173,0.0074017197,-0.0010642394,-0.046987344,5005,5005,0,3
576716171,576713970,2162698,2162698,0.0011370352,0.0016319504,0.0010648108,0.010788474,-0.006352068,-0.06355538,5002,5002,0,3
577215243,577214178,2162698,2162698,-0.0013856438,-4.971216e-05,0.0025032172,0.0033063395,0.0044965358,-0.051790018,4996,4996,0,3
577716527,577714393,2162698,2162698,-0.0014060029,0.00012422008,0.000825776,0.008420049,-0.0059052194,-0.053143676,4986,4986,0,3
578716719,578714801,2162698,2162698,-0.0056785457,-0.0012692472,0.00065161433,0.009087459,-0.0036314162,-0.0762748,4974,4974,0,3
579216110,579215008,2162698,2162698,0.0047777146,0.00048379513,2.9273493e-05,0.00184406,0.0038699019,-0.022108993,4995,4995,0,3
580217257,580215473,2162698,2162698,0.00013863003,0.00053138944,0.002485336,-0.0034871332,0.0022723456,-0.043046802,5052,5052,0,3
580711807,580710639,2162698,2162698,0.0018601149,0.0015101754,0.0010989786,-0.0004095157,0.0015208479,-0.049197253,5014,5014,0,3
581217679,581215848,2162698,2162698,-0.0004895707,0.0008116296,0.0015451841,-0.005732526,-0.0028335757,-0.06434076,4989,4989,0,3
581718133,581716043,2162698,2162698,-0.0020908557,0.00032322697,0.0022194686,-0.008434952,0.0028541815,-0.06497836,5002,5002,0,3
582212343,582211251,2162698,2162698,-0.0019684373,0.00035381434,0.0013449528,-0.003675388,0.0033301087,-0.065130964,5006,5006,0,3
582718671,582716463,2162698,2162698,-0.003698703,0.00179997,0.0010009757,-0.0032984319,-0.004566229,-0.07111731,5003,5003,0,3
583713228,583711928,2162698,2162698,-0.0005980319,0.00045581855,0.002421542,-0.007638843,-0.0017212471,-0.07456481,5058,5058,0,3
584213335,584212071,2162698,2162698,0.0020777832,-0.0013391152,0.001394728,-0.0088965595,-0.0040781745,-0.004650249,5002,5002,0,3
584719419,584717278,2162698,2162698,-0.00024384102,-0.001132837,0.0025749183,-0.0060602715,0.0024375096,-0.056434587,5001,5001,0,3
585219281,585217484,2162698,2162698,0.005698018,0.0002281514,-0.0014557531,-0.003887693,-0.0039359313,-0.0077828737,5002,5002,0,3
585714113,585712691,2162698,2162698,-0.0027383443,0.0019399117,0.003045157,-0.0070834975,0.0073093725,-0.03677605,5006,5006,0,3
586214110,586212892,2162698,2162698,-0.003780356,0.00094554725,-0.00028082498,-0.004071377,-0.0089883935,-0.07272486,5002,5002,0,3
587220136,587218304,2162698,2162698,-0.0036980002,-0.00064468686,6.7426365e-05,-0.0076782117,-0.004752697,-0.03911771,5001,5001,0,3
587720619,587718510,2162698,2162698,0.0020374418,1.1002924e-05,-0.0013208268,-0.009235018,0.004389005,-0.043542087,4996,4996,0,3
588220414,588218714,2162698,2162698,-0.00032690357,0.00022560636,-0.00055614987,-0.0035329992,-0.001876378,-0.060951617,5001,5001,0,3
588720954,588718920,2162698,2162698,0.0017633131,0.00031294636,0.00047895627,-0.005571667,0.0010229097,-0.06176497,4997,4997,0,3
589715577,589714370,2162698,2162698,-0.00070993503,6.404878e-05,-0.0010347636,-0.0028431641,-0.005028703,-0.08079588,5038,5038,0,3
590221303,590219535,2162698,2162698,0.0008090987,0.00011718725,0.001158919,-0.002097147,-0.0028342183,-0.044424586,4988,4988,0,3
590716172,590714744,2162698,2162698,-0.0012649214,0.00055463635,-0.0009031277,-0.004875414,-0.0044192555,-0.058641225,5007,5007,0,3
591222115,591219944,2162698,2162698,0.0020388123,0.00020028962,0.0013446514,-0.0073677036,0.013933831,-0.04257027,5002,5002,0,3
591711273,591710150,2162698,2162698,-0.00093179423,0.00020490181,0.0002671824,-0.00793551,0.001620724,-0.062018856,5007,5007,0,3
592216546,592215358,2162698,2162698,0.0021495363,0.00070350803,-0.00072404766,-0.010306457,-0.0006176876,-0.06770037,5009,5009,0,3
592711801,592710574,2162698,2162698,0.00074441923,-0.00031308032,0.0006712842,-0.006196502,-0.008486023,-0.03808631,5018,5018,0,3
593212037,593210765,2162698,2162698,0.0024717022,0.00036821797,-0.00058283884,-0.011587952,-0.0024123916,-0.05915297,5008,5008,0,3
594712512,594711374,2162698,2162698,-0.0040618386,-0.0014882347,0.00201614,-0.0065215365,0.0007353945,-0.06485489,5002,5002,0,3
595712925,595711797,2162698,2162698,0.0021544932,-0.00013075418,-0.00066869543,-0.012507377,-0.00019555372,-0.09163781,5006,5006,0,3
596213770,596211989,2162698,2162698,-0.004673475,0.0033357476,0.0022155973,-0.010775064,-0.0013652226,-0.10442214,5001,5001,0,3
596714368,596712201,2162698,2162698,0.0036282192,0.002733937,-0.0013727684,-0.003096901,-0.000392495,-0.09181931,5008,5008,0,3
597213521,597212404,2162698,2162698,0.0020544564,-0.0015372122,0.0013058275,-6.6094246e-05,0.002797859,-0.016045135,5005,5005,0,3
597713777,597712601,2162698,2162698,-0.0009926566,-0.0016933059,-0.0006355092,0.0021357893,-0.0008639721,-0.039770268,4991,4991,0,3
598214040,598212833,2162698,2162698,0.0005866106,-0.001697791,0.0018820025,0.000539485,-0.0020018087,-0.027787328,4976,4976,0,3
598714931,598713018,2162698,2162698,-0.00096152275,-0.0004234598,-0.0023804742,0.006201491,-0.011479377,-0.03573283,5002,5002,0,3
599214328,599213225,2162698,2162698,0.0029807738,0.0006195831,0.00033219386,-0.0011645193,0.012400005,-0.05395294,4989,4989,0,3
599715257,599713430,2162698,2162698,-0.003024752,0.00017796883,0.0016412552,0.0032346412,-0.0017762075,-0.07254393,5001,5001,0,3
600215602,600213635,2162698,2162698,-0.0035796876,0.00078795257,8.906092e-05,0.00050508487,-0.0043420275,-0.057663362,5001,5001,0,3
600715803,600713842,2162698,2162698,0.00021634984,-0.001279029,0.00094370294,-0.0029711681,0.0160887,-0.030402843,5002,5002,0,3
601216066,601214048,2162698,2162698,-0.0018058603,0.0012196781,-0.001008246,-0.0057381587,-0.006019554,-0.049383804,5002,5002,0,3
601715371,601714261,2162698,2162698,0.0023053896,0.00075403025,-0.00078698073,-0.0059389137,0.0062996135,-0.07001625,5008,5008,0,3
602216227,602214461,2162698,2162698,0.0023185406,0.00047928203,0.0011363076,-0.0017309823,0.00028627992,-0.045675367,4995,4995,0,3
602716518,602714668,2162698,2162698,-0.0024353482,0.00021194658,-0.0006436363,-0.0076118894,-0.0010448257,-0.03518969,4998,4998,0,3
603216894,603214902,2162698,2162698,-0.00086631556,0.0015903696,0.001498055,-0.0017206864,-0.00085537555,-0.06406115,5024,5024,0,3
604216419,604215298,2162698,2162698,0.0021382822,0.00012125746,0.0005903809,-0.0060274047,0.0048573,-0.042131193,5003,5003,0,3
604711629,604710499,2162698,2162698,-0.0017995065,-0.0008855531,-0.0025649993,-0.005839391,-0.0016326396,-0.058100794,5002,5002,0,3
605217347,605215710,2162698,2162698,-0.0014700941,-0.0010904006,0.0010551598,0.0036446967,-0.00046650274,-0.05047774,5002,5002,0,3
605712009,605710925,2162698,2162698,0.00089286186,-6.599422e-05,-0.0003611256,0.0017987918,0.00040865023,-0.04341877,5008,5008,0,3
606218054,606216132,2162698,2162698,-0.00041331138,0.00077022164,0.0007756742,0.014515583,0.012226349,-0.06028254,4981,4981,0,3
606712431,606711342,2162698,2162698,0.00089388696,-0.0006802547,-0.0022796504,0.010525843,0.013928225,-0.019968087,4989,4989,0,3
607212812,607211559,2162698,2162698,-0.000625626,-0.0011778855,-0.0006811604,0.036050025,-0.048064172,-0.02428349,5008,5008,0,3
608213125,608211982,2162698,2162698,-0.003222602,-0.00030619052,-0.0014002245,0.036288932,-0.035176426,-0.04571349,5007,5007,0,3
609219376,609217418,2162698,2162698,-0.00087427226,0.0012785473,-0.0013193672,0.013279813,-0.030056372,-0.066523425,5020,5020,0,3
609713709,609712612,2162698,2162698,-0.002093977,-0.003280061,0.004661868,2.9561366e-05,-0.011718464,-0.0667957,5002,5002,0,3
610219662,610217826,2162698,2162698,0.007214145,0.0010354136,0.0011987049,0.012846416,0.03790836,-0.06098062,4948,4948,0,3
610719934,610718038,2162698,2162698,-0.004986727,0.0034682124,-0.0024199833,0.026427172,-0.045946877,-0.12149705,5002,5002,0,3
611214412,611213254,2162698,2162698,0.0036776348,0.0008979053,-0.0009921199,0.01002229,-0.041006677,-0.06442855,5001,5001,0,3
611714745,611713505,2162698,2162698,0.015937261,-0.0044870027,0.0053511593,0.0231015,0.063014336,0.027045136,5015,5015,0,3
612214834,612213678,2162698,2162698,0.03594978,0.00093116844,0.008373666,0.019056965,0.07674268,-0.1017457,5007,5007,0,3
612715230,612713892,2162698,2162698,0.025146306,0.010625561,0.007413645,-0.0064049033,0.055901874,-0.25499776,5009,5009,0,3
613221028,613219100,2162698,2162698,0.0032677092,0.0024065617,0.0011273016,0.023738949,-0.008351946,-0.15846609,5002,5002,0,3
613715716,613714321,2162698,2162698,0.010685239,-0.00091648014,-0.005354171,0.0041809515,0.016833693,-0.19304204,5004,5004,0,3
614221340,614219537,2162698,2162698,-0.000668645,-0.0026151524,4.070801e-05,0.0064625633,0.038545344,-0.00014491264,5005,5005,0,3
615221859,615219957,2162698,2162698,-0.009917026,-0.0007679169,-0.0012403345,-0.00392492,0.06342586,-0.040291354,5002,5002,0,3
616216567,616215408,2162698,2162698,-0.0069876765,0.003108738,0.0019128297,0.014521061,0.04772372,-0.082586884,5016,5016,0,3
616711706,616710606,2162698,2162698,0.003411012,-0.00021263244,-0.0010034378,0.002624264,0.017449234,-0.053950988,5005,5005,0,3
617211930,617210818,2162698,2162698,-0.0003759326,-0.0011280229,-0.0009012003,0.006171103,0.0025466888,-0.041281078,4969,4969,0,3
617712344,617711041,2162698,2162698,0.0042006564,-0.019597951,0.001953617,-0.00015694513,-0.0020356486,-0.007050484,5007,5007,0,3
618212376,618211260,2162698,2162698,0.0015991678,0.0035881156,-0.0017427672,-0.023711124,-0.008066392,-0.027291853,5007,5007,0,3
618712742,618711482,2162698,2162698,-0.00043910975,-0.00012230681,-5.2467e-05,0.0058746077,0.005985208,-0.034317203,5008,5008,0,3
619213347,619211696,2162698,2162698,-7.415701e-05,-2.4660752e-05,2.16615e-05,5.8288155e-05,0.0077471784,-0.04765634,4996,4996,0,3
619713037,619711927,2162698,2162698,2.0529798e-05,6.2099876e-05,-2.8433946e-05,-4.917512e-05,0.007549253,-0.04717781,4960,4960,0,3
620213957,620212141,2162698,2162698,-6.2390274e-05,8.771152e-06,4.0534255e-06,4.3107877e-05,0.007856408,-0.04812802,5002,5002,0,3
620713547,620712374,2162698,2162698,1.2456449e-05,2.3803017e-05,-5.4171553e-05,0.00030776372,0.0076354872,-0.047961045,5006,5006,0,3
621213877,621212592,2162698,2162698,-4.4954944e-05,1.9289453e-05,-4.3406613e-05,0.00034989728,0.007868058,-0.0469585,5006,5006,0,3
621714197,621712819,2162698,2162698,1.2430649e-05,-2.2255642e-06,-7.247274e-06,0.00020069591,0.008309925,-0.04786657,5008,5008,0,3
622214287,622213045,2162698,2162698,2.6082736e-05,3.972899e-05,-1.9883828e-05,0.00013847137,0.007870888,-0.047526613,4998,4998,0,3
622714375,622713272,2162698,2162698,-3.523296e-05,2.9881583e-05,-1.2462141e-05,0.00018401569,0.007804467,-0.047796242,5009,5009,0,3
623214609,623213517,2162698,2162698,-1.1069983e-05,-2.022773e-06,-6.405631e-05,5.2514937e-05,0.007681735,-0.04756144,5027,5027,0,3
623714944,623713751,2162698,2162698,-4.1023904e-05,1.6401951e-05,6.8302447e-06,0.0002590338,0.0081627695,-0.047951534,5033,5033,0,3
624215021,624213949,2162698,2162698,-3.037682e-05,1.50858195e-05,1.9998517e-05,-1.5239005e-05,0.0075163785,-0.047378615,4997,4997,0,3
624715275,624714179,2162698,2162698,-2.7391422e-06,-1.7400334e-05,9.3122115e-05,0.00023159124,0.007565741,-0.047516707,4963,4963,0,3
625215558,625214409,2162698,2162698,-6.254352e-05,-3.0926876e-06,1.6361033e-05,6.0613744e-05,0.007633374,-0.047362745,5002,5002,0,3
626716211,626715110,2162698,2162698,-3.9785114e-05,1.3428403e-06,1.497955e-05,0.00013015825,0.0074755875,-0.04775661,5009,5009,0,3
627216433,627215343,2162698,2162698,2.095596e-05,2.4364288e-06,3.5101493e-05,9.70821e-05,0.0077940756,-0.047616504,5002,5002,0,3
627711710,627710570,2162698,2162698,-5.1078136e-05,-4.069566e-06,1.0610843e-05,0.00023067024,0.0077320305,-0.047733516,5005,5005,0,3
628211863,628210802,2162698,2162698,-4.5864046e-05,1.1716647e-05,1.1690479e-05,0.00023575425,0.0077985637,-0.047466505,4992,4992,0,3
628712112,628711037,2162698,2162698,-1.3638704e-05,2.1935235e-05,7.8481844e-07,0.00013361154,0.007763622,-0.04750337,5002,5002,0,3
629212414,629211273,2162698,2162698,-9.2172495e-06,1.2771096e-06,1.8477069e-05,0.00016848254,0.007650584,-0.047323532,4966,4966,0,3
630212943,630211750,2162698,2162698,-2.6192745e-05,-1.3170554e-05,3.6925758e-05,0.0001628318,0.007543189,-0.047654264,5004,5004,0,3
630713203,630712032,2162698,2162698,-1.989665e-05,6.6262546e-06,1.0874437e-05,0.00025223955,0.0077597327,-0.048137862,5043,5043,0,3
631213483,631212232,2162698,2162698,-1.1337383e-05,9.224483e-06,5.18038e-07,0.0002746094,0.00779679,-0.047823004,5002,5002,0,3
631713784,631712462,2162698,2162698,-1.8499737e-05,-2.8815211e-06,4.0190436e-05,0.00014806887,0.0077747293,-0.04774338,5002,5002,0,3
632214002,632212709,2162698,2162698,-1.6477172e-05,1.7657067e-05,-3.8737708e-06,0.00021853446,0.0074390257,-0.04763,5009,5009,0,3
632714117,632712944,2162698,2162698,-2.7720183e-05,8.171887e-06,-1.0506714e-06,0.0003670386,0.007464049,-0.047733087,5003,5003,0,3
633214344,633213185,2162698,2162698,-4.9579907e-05,1.303152e-05,1.3728388e-05,0.00033627512,0.0074188123,-0.047796182,5003,5003,0,3
633714512,633713427,2162698,2162698,-4.814934e-05,-7.8982e-06,4.6593905e-05,0.00032458952,0.0075528207,-0.04792926,5002,5002,0,3
634214819,634213670,2162698,2162698,-1.5842548e-05,1.4692115e-05,7.680337e-06,8.9940964e-05,0.007467353,-0.047599915,5003,5003,0,3
634715125,634713913,2162698,2162698,-1.5053225e-05,3.292686e-05,-5.411301e-06,0.00023843042,0.007560514,-0.047705065,5003,5003,0,3
635215245,635214163,2162698,2162698,-7.995878e-06,5.9429776e-06,1.444781e-05,0.00030487636,0.007441028,-0.047563575,5003,5003,0,3
635715623,635714418,2162698,2162698,-9.325087e-06,2.5580517e-05,-7.5830953e-06,0.0001593632,0.0076348106,-0.047887318,5016,5016,0,3
636215724,636214647,2162698,2162698,-1.3899589e-05,4.677986e-06,9.012228e-06,0.00024737226,0.0075441967,-0.04772825,4999,4999,0,3
637216223,637215139,2162698,2162698,-1.3853385e-05,1.0708918e-05,1.4159487e-05,0.00036837405,0.0074366597,-0.04795138,5002,5002,0,3
637716683,637715404,2162698,2162698,-2.9835437e-05,8.14215e-07,3.1560256e-05,0.0002673588,0.007664677,-0.047912933,5001,5001,0,3
638211730,638210657,2162698,2162698,-1.988194e-05,-4.11841e-06,4.1390853e-05,0.000359767,0.0073886598,-0.04791638,5008,5008,0,3
638711998,638710898,2162698,2162698,-2.3773964e-05,1.7186925e-05,2.1076437e-06,0.00017554985,0.007738149,-0.04795132,5020,5020,0,3
639212588,639211136,2162698,2162698,-3.7567017e-05,1.2964363e-05,3.4640957e-06,0.0002907725,0.0074625285,-0.04782885,5009,5009,0,3
639712492,639711391,2162698,2162698,-2.323546e-05,2.598006e-05,-2.9468361e-05,0.0003254504,0.007477694,-0.04760973,4993,4993,0,3
640212775,640211633,2162698,2162698,-0.00013885893,9.223676e-06,4.1166742e-05,0.0005901099,0.007500418,-0.04899091,5006,5006,0,3
640713267,640711881,2162698,2162698,-7.08562e-05,-1.5469752e-05,9.282835e-06,0.00032177762,0.0076857163,-0.047690004,5003,5003,0,3
641213243,641212139,2162698,2162698,-4.5995832e-05,3.2693756e-06,3.871478e-05,0.00028502976,0.0077227256,-0.047871508,5009,5009,0,3
642213764,642212672,2162698,2162698,-2.3905153e-05,3.08556e-05,-7.4952055e-05,0.00031834765,0.00789321,-0.04820269,5038,5038,0,3
642714003,642712896,2162698,2162698,-4.7887712e-05,3.8647777e-05,9.3005605e-05,-0.00023078836,0.007955045,-0.046949796,5000,5000,0,3
643214463,643213147,2162698,2162698,2.3072454e-05,-1.477381e-06,-8.180183e-06,-0.00020851141,0.008324732,-0.0473573,5006,5006,0,3
643714478,643713401,2162698,2162698,-2.0569807e-06,1.548391e-05,-1.8259452e-05,0.00017975691,0.008292531,-0.04672831,4969,4969,0,3
644214888,644213669,2162698,2162698,-7.057953e-06,-8.483838e-06,2.9038536e-05,1.6513068e-06,0.008264861,-0.047945723,5011,5011,0,3
644715065,644713912,2162698,2162698,-6.170271e-06,2.6658981e-05,6.2286576e-06,0.0001476468,0.008044762,-0.047571912,5006,5006,0,3
645215329,645214168,2162698,2162698,-3.0870182e-05,-4.656775e-06,7.1605355e-05,3.286391e-05,0.008323396,-0.047472946,5006,5006,0,3
645715634,645714438,2162698,2162698,-3.703475e-05,7.446674e-06,6.2201702e-06,-4.1492203e-05,0.007752182,-0.04741947,5020,5020,0,3
646716038,646714942,2162698,2162698,6.9413345e-06,2.0508009e-05,1.21669045e-05,0.00021160425,0.008125833,-0.047662023,5005,5005,0,3
647216277,647215194,2162698,2162698,-1.444498e-05,7.970514e-06,7.0962624e-06,0.0002844178,0.0080832755,-0.04775853,5003,5003,0,3
647711664,647710457,2162698,2162698,-5.8814403e-05,-5.4886295e-06,-2.6274576e-05,7.32462e-05,0.008120345,-0.0477789,5010,5010,0,3
648211777,648210714,2162698,2162698,-3.1124455e-05,-1.8327593e-06,3.2795808e-05,-1.5525583e-06,0.008770464,-0.048705682,5008,5008,0,3
648712052,648710968,2162698,2162698,-5.9275544e-06,1.8871358e-05,-3.971564e-06,7.450769e-05,0.008004384,-0.047860675,5002,5002,0,3
649212601,649211228,2162698,2162698,-1.3199481e-05,1.9927387e-05,8.601332e-06,0.00015162697,0.007976183,-0.04749865,5002,5002,0,3
649712579,649711490,2162698,2162698,-1.2303985e-05,5.3429885e-06,1.1183086e-05,0.00019821046,0.007923444,-0.04751835,4996,4996,0,3
650212841,650211750,2162698,2162698,-1.1872522e-05,2.343673e-06,-6.321021e-06,0.0001589,0.008047282,-0.047782883,4996,4996,0,3
650713197,650712019,2162698,2162698,3.2693242e-05,1.7675806e-05,-4.7925264e-06,6.046325e-05,0.008236747,-0.04783096,5009,5009,0,3
651213343,651212269,2162698,2162698,1.5504776e-05,2.23027e-05,-2.4210636e-05,0.00036364782,0.008022297,-0.047693264,4996,4996,0,3
651713655,651712542,2162698,2162698,1.5306596e-05,1.3739586e-05,9.930048e-06,4.945749e-05,0.007876884,-0.047799114,5006,5006,0,3
652214007,652212809,2162698,2162698,-5.1979943e-05,1.46323655e-05,1.04845e-05,0.00013365016,0.0078637935,-0.047864843,5010,5010,0,3
652714301,652713066,2162698,2162698,-2.1404852e-05,9.502388e-06,2.5225503e-05,1.6406142e-05,0.0080256155,-0.047692403,5003,5003,0,3
653214440,653213330,2162698,2162698,1.0002842e-05,5.7142147e-06,-8.806377e-06,0.0001597724,0.008060489,-0.04773191,5002,5002,0,3
653714777,653713596,2162698,2162698,-2.3304598e-05,1.2131633e-06,3.8673785e-05,-6.4868686e-06,0.008166544,-0.04764391,4998,4998,0,3
654214929,654213862,2162698,2162698,-2.6561482e-05,-9.700524e-06,2.4767376e-05,0.00024122902,0.008120203,-0.04765124,4996,4996,0,3
654715258,654714131,2162698,2162698,-2.8608132e-05,1.3941882e-05,-3.5650726e-06,0.0001277902,0.0081118895,-0.048106484,4993,4993,0,3
655215568,655214404,2162698,2162698,-2.5643274e-05,3.618512e-06,3.6678222e-05,0.00017317604,0.00803735,-0.04757082,4990,4990,0,3
655715898,655714679,2162698,2162698,-3.0273304e-05,1.3899284e-05,4.2531097e-05,8.784523e-05,0.007999039,-0.0476342,5020,5020,0,3
656216039,656214929,2162698,2162698,-1.184334e-05,4.9804034e-06,3.4165805e-05,9.341953e-05,0.00799347,-0.0478568,4996,4996,0,3
656716420,656715206,2162698,2162698,-4.614087e-06,-5.025655e-06,3.5287652e-05,0.00016161629,0.008130376,-0.047541305,5011,5011,0,3
657711988,657710739,2162698,2162698,-7.4064155e-06,-9.076665e-06,1.4035699e-05,0.00010853699,0.008126176,-0.047916237,5009,5009,0,3
658212184,658211002,2162698,2162698,1.2702038e-05,-6.708711e-06,2.6978869e-05,4.855552e-05,0.008162771,-0.047790267,5002,5002,0,3
658712503,658711323,2162698,2162698,-3.0449592e-05,1.5584037e-05,2.8265356e-06,0.0001378659,0.007834941,-0.048354916,5053,5053,0,3
659212813,659211550,2162698,2162698,-2.7342337e-05,-1.0227119e-05,3.259394e-05,4.7453872e-05,0.008132174,-0.04784599,5009,5009,0,3
659713136,659711821,2162698,2162698,9.3722565e-06,2.4534967e-05,-3.0789455e-05,1.8835748e-05,0.007957189,-0.0478674,4999,4999,0,3
660213168,660212087,2162698,2162698,-7.035248e-06,1.4368638e-05,1.7220362e-05,3.0541407e-05,0.008013487,-0.047833093,5003,5003,0,3
660713549,660712388,2162698,2162698,-1.3990885e-05,4.8087895e-06,1.7988197e-05,0.00021537389,0.007953424,-0.047835074,5020,5020,0,3
661213886,661212632,2162698,2162698,-1.3503933e-05,2.272803e-06,2.268177e-05,6.1931656e-05,0.007888998,-0.04753107,5003,5003,0,3
661713987,661712905,2162698,2162698,2.645863e-05,2.3183022e-05,-9.4266015e-06,5.7368197e-05,0.007874618,-0.047602333,4989,4989,0,3
662214265,662213196,2162698,2162698,-1.7328724e-05,-8.607545e-07,2.3406901e-05,0.0003510525,0.007824509,-0.047989573,5008,5008,0,3
662714573,662713460,2162698,2162698,-2.6662883e-05,-1.5932137e-06,3.296e-05,0.0003070616,0.0077975485,-0.047625657,5001,5001,0,3
663214942,663213728,2162698,2162698,-1.0914053e-05,4.7332264e-06,2.555029e-05,0.00018479394,0.007869357,-0.04770588,5003,5003,0,3
663715261,663714018,2162698,2162698,7.17271e-05,2.1111977e-05,2.1989315e-05,0.00014735102,0.007825011,-0.047972918,5004,5004,0,3
664215525,664214284,2162698,2162698,-1.9543257e-05,1.0863564e-06,1.6874345e-05,0.00037388894,0.007680587,-0.04805574,5008,5008,0,3
664715759,664714559,2162698,2162698,-8.292135e-06,-3.6570002e-06,2.757724e-05,0.00024338387,0.0076822657,-0.04783013,5006,5006,0,3
665215963,665214844,2162698,2162698,-1.3310834e-05,1.210057e-05,-1.5084524e-05,0.00029838464,0.007642993,-0.04762324,4987,4987,0,3
665716237,665715116,2162698,2162698,2.5860243e-06,8.497806e-06,5.9798826e-06,0.00022527295,0.007561134,-0.0479549,5009,5009,0,3
666216740,666215414,2162698,2162698,4.481476e-06,1.5362524e-06,2.84724e-05,0.0003361479,0.0075122863,-0.04808986,5010,5010,0,3
666711893,666710663,2162698,2162698,-9.696287e-06,3.2132593e-07,2.7171227e-05,0.00033126,0.00775286,-0.047599535,4996,4996,0,3
667712455,667711221,2162698,2162698,-8.03291e-06,1.785338e-05,1.1992265e-05,0.0003207052,0.0075831893,-0.047849946,5003,5003,0,3
668212886,668211501,2162698,2162698,-2.253852e-05,6.654502e-06,6.976379e-06,0.0003071986,0.0075341472,-0.047699302,5003,5003,0,3
668712871,668711796,2162698,2162698,-2.2534537e-05,1.8864275e-06,2.422259e-05,0.00027422127,0.0075716255,-0.047971897,5010,5010,0,3
669213310,669212062,2162698,2162698,-9.997138e-06,-4.856059e-07,2.1954427e-05,0.0002953117,0.0075661936,-0.04785634,4995,4995,0,3
669713486,669712347,2162698,2162698,2.2131611e-05,9.191849e-06,1.611603e-05,0.00034758518,0.007749661,-0.04790577,5006,5006,0,3
670213698,670212626,2162698,2162698,-4.0703362e-05,-1.205269e-06,3.861093e-05,0.0002919422,0.0075565926,-0.04751156,5002,5002,0,3
670714138,670712914,2162698,2162698,-4.3971453e-05,7.0643086e-06,2.378255e-05,0.00020677711,0.0077502024,-0.047696255,5009,5009,0,3
671214262,671213191,2162698,2162698,2.1970504e-06,-1.2640071e-06,1.30770295e-05,0.00027110273,0.007471554,-0.047751654,4993,4993,0,3
671714654,671713469,2162698,2162698,-1.1207712e-05,2.4243789e-06,1.828073e-05,0.00011872551,0.0076021235,-0.04761026,4991,4991,0,3
672214852,672213758,2162698,2162698,-2.8526227e-05,-4.188867e-06,2.52002e-05,0.00019269438,0.0074599353,-0.04764567,5003,5003,0,3
672715226,672714042,2162698,2162698,-2.7176695e-05,6.0055563e-06,1.4158069e-05,0.00015198681,0.0076365494,-0.04780284,4996,4996,0,3
673215403,673214327,2162698,2162698,-2.8932325e-05,6.5002055e-06,1.1355035e-05,0.00034150397,0.007600746,-0.0476519,4991,4991,0,3
673715710,673714614,2162698,2162698,-3.131994e-05,6.6538287e-06,1.1877854e-05,0.00016903911,0.007502015,-0.047948785,4988,4988,0,3
674216001,674214898,2162698,2162698,-1.4229153e-05,-3.9613205e-06,1.800224e-05,0.00025773342,0.0074630342,-0.047881827,5003,5003,0,3
674716291,674715184,2162698,2162698,-4.611883e-06,-1.2927384e-05,2.0742982e-06,0.00037463012,0.007476014,-0.04780867,4995,4995,0,3
675216591,675215494,2162698,2162698,2.4819861e-05,-2.607097e-06,2.6828719e-05,0.0003394291,0.0074923434,-0.047563665,4986,4986,0,3
675711894,675710764,2162698,2162698,-2.1784854e-05,-3.841066e-06,6.769475e-05,0.00034300337,0.007370971,-0.048098456,5005,5005,0,3
676212104,676211042,2162698,2162698,5.677698e-05,-6.538263e-06,1.1532109e-05,0.0003374011,0.0074589197,-0.04777414,5003,5003,0,3
676712558,676711340,2162698,2162698,-1.0036954e-05,-1.4605557e-06,3.2763794e-05,0.00019429742,0.007697836,-0.04790349,5013,5013,0,3
677212740,677211618,2162698,2162698,-3.23754e-06,2.217564e-05,1.6926222e-05,0.0003373038,0.007707469,-0.04807105,5003,5003,0,3
677713154,677711908,2162698,2162698,2.7720715e-05,5.825663e-06,-1.124203e-05,0.0003156676,0.0074374815,-0.047810547,5004,5004,0,3
678213344,678212218,2162698,2162698,3.9887233e-05,1.9516767e-05,-2.5465702e-05,8.48037e-05,0.007042053,-0.0475998,5025,5025,0,3
678713836,678712486,2162698,2162698,-0.00025846093,1.4188343e-05,-1.8498095e-05,0.0004810262,0.006092218,-0.048105832,4987,4987,0,3
679213864,679212776,2162698,2162698,0.00033810342,2.0347528e-05,-5.1026214e-05,0.00051650795,0.004882954,-0.048409764,5003,5003,0,3
679714155,679713070,2162698,2162698,-0.00014989132,-4.0058044e-06,-4.5766915e-06,0.00085789885,0.003664873,-0.048358854,5007,5007,0,3
680214481,680213369,2162698,2162698,-0.00023794273,-3.691634e-05,2.94298e-05,0.00069739425,0.0039451383,-0.048414737,5015,5015,0,3
680714744,680713649,2162698,2162698,0.00013686532,7.9827536e-05,4.9685823e-05,-1.705195e-05,0.008066925,-0.04846011,5004,5004,0,3
681215067,681213940,2162698,2162698,4.1052535e-05,1.6601874e-05,2.586441e-05,0.00041931003,0.0063002016,-0.04784545,5003,5003,0,3
681715303,681714232,2162698,2162698,3.2164824e-06,6.240591e-06,2.2430444e-05,0.00034694938,0.00639867,-0.048186276,5003,5003,0,3
682215618,682214525,2162698,2162698,1.1336512e-05,2.9668613e-06,-7.644396e-06,0.00052206306,0.00623111,-0.048100285,5003,5003,0,3
682715945,682714818,2162698,2162698,-6.788408e-05,-5.7633424e-06,2.8854363e-05,0.00045428055,0.00642429,-0.047896363,4994,4994,0,3
683216331,683215177,2162698,2162698,-2.3905826e-05,-3.4264585e-06,2.7784115e-05,0.00036734156,0.006463641,-0.049002565,5062,5062,0,3
683716529,683715419,2162698,2162698,2.6651984e-05,7.439594e-06,1.0284842e-05,0.0003733747,0.006427633,-0.0480256,4994,4994,0,3
684211989,684210697,2162698,2162698,-3.104208e-05,-8.962596e-06,1.6991551e-05,0.00055067503,0.006453858,-0.047870915,5004,5004,0,3
684712112,684710991,2162698,2162698,-3.9376002e-05,-6.076288e-06,2.1010308e-05,0.00042717066,0.006407155,-0.048081454,5002,5002,0,3
685212369,685211287,2162698,2162698,-4.3928347e-05,-2.3441453e-06,2.413709e-05,0.00041672142,0.006330026,-0.048183993,5004,5004,0,3
685712831,685711586,2162698,2162698,-1.2438317e-05,-5.7674015e-06,3.0960768e-05,0.00041700457,0.0065328414,-0.048183057,5007,5007,0,3
686713299,686712181,2162698,2162698,3.4022414e-06,-1.4336287e-06,3.1132462e-05,0.00054474507,0.006382848,-0.047655765,5009,5009,0,3
687213684,687212487,2162698,2162698,7.48772e-06,9.905663e-06,2.0318878e-06,0.00035747892,0.006582935,-0.04820245,5011,5011,0,3
688214286,688213068,2162698,2162698,-7.4044314e-05,1.0590462e-06,1.4970785e-05,0.0004540998,0.006339007,-0.048227947,5004,5004,0,3
688714601,688713372,2162698,2162698,-3.1550113e-05,1.5421629e-05,2.3252463e-07,0.00043943612,0.006367719,-0.048182618,5003,5003,0,3
689214752,689213664,2162698,2162698,-1.3904197e-05,1.6854875e-06,2.8909173e-05,0.00033779407,0.006556194,-0.047971487,4987,4987,0,3
689715055,689713970,2162698,2162698,5.405693e-05,-1.05200115e-05,2.7105138e-05,0.0003555108,0.006370462,-0.04824928,5010,5010,0,3
690215374,690214263,2162698,2162698,4.18384e-06,3.167786e-06,3.4914447e-05,0.0004304554,0.006506527,-0.047977053,4992,4992,0,3
690715670,690714563,2162698,2162698,-9.054096e-05,-1.393554e-05,5.716266e-05,0.00052586675,0.0063041314,-0.047981586,5003,5003,0,3
691215940,691214863,2162698,2162698,-4.4124517e-05,9.1390876e-07,9.4361085e-06,0.00046328825,0.006375458,-0.048337195,5009,5009,0,3
691716447,691715164,2162698,2162698,2.0539273e-05,1.1224185e-05,9.725075e-06,0.0005556064,0.006392639,-0.048153173,4999,4999,0,3
692216543,692215465,2162698,2162698,7.4460045e-06,5.8177707e-06,3.148449e-05,0.00045959977,0.0063627553,-0.04748366,4943,4943,0,3
692711853,692710771,2162698,2162698,-8.731347e-06,-1.1801354e-05,2.8938302e-05,0.00036468433,0.006554295,-0.048101094,5003,5003,0,3
693212249,693211066,2162698,2162698,8.139138e-06,9.601744e-06,2.1657737e-05,0.00042595982,0.0064956956,-0.04805086,4998,4998,0,3
693712753,693711410,2162698,2162698,-1.1587147e-05,-1.1696417e-06,2.507007e-05,0.00038518134,0.006362643,-0.048505645,5045,5045,0,3
694212759,694211676,2162698,2162698,4.6072215e-05,1.062998e-07,4.8684182e-05,0.00033842784,0.0062782746,-0.04831731,5007,5007,0,3
694713222,694711975,2162698,2162698,4.6798945e-05,4.2464785e-06,1.1118308e-05,0.00044820603,0.006404286,-0.047776304,5003,5003,0,3
695213417,695212286,2162698,2162698,3.134416e-05,-2.7093838e-06,5.775277e-05,0.00044933872,0.006312247,-0.04828995,5010,5010,0,3
695713888,695712590,2162698,2162698,-8.852061e-06,5.3478075e-06,1.9724801e-05,0.00043182535,0.0064051333,-0.048058085,5010,5010,0,3
696213989,696212902,2162698,2162698,-1.5232361e-05,-1.5107905e-05,-1.4079902e-06,0.00032309347,0.0066573187,-0.04815958,4988,4988,0,3
696714447,696713198,2162698,2162698,3.400651e-05,-1.2295657e-05,8.885012e-05,0.00069007423,0.006866791,-0.048265908,4998,4998,0,3
697214705,697213506,2162698,2162698,0.00017006916,1.3136369e-05,2.4012827e-05,0.000629753,0.0058674724,-0.047775943,4974,4974,0,3
697714936,697713827,2162698,2162698,3.8984144e-05,8.808481e-05,1.705958e-05,0.00036057053,0.006140927,-0.04747538,5021,5021,0,3
