timestamp,indicated_airspeed_m_s,calibrated_airspeed_m_s,true_airspeed_m_s,calibrated_ground_minus_wind_m_s,true_ground_minus_wind_m_s,airspeed_sensor_measurement_valid,selected_airspeed_index
394627506,2.993155,2.993155,3.1206691,0.13692085,0.14707515,1,1
394827549,2.8897586,2.8897586,3.0133333,0.13738652,0.14757459,1,1
395027515,2.8065302,2.8065302,2.9260457,0.1374441,0.14763476,1,1
395227517,2.118955,2.118955,2.2091901,0.13665962,0.14678986,1,1
395427499,2.580904,2.580904,2.6903992,0.1363219,0.14642803,1,1
395627553,1.997509,1.997509,2.0825698,0.13558128,0.14562917,1,1
395827510,2.0010695,2.0010695,2.08596,0.13647212,0.14658676,1,1
396027555,2.7530408,2.7530408,2.8703036,0.13540618,0.14544256,1,1
396227522,2.6938875,2.6938875,2.8085887,0.13176642,0.1415287,1,1
396427510,3.3123093,3.3123093,3.4528518,0.13208382,0.14187211,1,1
396627509,3.2132237,3.2132237,3.3500922,0.1310533,0.14076506,1,1
396827508,2.3702004,2.3702004,2.4711692,0.12876381,0.1383043,1,1
397027623,2.19908,2.19908,2.29271,0.12841599,0.13792774,1,1
397227777,1.261536,1.261536,1.3152467,0.12644792,0.13581373,1,1
397627516,3.1639295,3.1639295,3.2986274,0.12017459,0.12907344,1,1
397827509,4.4497504,4.4497504,4.6392484,0.118568294,0.12734981,1,1
398027510,3.7145097,3.7145097,3.8726232,0.11607781,0.124670595,1,1
398227559,3.336779,3.336779,3.4788313,0.11458098,0.12306358,1,1
398427561,3.7172284,3.7172284,3.8760707,0.113263346,0.121647626,1,1
398627510,2.608646,2.608646,2.7201548,0.11099572,0.11921379,1,1
398827510,4.039893,4.039893,4.2118783,0.10847365,0.116502315,1,1
399027499,3.0757418,3.0757418,3.2067258,0.10684376,0.11475338,1,1
399427538,3.2759843,3.2759843,3.4154704,0.09990919,0.10730298,1,1
399627493,4.9881587,4.9881587,5.200506,0.09857105,0.10586501,1,1
399827623,4.0177007,4.0177007,4.1893826,0.0968016,0.103964105,1,1
400427499,4.043698,4.043698,4.2165704,0.09529382,0.10234513,1,1
400627512,3.8626487,3.8626487,4.027715,0.09388053,0.1008256,1,1
401027514,3.9983234,3.9983234,4.1684756,0.08955895,0.09618323,1,1
401227545,4.227031,4.227031,4.4068604,0.089715295,0.09634844,1,1
401427509,4.6772676,4.6772676,4.8764176,0.09269202,0.09954712,1,1
401627509,4.03263,4.03263,4.2049184,0.092072845,0.09888015,1,1
401827507,4.021867,4.021867,4.1937003,0.091489315,0.09825361,1,1
402027509,3.811522,3.811522,3.9737148,0.08784572,0.09433869,1,1
402227510,4.740811,4.740811,4.942635,0.08668065,0.09308915,1,1
402427511,3.1223361,3.1223361,3.2552388,0.08198891,0.088049985,1,1
402627509,4.275018,4.275018,4.457707,0.08229071,0.08837432,1,1
403027539,4.2182894,4.2182894,4.39778,0.08138524,0.087399125,1,1
403227648,1.6630738,1.6630738,1.7338321,0.08152439,0.08754688,1,1
403427793,0.5133807,0.5133807,0.53521734,0.081521384,0.08754266,1,1
403627499,2.3479314,2.3479314,2.4478314,0.07930292,0.08516142,1,1
403827513,3.1530688,3.1530688,3.2877831,0.08037651,0.08631387,1,1
404027545,3.5845115,3.5845115,3.7371194,0.08114484,0.087140255,1,1
404227507,3.9016218,3.9016218,4.0676894,0.08252548,0.08862202,1,1
404427624,4.142673,4.142673,4.318946,0.08081539,0.086784504,1,1
404627504,3.7910073,3.7910073,3.9529274,0.08118653,0.08718128,1,1
404827556,3.8837779,3.8837779,4.0490656,0.08062888,0.0865822,1,1
405027504,3.4863844,3.4863844,3.6346178,0.0809141,0.08688509,1,1
405227504,3.3950555,3.3950555,3.540082,0.081207365,0.08720275,1,1
405427499,4.2188945,4.2188945,4.398317,0.08003127,0.08593666,1,1
405627507,4.071971,4.071971,4.2458706,0.08263168,0.088729955,1,1
405827518,3.9212656,3.9212656,4.088108,0.08185031,0.087891586,1,1
406027499,4.344472,4.344472,4.5299916,0.08190371,0.08794657,1,1
406227590,4.205426,4.205426,4.385063,0.08195001,0.08799739,1,1
406427513,4.4499335,4.4499335,4.640027,0.0801288,0.08604201,1,1
406627510,4.710345,4.710345,4.9107356,0.08268193,0.08878277,1,1
406827514,4.1883426,4.1883426,4.3665423,0.08290282,0.089018926,1,1
407227510,3.0497496,3.0497496,3.1794782,0.08022639,0.08614296,1,1
407427503,3.224985,3.224985,3.3627293,0.0820414,0.08809248,1,1
407627499,1.7402127,1.7402127,1.8145448,0.08243786,0.08851705,1,1
407827516,3.9937878,3.9937878,4.164259,0.080740176,0.086691655,1,1
408027517,3.2175567,3.2175567,3.3549247,0.08228833,0.08835335,1,1
408227557,3.4153535,3.4153535,3.5605848,0.08211605,0.08816804,1,1
408427557,3.9032848,3.9032848,4.0692186,0.08112193,0.08709833,1,1
408627561,3.6201236,3.6201236,3.774086,0.08128152,0.08727121,1,1
408827507,3.0986593,3.0986593,3.2304606,0.08114527,0.08712536,1,1
409027499,2.4060879,2.4060879,2.5083988,0.08311818,0.08924254,1,1
409227605,3.4985216,3.4985216,3.6479354,0.08502201,0.09128837,1,1
409427700,3.64288,3.64288,3.7977433,0.08453529,0.09076176,1,1
409627517,3.300933,3.300933,3.4412856,0.08751977,0.09396532,1,1
409827511,2.9815738,2.9815738,3.1083164,0.087362535,0.09379556,1,1
410027520,3.9784071,3.9784071,4.1475186,0.090710595,0.09739003,1,1
410227513,3.8827672,3.8827672,4.0478435,0.08998338,0.09660852,1,1
410427551,1.5040196,1.5040196,1.5679374,0.09189601,0.09866187,1,1
410627513,3.5128868,3.5128868,3.6622562,0.09072804,0.09740848,1,1
410827510,4.0311985,4.0311985,4.2031393,0.09088687,0.09757582,1,1
411027544,2.9092538,2.9092538,3.0329375,0.09151093,0.098246895,1,1
411227526,3.0289261,3.0289261,3.1577172,0.09180609,0.09856441,1,1
411427509,4.3027325,4.3027325,4.485574,0.09250277,0.09930988,1,1
411627510,4.2054644,4.2054644,4.3842053,0.092560254,0.09937234,1,1
411827510,3.2069123,3.2069123,3.3437626,0.09347311,0.10035133,1,1
412027567,4.200327,4.200327,4.3787937,0.09378379,0.10068309,1,1
412227507,3.6496694,3.6496694,3.80539,0.09282108,0.099650696,1,1
412427662,3.393828,3.393828,3.5380502,0.09379598,0.10069527,1,1
412627514,4.040391,4.040391,4.212025,0.09425166,0.10118294,1,1
412827518,3.8590257,3.8590257,4.0229707,0.09494085,0.10192319,1,1
413027510,3.0409229,3.0409229,3.170172,0.09615926,0.103233166,1,1
413227510,2.9684267,2.9684267,3.094536,0.095989354,0.10304881,1,1
413427515,3.1420414,3.1420414,3.2760615,0.0961058,0.10317262,1,1
413627510,2.9567764,2.9567764,3.0829139,0.09599637,0.103055805,1,1
413827510,3.4118323,3.4118323,3.5574007,0.09540771,0.10242437,1,1
414027499,4.0825033,4.0825033,4.2559857,0.09540984,0.10242614,1,1
414227512,3.8877864,3.8877864,4.0529585,0.096378095,0.10346308,1,1
414427508,3.1320393,3.1320393,3.2651575,0.097834,0.10502774,1,1
414627512,3.1888602,3.1888602,3.3249362,0.098827094,0.106094256,1,1
414827555,3.8936481,3.8936481,4.059681,0.098141134,0.10535479,1,1
415027509,3.8473184,3.8473184,4.011416,0.09773386,0.10491866,1,1
415227533,3.4236407,3.4236407,3.569654,0.09805903,0.10526732,1,1
415427612,2.6772294,2.6772294,2.7914343,0.09773596,0.104919806,1,1
415627728,0.31689352,0.31689352,0.330409,0.0980235,0.10522769,1,1
416027509,3.3287156,3.3287156,3.4706674,0.10055208,0.10793991,1,1
416227499,3.312486,3.312486,3.4532733,0.099562235,0.10687977,1,1
416427510,2.2787244,2.2787244,2.37553,0.100029446,0.10738093,1,1
416627587,3.0420697,3.0420697,3.1718857,0.09539597,0.102407806,1,1
417027591,1.8019145,1.8019145,1.878785,0.09952699,0.10684112,1,1
417227507,1.5049841,1.5049841,1.568951,0.098506495,0.10574657,1,1
417427504,2.2596767,2.2596767,2.3560576,0.09503143,0.102014415,1,1
417627499,4.307767,4.307767,4.491453,0.09279398,0.099611424,1,1
417827507,2.3998494,2.3998494,2.5026171,0.09508905,0.10207665,1,1
418027515,2.7335958,2.7335958,2.849754,0.09211068,0.098879665,1,1
418227507,3.879415,3.879415,4.044892,0.092980586,0.099811584,1,1
418427599,4.694556,4.694556,4.8947845,0.09044411,0.09708989,1,1
418627760,4.5337358,4.5337358,4.7270813,0.092715025,0.09952564,1,1
418827508,4.927768,4.927768,5.1379232,0.08706869,0.093466096,1,1
419027499,5.719728,5.719728,5.963636,0.08922325,0.0957786,1,1
419227513,4.4625793,4.4625793,4.6536674,0.08946971,0.09604413,1,1
419427510,4.20112,4.20112,4.3802366,0.0884114,0.09490639,1,1
419627517,3.0611055,3.0611055,3.1916652,0.088461235,0.09495985,1,1
419827521,2.7564094,2.7564094,2.87437,0.08701357,0.09340383,1,1
420027499,4.183937,4.183937,4.3630767,0.08950066,0.09607551,1,1
420227510,2.35898,2.35898,2.4595592,0.087776005,0.09422297,1,1
420427526,4.0593343,4.0593343,4.2323737,0.0871913,0.0935945,1,1
420627513,3.731409,3.731409,3.8904748,0.08667888,0.093044564,1,1
420827549,4.1713576,4.1713576,4.3498545,0.08550458,0.09178367,1,1
421027509,4.0930295,4.0930295,4.268202,0.08333725,0.08945775,1,1
421227568,2.8675523,2.8675523,2.9903371,0.08273901,0.088817365,1,1
421427506,4.0884533,4.0884533,4.262712,0.083172776,0.08928041,1,1
421627674,4.25134,4.25134,4.432614,0.0791663,0.08497982,1,1
421827514,3.510308,3.510308,3.659916,0.0818237,0.08783069,1,1
422027517,4.1184077,4.1184077,4.294666,0.07985766,0.08572262,1,1
422227513,3.9998713,3.9998713,4.171093,0.08083887,0.086776644,1,1
422427511,3.5731823,3.5731823,3.7255075,0.078638494,0.0844138,1,1
422627535,2.6075115,2.6075115,2.7191343,0.076848716,0.08249225,1,1
422827533,3.5770044,3.5770044,3.7301767,0.078647844,0.08442456,1,1
423027509,2.3126066,2.3126066,2.4116173,0.07139234,0.07663556,1,1
423227510,3.5496476,3.5496476,3.7009692,0.07118018,0.07640656,1,1
423427533,3.630304,3.630304,3.7857442,0.06785218,0.07283455,1,1
423627557,3.5336342,3.5336342,3.6842875,0.065765046,0.070593,1,1
423827504,4.4946666,4.4946666,4.6863046,0.05967518,0.06405722,1,1
424027526,3.465444,3.465444,3.6131856,0.06047882,0.06491963,1,1
424227612,3.1734192,3.1734192,3.30918,0.056112897,0.060232062,1,1
424427515,3.593748,3.593748,3.7468984,0.05396383,0.057924412,1,1
424627639,2.9818475,2.9818475,3.10935,0.057291374,0.061495807,1,1
424827791,0.88108873,0.88108873,0.91876024,0.05481523,0.058836814,1,1
425027512,2.01876,2.01876,2.105007,0.058422815,0.0627071,1,1
425227513,1.387735,1.387735,1.4467722,0.14911993,0.16005304,1,1
425427511,2.0490232,2.0490232,2.136209,0.23963553,0.25720695,1,1
425627510,1.908221,1.908221,1.9893932,0.35409996,0.3800544,1,1
425827567,2.5629067,2.5629067,2.6718879,0.5611481,0.6022602,1,1
426027509,4.415969,4.415969,4.6044855,0.80668944,0.8657652,1,1
426227525,5.0174294,5.0174294,5.2316165,1.0360808,1.1119541,1,1
426427512,4.9027963,4.9027963,5.110876,1.396084,1.4981805,1,1
426627510,5.587852,5.587852,5.824903,1.7869303,1.9175464,1,1
426827510,5.725032,5.725032,5.9685974,2.3272326,2.4971583,1,1
427027551,5.15423,5.15423,5.3725057,3.0341425,3.2554934,1,1
427227511,7.1688447,7.1688447,7.472578,3.7807858,4.056496,1,1
427427514,7.5080657,7.5080657,7.827054,4.572194,4.905237,1,1
427627541,8.265679,8.265679,8.616672,5.387368,5.7794876,1,1
427827660,9.167881,9.167881,9.557148,6.3254447,6.785503,1,1
428027509,10.160067,10.160067,10.589374,7.235693,7.761302,1,1
428227499,11.112783,11.112783,11.584063,8.046885,8.630923,1,1
428427536,11.632892,11.632892,12.126838,8.731079,9.36467,1,1
428627504,11.9234085,11.9234085,12.427881,9.27924,9.952441,1,1
428827547,12.096343,12.096343,12.610334,9.668612,10.369579,1,1
429027499,12.084243,12.084243,12.596648,9.978314,10.701706,1,1
429227546,12.411342,12.411342,12.937893,10.176053,10.913509,1,1
429427504,12.426987,12.426987,12.954627,10.306961,11.053756,1,1
429627555,12.5841675,12.5841675,13.121467,10.285605,11.030753,1,1
430027504,12.70118,12.70118,13.242801,9.89029,10.606804,1,1
430227507,12.767874,12.767874,13.313076,9.586047,10.280456,1,1
430427510,12.729889,12.729889,13.276458,9.243459,9.912936,1,1
430627559,13.064533,13.064533,13.625675,8.750321,9.383934,1,1
430827784,12.551871,12.551871,13.092398,8.097686,8.684437,1,1
431027642,12.644677,12.644677,13.189881,7.36487,7.8984427,1,1
431227515,12.718209,12.718209,13.266567,6.7094617,7.195209,1,1
431427553,12.608962,12.608962,13.153607,6.0857515,6.5263343,1,1
431627518,12.777424,12.777424,13.329462,5.396002,5.7863436,1,1
431827509,12.790029,12.790029,13.341041,4.815992,5.1642723,1,1
432027553,13.25976,13.25976,13.833894,4.270777,4.5795717,1,1
432427516,13.340801,13.340801,13.919324,3.351307,3.593347,1,1
432627499,13.399468,13.399468,13.98071,3.00298,3.2197545,1,1
432827509,13.21919,13.21919,13.793031,2.677539,2.870775,1,1
433027522,13.920431,13.920431,14.525134,2.4394357,2.6153214,1,1
433227510,13.922828,13.922828,14.527929,2.2985187,2.4641416,1,1
433427580,14.313625,14.313625,14.933706,2.2457438,2.407513,1,1
433627511,15.162113,15.162113,15.818952,2.24305,2.4044397,1,1
434027499,15.406309,15.406309,16.07706,2.3247316,2.491771,1,1
434227517,15.415161,15.415161,16.086927,2.313022,2.479202,1,1
434427657,15.410632,15.410632,16.082079,2.3489795,2.517529,1,1
434627849,15.875772,15.875772,16.564741,2.3767245,2.5470126,1,1
434827512,17.226765,17.226765,17.974272,2.3115315,2.4769826,1,1
435027513,17.64361,17.64361,18.413279,2.2675145,2.4297774,1,1
435227504,17.556183,17.556183,18.322641,2.3829668,2.5534172,1,1
435427510,18.343655,18.343655,19.144009,2.5043104,2.683082,1,1
435627512,18.173536,18.173536,18.966372,2.7233973,2.917613,1,1
435827522,19.019464,19.019464,19.849428,3.0479794,3.2651265,1,1
436027505,19.167845,19.167845,20.004337,3.3103564,3.5459309,1,1
436227518,19.235914,19.235914,20.071213,3.57666,3.8307638,1,1
436427645,19.518728,19.518728,20.365946,3.9674294,4.2488256,1,1
436627499,19.005693,19.005693,19.834053,4.035826,4.321793,1,1
436827499,19.236753,19.236753,20.071733,4.1043863,4.3947473,1,1
437027553,18.889574,18.889574,19.709957,5.0283246,5.383928,1,1
437227519,18.88734,18.88734,19.710918,6.426268,6.880146,1,1
437427508,19.164942,19.164942,20.001482,8.136974,8.711375,1,1
437627529,18.95346,18.95346,19.778767,9.5603,10.235136,1,1
437827516,18.942385,18.942385,19.768257,10.07601,10.787152,1,1
438027685,18.716072,18.716072,19.537264,10.242226,10.965242,1,1
438227747,17.672155,17.672155,18.44815,10.700497,11.455352,1,1
438427505,17.988153,17.988153,18.778381,10.935425,11.70653,1,1
438627515,17.342627,17.342627,18.104794,11.789413,12.619966,1,1
438827502,16.893448,16.893448,17.634132,12.589922,13.476641,1,1
439027499,17.459114,17.459114,18.224854,13.388442,14.330711,1,1
439227503,17.133522,17.133522,17.885027,13.9684725,14.95044,1,1
439427509,17.071514,17.071514,17.820164,14.905066,15.951516,1,1
439627502,16.588432,16.588432,17.316006,16.065733,17.192446,1,1
439827515,18.365368,18.365368,19.170176,16.918447,18.103172,1,1
440027504,19.224188,19.224188,20.067038,17.516808,18.742357,1,1
440227514,19.091326,19.091326,19.930843,17.71286,18.953321,1,1
440427509,18.647976,18.647976,19.471178,18.051123,19.314445,1,1
440627554,17.213985,17.213985,17.973927,18.092493,19.357256,1,1
440827508,16.889648,16.889648,17.632017,17.975718,19.230637,1,1
441027499,16.113316,16.113316,16.821518,17.680643,18.914032,1,1
441227499,16.23983,16.23983,16.953272,17.503412,18.723503,1,1
441427722,15.331859,15.331859,16.007395,17.18832,18.384651,1,1
441627675,15.122739,15.122739,15.786027,16.683773,17.843845,1,1
441827659,14.591527,14.591527,15.233346,15.995888,17.106663,1,1
442027515,15.077198,15.077198,15.739804,15.490223,16.564762,1,1
442227506,14.932869,14.932869,15.584481,15.223649,16.276674,1,1
442427510,16.822632,16.822632,17.556776,15.089501,16.130238,1,1
442627500,16.07892,16.07892,16.776686,15.011517,16.044682,1,1
442827504,15.8761425,15.8761425,16.566952,15.0651455,16.100227,1,1
443027506,16.646915,16.646915,17.36764,16.53981,17.673967,1,1
443227504,16.623253,16.623253,17.34482,18.085588,19.323238,1,1
443427512,16.768524,16.768524,17.496508,20.065266,21.43719,1,1
443627504,17.902792,17.902792,18.675106,21.321047,22.775057,1,1
443827518,18.490679,18.490679,19.291382,22.612223,24.152344,1,1
444027499,17.658772,17.658772,18.419746,23.567476,25.170046,1,1
444227504,17.871658,17.871658,18.64487,24.19923,25.842876,1,1
444427504,18.239784,18.239784,19.026108,24.60891,26.279045,1,1
444627507,18.677422,18.677422,19.483572,24.943089,26.635141,1,1
444827540,17.906496,17.906496,18.68256,24.796717,26.477491,1,1
445027552,17.187366,17.187366,17.931103,25.082521,26.783535,1,1
445227499,16.466892,16.466892,17.181974,25.183256,26.888668,1,1
445427512,17.659536,17.659536,18.424103,24.710226,26.38327,1,1
445627643,16.79637,16.79637,17.524315,24.966171,26.655613,1,1
445827743,17.493864,17.493864,18.254189,24.77548,26.449266,1,1
446027511,17.219479,17.219479,17.965921,24.486649,26.140205,1,1
446227511,17.501392,17.501392,18.259779,24.337132,25.978983,1,1
446427530,17.835966,17.835966,18.60831,24.128653,25.753283,1,1
446627510,17.721134,17.721134,18.485302,24.23392,25.863663,1,1
446827499,17.547476,17.547476,18.303577,24.21241,25.837877,1,1
447027525,17.881145,17.881145,18.65266,24.23314,25.859821,1,1
447227518,18.056738,18.056738,18.834831,24.239628,25.863358,1,1
447427514,18.454123,18.454123,19.252531,24.114037,25.72791,1,1
447627499,18.332964,18.332964,19.125864,23.933947,25.53382,1,1
447827510,18.617033,18.617033,19.422855,23.736843,25.322393,1,1
448027517,18.723524,18.723524,19.530052,23.508114,25.075417,1,1
448227510,18.660463,18.660463,19.464226,23.262968,24.812315,1,1
448427518,18.97229,18.97229,19.792416,22.998354,24.528265,1,1
448627509,19.049341,19.049341,19.869755,22.729315,24.239967,1,1
448827510,18.934273,18.934273,19.749557,22.487555,23.980057,1,1
449027502,19.47083,19.47083,20.312302,22.165407,23.634872,1,1
449227499,19.358015,19.358015,20.191315,21.741323,23.180775,1,1
449427534,19.416262,19.416262,20.251966,21.209883,22.612623,1,1
449627602,19.420347,19.420347,20.256252,20.615002,21.977394,1,1
449827705,19.340864,19.340864,20.176159,19.932945,21.248175,1,1
450027509,19.877619,19.877619,20.735832,19.137758,20.398666,1,1
450227516,19.554264,19.554264,20.394672,18.544504,19.764515,1,1
450427510,19.900639,19.900639,20.760187,17.927383,19.106768,1,1
450627510,20.04253,20.04253,20.907549,17.272736,18.406744,1,1
450827510,20.258255,20.258255,21.129345,16.527277,17.611355,1,1
451027507,20.524158,20.524158,21.406305,15.812882,16.848747,1,1
451227499,20.03582,20.03582,20.901287,15.145785,16.137695,1,1
451427507,20.079401,20.079401,20.941956,14.425664,15.368143,1,1
451627518,20.303476,20.303476,21.17946,13.738303,14.635253,1,1
451827511,20.219759,20.219759,21.092106,13.039353,13.889784,1,1
452027561,20.6586,20.6586,21.54647,12.250329,13.048703,1,1
452227503,20.470955,20.470955,21.349897,11.46158,12.20691,1,1
452427503,20.436293,20.436293,21.314445,10.773572,11.473821,1,1
452627510,20.488989,20.488989,21.369139,9.890049,10.532079,1,1
452827507,20.225332,20.225332,21.094076,9.136176,9.728468,1,1
453027503,20.334772,20.334772,21.207842,8.545479,9.098745,1,1
453227494,20.388561,20.388561,21.263939,7.971749,8.487472,1,1
453427513,20.280085,20.280085,21.146978,7.4070945,7.8855004,1,1
453627499,20.182508,20.182508,21.049839,6.804899,7.2443867,1,1
453827579,20.108702,20.108702,20.96851,6.4630265,6.8795652,1,1
454027698,20.207668,20.207668,21.075335,6.1900606,6.5887804,1,1
454227510,20.438688,20.438688,21.315302,6.058322,6.4478583,1,1
454427504,20.203918,20.203918,21.070625,6.156969,6.552385,1,1
454627513,20.124166,20.124166,20.983496,6.421697,6.8337016,1,1
454827510,20.057926,20.057926,20.917578,6.7423577,7.1743097,1,1
455027509,19.89465,19.89465,20.74384,7.170698,7.629555,1,1
455227499,19.77734,19.77734,20.624445,7.6175427,8.104216,1,1
455427522,19.821238,19.821238,20.665964,8.250712,8.777014,1,1
455627552,19.369595,19.369595,20.194588,9.000796,9.573964,1,1
455827509,19.526058,19.526058,20.358204,9.704159,10.321715,1,1
456027502,19.727262,19.727262,20.56736,10.466366,11.131393,1,1
456227507,19.762001,19.762001,20.602459,11.383915,12.106016,1,1
456427503,20.135214,20.135214,20.990406,12.134973,12.903205,1,1
456627509,20.126627,20.126627,20.98103,12.88018,13.694453,1,1
456827508,20.341288,20.341288,21.203896,13.593501,14.451343,1,1
457027554,20.510067,20.510067,21.378323,14.3195715,15.221201,1,1
457227502,20.589634,20.589634,21.459633,14.839737,15.7719345,1,1
457427513,20.755297,20.755297,21.631832,15.494812,16.467031,1,1
457627499,20.831446,20.831446,21.710814,16.50892,17.543358,1,1
457827494,21.027739,21.027739,21.914013,17.97531,19.099525,1,1
458027561,20.4681,20.4681,21.33127,19.402355,20.614672,1,1
458227762,19.646957,19.646957,20.47648,21.781263,23.142601,1,1
458427708,19.419405,19.419405,20.239574,24.082151,25.586012,1,1
458627515,18.902864,18.902864,19.699068,26.02252,27.647642,1,1
458827507,18.902733,18.902733,19.700247,27.060448,28.750954,1,1
459027512,19.007563,19.007563,19.813461,28.67765,30.468498,1,1
459227517,19.358437,19.358437,20.179798,30.296408,32.18776,1,1
459427510,19.02161,19.02161,19.82963,31.126177,33.069355,1,1
459627504,18.48336,18.48336,19.269342,31.31507,33.269897,1,1
459827509,18.671854,18.671854,19.462893,31.336863,33.29121,1,1
460027504,18.671906,18.671906,19.462896,31.370571,33.325363,1,1
460227504,18.782194,18.782194,19.58044,31.317537,33.26601,1,1
460427499,18.255638,18.255638,19.031263,31.335344,33.28346,1,1
460627563,19.178213,19.178213,19.992834,31.581556,33.542526,1,1
460827504,19.483877,19.483877,20.308062,31.730093,33.69787,1,1
461227499,19.819212,19.819212,20.655132,31.647085,33.602554,1,1
461427504,19.441956,19.441956,20.259972,31.758905,33.715847,1,1
461627504,18.98524,18.98524,19.783693,32.199734,34.18162,1,1
461827510,19.152596,19.152596,19.959583,32.748848,34.7605,1,1
462027540,19.546658,19.546658,20.366331,32.954998,34.975967,1,1
462227502,19.680988,19.680988,20.504797,34.16938,36.260456,1,1
462427538,19.49739,19.49739,20.312616,35.578907,37.752792,1,1
462627655,19.289743,19.289743,20.094515,36.96605,39.219994,1,1
462827652,19.041206,19.041206,19.835062,38.34332,40.678192,1,1
463027873,18.846228,18.846228,19.631037,39.47198,41.871655,1,1
463227519,19.04606,19.04606,19.835777,40.23954,42.684,1,1
463427522,18.812403,18.812403,19.59462,40.074955,42.505367,1,1
463627511,18.571493,18.571493,19.343058,39.769783,42.178978,1,1
463827510,18.228466,18.228466,18.98609,39.358326,41.741302,1,1
464027518,18.13554,18.13554,18.885456,38.95355,41.308247,1,1
464227504,18.261837,18.261837,19.019268,38.470222,40.792824,1,1
464427499,18.888844,18.888844,19.667406,37.930912,40.214874,1,1
464627511,18.71583,18.71583,19.486746,37.44229,39.69453,1,1
464827524,18.73724,18.73724,19.507444,37.21998,39.453747,1,1
465027502,18.679876,18.679876,19.449528,37.136684,39.36097,1,1
465227511,19.256058,19.256058,20.047531,37.04442,39.257565,1,1
465427509,19.039776,19.039776,19.818398,36.881954,39.08259,1,1
465627554,19.219725,19.219725,20.008018,36.90435,39.102745,1,1
465827515,19.458435,19.458435,20.255676,37.204056,39.41681,1,1
466027511,18.953558,18.953558,19.727633,36.775867,38.956406,1,1
466227499,18.660112,18.660112,19.418982,36.252655,38.40072,1,1
466427517,19.059021,19.059021,19.83289,35.85464,37.974384,1,1
466627523,19.340519,19.340519,20.124022,35.26326,37.34353,1,1
466827507,19.419895,19.419895,20.206434,34.320766,36.343395,1,1
467027532,19.629938,19.629938,20.424395,32.7851,34.71458,1,1
467227525,17.853518,17.853518,18.575916,31.56098,33.41707,1,1
467427584,18.143566,18.143566,18.879196,30.79691,32.609104,1,1
467627681,18.308287,18.308287,19.047146,30.237375,32.01495,1,1
467827758,18.567408,18.567408,19.32037,29.023273,30.72891,1,1
468027510,17.906298,17.906298,18.632963,28.114216,29.76631,1,1
468227509,17.205692,17.205692,17.904356,27.320654,28.92544,1,1
468427520,16.52701,16.52701,17.198893,26.641298,28.20612,1,1
468627505,16.941751,16.941751,17.627302,25.65881,27.164484,1,1
468827510,16.826834,16.826834,17.511126,24.551111,25.991846,1,1
469027509,16.020288,16.020288,16.669516,23.814142,25.211435,1,1
469227560,16.408224,16.408224,17.075813,23.052153,24.40346,1,1
469427499,15.974926,15.974926,16.621416,22.008286,23.29689,1,1
469627547,15.233609,15.233609,15.849699,21.209576,22.450142,1,1
469827500,15.479005,15.479005,16.106903,20.718084,21.928272,1,1
470027579,17.372326,17.372326,18.073162,19.864326,21.022844,1,1
470227514,16.721647,16.721647,17.394398,18.700138,19.788042,1,1
470427499,15.715675,15.715675,16.350563,16.84381,17.823156,1,1
470627543,14.457383,14.457383,15.038753,15.189683,16.072296,1,1
470827511,16.675241,16.675241,17.345427,13.852208,14.656331,1,1
471027502,15.881992,15.881992,16.520214,12.551026,13.279128,1,1
471227537,15.420596,15.420596,16.040436,11.707351,12.386439,1,1
471427505,14.5253,14.5253,15.109629,11.8460245,12.533154,1,1
471627552,14.030319,14.030319,14.59457,11.866796,12.554591,1,1
471827503,12.463475,12.463475,12.96491,11.793373,12.476707,1,1
472027653,12.353525,12.353525,12.850745,11.605369,12.277817,1,1
472227607,12.7416,12.7416,13.257124,11.85795,12.545175,1,1
472427695,13.833314,13.833314,14.39013,11.853955,12.540244,1,1
472627511,13.648116,13.648116,14.197478,12.114206,12.815157,1,1
472827503,13.069835,13.069835,13.596672,12.408855,13.127373,1,1
473027508,11.931511,11.931511,12.411886,12.7558975,13.4936695,1,1
473227501,13.0261545,13.0261545,13.550415,12.99046,13.741176,1,1
473427504,12.87913,12.87913,13.394961,12.924741,13.671062,1,1
473627502,11.589598,11.589598,12.055313,13.2098255,13.971712,1,1
473827509,12.40035,12.40035,12.896568,13.019458,13.770128,1,1
474027552,13.42974,13.42974,13.968906,12.5662155,13.289883,1,1
474227552,13.37595,13.37595,13.912607,12.245017,12.949451,1,1
474427502,13.53396,13.53396,14.073879,11.856709,12.537866,1,1
474627499,12.830462,12.830462,13.342064,11.919711,12.604249,1,1
474827506,13.024024,13.024024,13.545166,11.818065,12.495859,1,1
475027511,13.846593,13.846593,14.397191,11.88523,12.565866,1,1
475227513,14.153623,14.153623,14.715932,12.620889,13.342991,1,1
475427547,14.618891,14.618891,15.2008505,12.731316,13.4584055,1,1
475627542,14.605524,14.605524,15.185999,12.682085,13.405099,1,1
476027513,14.728932,14.728932,15.310577,12.165005,12.85705,1,1
476227499,15.431229,15.431229,16.042847,12.92776,13.662491,1,1
476427513,14.1487875,14.1487875,14.709945,14.075133,14.875212,1,1
476627511,13.441656,13.441656,13.972046,14.929077,15.776893,1,1
476827545,12.718498,12.718498,13.222131,15.546926,16.429155,1,1
477027648,13.3157835,13.3157835,13.842705,16.043121,16.952793,1,1
477227748,13.379657,13.379657,13.909209,16.8388,17.79316,1,1
477427504,12.603422,12.603422,13.100357,17.39204,18.37745,1,1
477627501,11.485843,11.485843,11.940167,17.651493,18.653286,1,1
477827516,11.45481,11.45481,11.906678,17.478634,18.471075,1,1
478027503,11.767167,11.767167,12.231987,17.45644,18.447989,1,1
478227507,12.027667,12.027667,12.503405,17.282495,18.2645,1,1
478427508,12.992171,12.992171,13.506874,16.556873,17.497873,1,1
478627513,13.552026,13.552026,14.0917425,16.36531,17.295593,1,1
478827499,14.22887,14.22887,14.796215,16.153227,17.071688,1,1
479027507,14.877516,14.877516,15.468852,15.920066,16.825125,1,1
479227558,14.458621,14.458621,15.033498,15.626171,16.514206,1,1
479427504,14.073744,14.073744,14.633611,15.325791,16.19657,1,1
479627550,15.109868,15.109868,15.711408,14.955893,15.805609,1,1
479827506,15.41599,15.41599,16.029636,14.603785,15.432686,1,1
480027551,16.565994,16.565994,17.22583,14.274058,15.084126,1,1
480227504,17.29478,17.29478,17.983507,13.903094,14.691534,1,1
480427504,17.503286,17.503286,18.202446,13.619709,14.3907795,1,1
480627552,17.577446,17.577446,18.276901,13.6142235,14.3845,1,1
481027570,17.430012,17.430012,18.12686,12.8879795,13.616577,1,1
481227515,17.24016,17.24016,17.926193,12.190406,12.878901,1,1
481427612,18.13218,18.13218,18.852999,11.776596,12.440659,1,1
481627568,18.03516,18.03516,18.753418,11.488362,12.136625,1,1
481827648,17.743671,17.743671,18.450645,11.318053,11.956348,1,1
482027704,17.66103,17.66103,18.366074,11.362208,12.003504,1,1
482227519,17.227016,17.227016,17.915276,11.519016,12.169143,1,1
482427510,17.213207,17.213207,17.904451,11.847846,12.516409,1,1
482627506,16.689453,16.689453,17.358505,12.579908,13.290596,1,1
483027499,15.087543,15.087543,15.6944685,15.36616,16.235647,1,1
483227513,14.109218,14.109218,14.678156,16.446795,17.378222,1,1
483427515,13.727461,13.727461,14.282586,16.784903,17.736877,1,1
483627543,14.710864,14.710864,15.3072405,17.47045,18.46251,1,1
483827618,14.565577,14.565577,15.156387,16.592041,17.534317,1,1
484027510,13.663666,13.663666,14.219612,14.843977,15.68813,1,1
484227592,13.351074,13.351074,13.894651,13.88688,14.676508,1,1
484427518,13.078314,13.078314,13.611575,13.306219,14.063422,1,1
484627510,13.732628,13.732628,14.292801,12.622578,13.34046,1,1
484827507,13.51179,13.51179,14.062973,11.792258,12.462539,1,1
485227522,13.844145,13.844145,14.409048,10.170432,10.747967,1,1
485427514,14.431143,14.431143,15.017863,9.365922,9.897633,1,1
485627550,14.832684,14.832684,15.435244,8.604001,9.091882,1,1
485827518,15.038406,15.038406,15.652219,7.787831,8.229247,1,1
486027515,14.848533,14.848533,15.454381,7.133336,7.5373116,1,1
486227543,15.76086,15.76086,16.404058,6.669513,7.047052,1,1
486427510,15.737951,15.737951,16.377802,6.3955708,6.75758,1,1
486627628,16.068434,16.068434,16.724878,6.3498015,6.709202,1,1
486827611,15.750328,15.750328,16.391237,6.35369,6.7130237,1,1
487027677,16.16931,16.16931,16.830723,6.3983574,6.7603097,1,1
487227502,15.755209,15.755209,16.400137,6.490034,6.8572536,1,1
487627522,15.2913265,15.2913265,15.915807,6.6830826,7.061257,1,1
487827508,15.232957,15.232957,15.85615,6.853943,7.242058,1,1
488027514,15.418082,15.418082,16.049538,6.903041,7.294017,1,1
488227504,14.963059,14.963059,15.576488,6.841407,7.228945,1,1
488427516,14.891143,14.891143,15.502192,6.9590697,7.353192,1,1
488627509,14.310326,14.310326,14.900691,7.1397696,7.5443945,1,1
488827510,14.611483,14.611483,15.209714,7.03598,7.434637,1,1
489027511,13.963265,13.963265,14.53807,7.188781,7.5962663,1,1
489227550,14.035869,14.035869,14.613975,7.800667,8.2426195,1,1
489427521,13.670066,13.670066,14.23126,8.2562895,8.724181,1,1
489627514,13.721356,13.721356,14.285054,8.535041,9.018693,1,1
489827508,13.743488,13.743488,14.312976,9.464779,10.0008545,1,1
490027503,14.534001,14.534001,15.136762,10.081656,10.652865,1,1
490227501,14.257783,14.257783,14.846994,10.652451,11.255854,1,1
490427500,14.487032,14.487032,15.083705,11.154178,11.785939,1,1
490627532,14.539565,14.539565,15.140709,11.379536,12.023588,1,1
490827506,14.695682,14.695682,15.304207,11.892091,12.565514,1,1
491227499,15.100906,15.100906,15.725794,12.929991,13.661174,1,1
491427499,15.162945,15.162945,15.7909975,13.339857,14.094304,1,1
491627520,14.733502,14.733502,15.343806,13.748689,14.525832,1,1
491827528,15.374835,15.374835,16.011967,14.352371,15.163404,1,1
492027674,15.119448,15.119448,15.74334,14.884755,15.725234,1,1
492227704,17.02638,17.02638,17.732355,14.912764,15.75507,1,1
492427510,16.662642,16.662642,17.354038,14.8307495,15.668131,1,1
492627504,16.299896,16.299896,16.9737,14.794313,15.629299,1,1
492827513,15.928923,15.928923,16.590563,15.233369,16.093128,1,1
493027511,16.28455,16.28455,16.957996,15.530965,16.406752,1,1
493227502,16.340855,16.340855,17.016113,15.6700735,16.552677,1,1
493427509,16.20464,16.20464,16.87718,16.00037,16.901253,1,1
493627536,16.384253,16.384253,17.061758,16.355228,17.276054,1,1
493827504,16.085573,16.085573,16.75062,16.562696,17.49426,1,1
494027509,16.341646,16.341646,17.01668,16.756252,17.697512,1,1
494227548,16.6189,16.6189,17.305452,16.931849,17.882473,1,1
494427502,16.705221,16.705221,17.39236,17.006128,17.960148,1,1
494627502,16.897585,16.897585,17.595406,16.976063,17.927778,1,1
494827499,17.086033,17.086033,17.791098,16.949604,17.898726,1,1
495027513,17.192522,17.192522,17.898981,16.809803,17.750395,1,1
495227542,17.970608,17.970608,18.70878,16.715534,17.650045,1,1
495627655,18.28255,18.28255,19.035862,16.197315,17.101393,1,1
495827502,18.359093,18.359093,19.111609,15.89046,16.775826,1,1
496027542,18.274479,18.274479,19.026114,15.528845,16.393148,1,1
496227502,18.468193,18.468193,19.228037,15.1593275,16.0025,1,1
496427651,18.485304,18.485304,19.242023,14.827994,15.651878,1,1
496627503,18.799465,18.799465,19.568377,14.550891,15.358365,1,1
496827642,19.044863,19.044863,19.822937,14.202677,14.9894495,1,1
497027559,19.174456,19.174456,19.96049,13.89324,14.6622505,1,1
497227603,19.18036,19.18036,19.966057,13.63368,14.387448,1,1
497427694,19.117651,19.117651,19.897245,13.297581,14.031848,1,1
497627503,19.570154,19.570154,20.367456,12.995797,13.712463,1,1
497827512,19.499805,19.499805,20.297283,12.793627,13.498577,1,1
498027504,19.491926,19.491926,20.284328,12.614017,13.307869,1,1
498427507,19.801662,19.801662,20.605099,12.4801035,13.164546,1,1
498627510,19.689064,19.689064,20.487028,12.550158,13.237435,1,1
498827504,19.856913,19.856913,20.66069,12.61713,13.307016,1,1
499027512,20.386036,20.386036,21.209867,12.680659,13.372732,1,1
499227546,20.012867,20.012867,20.820753,12.935393,13.6403675,1,1
499627499,20.158056,20.158056,20.970272,13.757442,14.505234,1,1
499827499,19.897757,19.897757,20.698597,13.84854,14.600193,1,1
500027504,19.979729,19.979729,20.78382,13.964364,14.721797,1,1
500227531,20.42305,20.42305,21.244844,14.043935,14.805354,1,1
500427504,19.832571,19.832571,20.630037,13.945169,14.700123,1,1
500627555,19.149435,19.149435,19.91682,13.809949,14.557773,1,1
500827504,19.197664,19.197664,19.968643,13.841742,14.592034,1,1
501027553,19.262724,19.262724,20.040125,13.76395,14.510002,1,1
501227533,18.208652,18.208652,18.942322,13.331037,14.054538,1,1
501427507,17.511106,17.511106,18.21752,12.967116,13.671288,1,1
501627516,17.523762,17.523762,18.23243,13.208612,13.926786,1,1
501827534,16.927074,16.927074,17.616053,13.2857275,14.008937,1,1
502027527,15.734286,15.734286,16.37389,13.508491,14.244934,1,1
502227574,14.927335,14.927335,15.535274,13.797048,14.550054,1,1
502627610,13.576454,13.576454,14.13413,14.622245,15.422026,1,1
502827672,13.371301,13.371301,13.91892,14.918996,15.7356825,1,1
503027805,13.312581,13.312581,13.858829,14.213526,14.992233,1,1
503227510,13.262498,13.262498,13.807769,13.642318,14.390396,1,1
503427514,12.819688,12.819688,13.34724,13.292467,14.021651,1,1
503627511,12.619701,12.619701,13.140712,13.379312,14.112364,1,1
503827519,13.162652,13.162652,13.706547,13.397901,14.132228,1,1
504027499,13.844098,13.844098,14.413698,13.28544,14.013015,1,1
504227522,13.858618,13.858618,14.428433,13.2033,13.925785,1,1
504427518,14.314258,14.314258,14.902355,13.355547,14.085485,1,1
504627512,14.467073,14.467073,15.06071,13.68606,14.433123,1,1
504827599,15.351661,15.351661,15.981051,13.979736,14.742093,1,1
505027513,16.50021,16.50021,17.172379,14.242282,15.017112,1,1
505227584,16.82685,16.82685,17.511114,14.636204,15.4309025,1,1
505427523,17.48455,17.48455,18.197344,15.206126,16.030523,1,1
505627516,18.627764,18.627764,19.385233,15.890476,16.749771,1,1
505827536,19.047626,19.047626,19.81947,16.407082,17.291407,1,1
506027510,18.97149,18.97149,19.737587,17.05391,17.970387,1,1
506227510,19.261868,19.261868,20.037596,17.702536,18.651325,1,1
506627522,20.146095,20.146095,20.949486,18.298468,19.27405,1,1
506827515,20.496174,20.496174,21.315084,18.298452,19.271742,1,1
507027524,20.4635,20.4635,21.279446,18.290243,19.261286,1,1
507227512,20.855255,20.855255,21.685785,18.235327,19.201923,1,1
507427514,21.068623,21.068623,21.90337,18.089636,19.047533,1,1
507627507,20.503633,20.503633,21.319464,17.987825,18.939775,1,1
507827563,20.26615,20.26615,21.071787,18.089172,19.045815,1,1
508027559,19.762741,19.762741,20.548288,18.255526,19.220276,1,1
508227625,19.071758,19.071758,19.830015,18.699484,19.687243,1,1
508427737,19.177563,19.177563,19.937313,18.946808,19.948109,1,1
508627516,18.313465,18.313465,19.039532,19.207079,20.222075,1,1
508827536,17.876688,17.876688,18.58621,19.660875,20.70038,1,1
509027513,17.231003,17.231003,17.916073,20.082937,21.145805,1,1
509227508,16.884432,16.884432,17.555922,20.039482,21.099953,1,1
509427523,16.376308,16.376308,17.028639,19.733978,20.77923,1,1
509627504,15.27906,15.27906,15.888966,19.499977,20.534163,1,1
509827513,14.698481,14.698481,15.282897,19.065058,20.076353,1,1
510027499,14.151986,14.151986,14.715194,18.879208,19.881027,1,1
510227527,13.316953,13.316953,13.847154,18.902563,19.905949,1,1
510427503,12.960487,12.960487,13.476311,18.900393,19.903069,1,1
510627523,12.39336,12.39336,12.889097,18.809822,19.808342,1,1
510827510,12.245607,12.245607,12.733347,18.571287,19.556759,1,1
511027505,12.038599,12.038599,12.519955,18.3689,19.343412,1,1
511227502,11.84273,11.84273,12.314067,18.269733,19.238338,1,1
511427502,11.503986,11.503986,11.961674,18.06845,19.026121,1,1
511627546,11.416201,11.416201,11.872177,17.852604,18.798643,1,1
511827499,11.389168,11.389168,11.843648,17.650267,18.584929,1,1
512027511,11.675601,11.675601,12.139308,17.488632,18.414047,1,1
512227507,11.281066,11.281066,11.728512,17.381311,18.300125,1,1
512427499,11.761778,11.761778,12.229493,17.373535,18.29081,1,1
512627512,11.7407,11.7407,12.206547,17.460941,18.380987,1,1
512827555,12.376531,12.376531,12.864917,17.532232,18.455128,1,1
513027507,13.005965,13.005965,13.520229,17.614979,18.540691,1,1
513227552,13.19103,13.19103,13.709451,17.58375,18.50622,1,1
513627518,14.25578,14.25578,14.814407,16.810282,17.689934,1,1
513827658,14.5100355,14.5100355,15.078588,16.174835,17.021193,1,1
514027715,13.913588,13.913588,14.458623,15.565077,16.3791,1,1
514227510,13.467585,13.467585,13.994868,14.882038,15.660027,1,1
514427505,13.415675,13.415675,13.940821,14.3476715,15.09761,1,1
514627501,12.69814,12.69814,13.194999,13.994847,14.725886,1,1
514827499,12.673719,12.673719,13.167365,13.746815,14.464734,1,1
515027502,12.964583,12.964583,13.469609,13.575345,14.284136,1,1
515227507,12.865117,12.865117,13.368223,13.504238,14.208893,1,1
515627514,13.733623,13.733623,14.2676,13.730555,14.44597,1,1
515827559,13.907734,13.907734,14.450341,13.967535,14.6943655,1,1
516027502,14.59575,14.59575,15.164953,14.246557,14.987423,1,1
516227502,14.507888,14.507888,15.070267,14.538628,15.293439,1,1
516427509,15.222368,15.222368,15.81396,14.865194,15.635957,1,1
516627502,15.769099,15.769099,16.378326,15.205957,15.99291,1,1
516827520,16.139288,16.139288,16.761532,15.607718,16.413944,1,1
517027535,16.652792,16.652792,17.29366,16.044067,16.871418,1,1
517227521,17.037422,17.037422,17.691069,16.295177,17.133244,1,1
517427543,17.542877,17.542877,18.21427,15.913736,16.730406,1,1
517627511,17.498037,17.498037,18.166025,15.4135065,16.202738,1,1
517827575,17.867523,17.867523,18.55077,14.982481,15.748101,1,1
518027505,18.207573,18.207573,18.899277,14.386941,15.12067,1,1
518227502,18.46694,18.46694,19.166908,13.720341,14.418649,1,1
518427504,18.34301,18.34301,19.037231,13.012839,13.674384,1,1
518627503,18.997028,18.997028,19.71464,12.336647,12.962506,1,1
518827507,19.05422,19.05422,19.772654,11.603688,12.191537,1,1
519027528,17.8673,17.8673,18.540817,10.96646,11.521741,1,1
519227610,18.183548,18.183548,18.868465,10.341394,10.864551,1,1
519427758,17.98727,17.98727,18.66395,9.761029,10.254199,1,1
519627737,17.920774,17.920774,18.594372,9.115729,9.575844,1,1
519827499,17.094887,17.094887,17.73451,8.35955,8.781311,1,1
520027502,17.105902,17.105902,17.748625,7.8055882,8.199328,1,1
520227509,17.131607,17.131607,17.771826,7.467549,7.8438363,1,1
520427510,16.911823,16.911823,17.543959,7.2073674,7.57048,1,1
520627507,17.05975,17.05975,17.70016,6.969179,7.3201375,1,1
520827509,16.724342,16.724342,17.349167,6.9023104,7.249695,1,1
521027504,16.104298,16.104298,16.705557,6.917289,7.2651377,1,1
521227529,15.75763,15.75763,16.345722,6.6076174,6.939687,1,1
521427504,16.489971,16.489971,17.104235,6.7498817,7.0885077,1,1
521627548,16.22844,16.22844,16.833174,6.593407,6.924159,1,1
521827505,16.67773,16.67773,17.30046,6.4125733,6.733663,1,1
522027572,16.32521,16.32521,16.933798,6.291779,6.606333,1,1
522227507,16.153345,16.153345,16.755318,6.4176583,6.7383137,1,1
522427510,16.441671,16.441671,17.05394,6.6318517,6.962915,1,1
522627504,17.030815,17.030815,17.661394,7.2201686,7.580015,1,1
522827548,17.020914,17.020914,17.653358,6.820748,7.1604457,1,1
523027504,17.781765,17.781765,18.438257,6.821741,7.1608806,1,1
523227504,17.596174,17.596174,18.245264,6.6049767,6.93302,1,1
523427499,17.745861,17.745861,18.399872,6.273963,6.5852456,1,1
523627510,17.806597,17.806597,18.46206,5.248892,5.508993,1,1
524027562,16.450361,16.450361,17.055601,3.84471,4.035094,1,1
524227559,16.961596,16.961596,17.58558,4.3609724,4.57683,1,1
524627555,15.764022,15.764022,16.343643,5.3812866,5.6473613,1,1
524827590,16.337193,16.337193,16.936996,6.0442424,6.34266,1,1
525027665,16.25637,16.25637,16.852657,6.924926,7.2664723,1,1
525227788,15.732729,15.732729,16.309933,7.2317295,7.588465,1,1
525627515,15.34182,15.34182,15.903685,7.4965434,7.8657236,1,1
525827514,14.653798,14.653798,15.189933,7.8633647,8.25032,1,1
526227512,15.174019,15.174019,15.72836,8.04511,8.44043,1,1
526427514,13.702587,13.702587,14.203068,8.276257,8.68287,1,1
526627499,13.615537,13.615537,14.112944,8.858098,9.293366,1,1
526827499,12.791667,12.791667,13.258992,9.668185,10.143111,1,1
527027500,11.748455,11.748455,12.178094,10.547315,11.0659895,1,1
527227510,10.1262245,10.1262245,10.4952135,11.255929,11.809662,1,1
527427508,9.429217,9.429217,9.773052,11.777306,12.356997,1,1
527627510,9.799347,9.799347,10.157061,12.188131,12.788524,1,1
527827549,8.868821,8.868821,9.194188,12.486074,13.101357,1,1
528027509,8.393081,8.393081,8.699547,12.66856,13.292753,1,1
528227510,8.300575,8.300575,8.605236,12.779923,13.4099045,1,1
528427500,8.145005,8.145005,8.444094,12.995234,13.63605,1,1
528627517,8.616536,8.616536,8.931308,13.2039585,13.854755,1,1
529027513,9.448719,9.448719,9.794871,13.297648,13.952225,1,1
529227537,9.550061,9.550061,9.8994055,13.15259,13.799299,1,1
529427513,10.325056,10.325056,10.700888,12.874798,13.507663,1,1
529627523,10.573646,10.573646,10.959747,12.703157,13.3271475,1,1
529827522,10.592067,10.592067,10.976147,12.258693,12.859755,1,1
530027630,11.090398,11.090398,11.495209,12.447497,13.05854,1,1
530227523,10.474306,10.474306,10.855257,13.141631,13.787436,1,1
530427608,9.263942,9.263942,9.601293,13.727466,14.402691,1,1
530627669,8.514441,8.514441,8.823891,13.581662,14.248734,1,1
530827762,8.450044,8.450044,8.756243,13.310867,13.965425,1,1
531027510,8.756764,8.756764,9.075636,13.268424,13.921275,1,1
531227510,10.328995,10.328995,10.704969,13.121149,13.766343,1,1
531427512,9.781524,9.781524,10.13573,12.978457,13.616344,1,1
531627507,9.514179,9.514179,9.860272,12.969337,13.606978,1,1
531827522,8.983828,8.983828,9.310815,13.00429,13.643703,1,1
532027506,8.491531,8.491531,8.800689,13.032763,13.673933,1,1
532227504,9.151039,9.151039,9.482533,13.038241,13.679458,1,1
532427512,8.648287,8.648287,8.963027,13.064553,13.707097,1,1
532627511,8.254118,8.254118,8.553089,13.073731,13.716642,1,1
532827538,8.960207,8.960207,9.284195,12.917066,13.551674,1,1
533227503,9.381957,9.381957,9.719602,11.833817,12.41317,1,1
533427550,11.0798645,11.0798645,11.477178,11.668185,12.23986,1,1
533627510,10.987403,10.987403,11.380857,11.739047,12.31341,1,1
533827512,11.483055,11.483055,11.896344,12.095036,12.686803,1,1
534027505,10.835671,10.835671,11.225632,12.134237,12.729931,1,1
534227558,10.988313,10.988313,11.384494,11.841073,12.42297,1,1
534427507,11.085727,11.085727,11.485881,11.248592,11.801657,1,1
534627548,10.741114,10.741114,11.131602,10.729954,11.258519,1,1
534827503,10.957608,10.957608,11.356137,10.117448,10.61583,1,1
535227503,10.680535,10.680535,11.07025,8.651105,9.078,1,1
535427535,10.518229,10.518229,10.900656,8.121424,8.522344,1,1
535627516,11.717296,11.717296,12.146043,7.426486,7.7934737,1,1
535827586,12.524149,12.524149,12.983264,6.4353194,6.7536592,1,1
536027665,13.144413,13.144413,13.624682,5.8945394,6.1864,1,1
536227751,13.927485,13.927485,14.4389515,5.149847,5.4048495,1,1
536427510,14.663225,14.663225,15.199768,4.337346,4.552192,1,1
536627529,14.557953,14.557953,15.09314,3.6582587,3.8394246,1,1
536827510,14.488545,14.488545,15.021895,3.2330813,3.3932986,1,1
537027507,14.321567,14.321567,14.846668,2.6866646,2.819812,1,1
537227501,14.377968,14.377968,14.905679,2.7337363,2.8692749,1,1
537427521,15.027546,15.027546,15.579548,3.2368042,3.3973284,1,1
537627499,15.227805,15.227805,15.790051,3.5462964,3.7221937,1,1
537827535,16.10421,16.10421,16.6994,3.9839957,4.181683,1,1
538027532,16.036526,16.036526,16.630135,4.302406,4.51607,1,1
538227518,14.634272,14.634272,15.173674,4.2779236,4.490339,1,1
538427534,15.727028,15.727028,16.31061,4.8342805,5.0746408,1,1
538627519,15.906659,15.906659,16.49509,5.7122936,5.996514,1,1
538827551,14.805853,14.805853,15.357508,6.5178623,6.8427157,1,1
539027510,14.532022,14.532022,15.071759,6.6475677,6.979098,1,1
539227519,14.432891,14.432891,14.969867,6.8603735,7.202844,1,1
539427538,14.628096,14.628096,15.173877,6.754079,7.091851,1,1
539627510,13.779546,13.779546,14.293846,5.3486023,5.6161566,1,1
539827502,14.008107,14.008107,14.5325985,4.678965,4.913505,1,1
540027510,13.961717,13.961717,14.486829,4.169117,4.377971,1,1
540227503,14.648192,14.648192,15.1974125,3.9276466,4.1245346,1,1
540427510,14.503878,14.503878,15.047952,3.996022,4.196344,1,1
540627511,14.531628,14.531628,15.076799,4.4019604,4.6225753,1,1
540827518,14.885892,14.885892,15.444782,4.896814,5.1422076,1,1
541027507,15.736541,15.736541,16.327715,5.3430867,5.610964,1,1
541227506,15.544572,15.544572,16.128616,5.7665377,6.055481,1,1
541427614,15.016664,15.016664,15.581185,6.248014,6.561109,1,1
541627603,15.490383,15.490383,16.072998,6.760707,7.0995045,1,1
541827693,15.364588,15.364588,15.943312,7.130731,7.488347,1,1
542027731,15.372721,15.372721,15.951791,7.6780767,8.063034,1,1
542227505,15.4889965,15.4889965,16.073618,8.144898,8.553746,1,1
542427508,15.033387,15.033387,15.601086,8.609496,9.041679,1,1
542827514,15.035573,15.035573,15.604962,9.5247555,10.003594,1,1
543027508,14.67131,14.67131,15.227365,10.074456,10.5810795,1,1
543227514,15.047086,15.047086,15.616015,10.667533,11.2046175,1,1
543427499,14.716364,14.716364,15.275721,10.941447,11.4925,1,1
543627506,15.090179,15.090179,15.664334,11.229169,11.795158,1,1
543827504,15.332936,15.332936,15.916809,11.113432,11.673753,1,1
544027504,15.595679,15.595679,16.189903,11.243117,11.80985,1,1
544227512,15.953012,15.953012,16.558256,11.487885,12.066809,1,1
544427504,16.624207,16.624207,17.257812,11.719563,12.310056,1,1
544627504,16.448076,16.448076,17.07411,12.11752,12.727016,1,1
544827499,15.985505,15.985505,16.591356,12.71483,13.354224,1,1
545227526,16.617195,16.617195,17.248064,13.409841,14.082352,1,1
545427504,16.860283,16.860283,17.497417,13.870244,14.565484,1,1
545627512,17.305504,17.305504,17.95872,14.221335,14.933313,1,1
545827507,17.39304,17.39304,18.053974,14.10375,14.810852,1,1
546027499,17.969193,17.969193,18.65153,13.691347,14.377162,1,1
546227499,17.251244,17.251244,17.903265,13.125508,13.782841,1,1
546427576,17.47931,17.47931,18.141287,12.540662,13.167353,1,1
546627513,16.607222,16.607222,17.235891,12.060048,12.662311,1,1
546827641,16.640476,16.640476,17.266941,11.674608,12.257131,1,1
547027499,16.587706,16.587706,17.21384,11.401552,11.969682,1,1
547227516,16.71067,16.71067,17.337381,11.1876335,11.744045,1,1
547427623,16.35739,16.35739,16.969849,10.928892,11.471759,1,1
547627689,16.553312,16.553312,17.171942,10.693129,11.223523,1,1
547827749,16.124218,16.124218,16.728128,10.70455,11.234593,1,1
548027509,16.49141,16.49141,17.104418,10.666149,11.193041,1,1
548227509,16.607885,16.607885,17.22397,10.759807,11.290503,1,1
548427502,16.46605,16.46605,17.078047,10.763277,11.292928,1,1
548627509,16.65118,16.65118,17.264797,11.131817,11.6779175,1,1
548827510,nan,nan,nan,nan,nan,0,-1
549027511,nan,nan,nan,nan,nan,0,-1
549227522,nan,nan,nan,nan,nan,0,-1
549427507,nan,nan,nan,nan,nan,0,-1
549627557,nan,nan,nan,nan,nan,0,-1
549827499,nan,nan,nan,nan,nan,0,-1
550027585,nan,nan,nan,nan,nan,0,-1
550227496,nan,nan,nan,nan,nan,0,-1
550427516,nan,nan,nan,nan,nan,0,-1
550627532,nan,nan,nan,nan,nan,0,-1
550827510,nan,nan,nan,nan,nan,0,-1
551027554,nan,nan,nan,nan,nan,0,-1
551227507,nan,nan,nan,nan,nan,0,-1
551427591,nan,nan,nan,nan,nan,0,-1
551627510,nan,nan,nan,nan,nan,0,-1
551827509,nan,nan,nan,nan,nan,0,-1
552027507,nan,nan,nan,nan,nan,0,-1
552227510,nan,nan,nan,nan,nan,0,-1
552427507,nan,nan,nan,nan,nan,0,-1
552627511,nan,nan,nan,nan,nan,0,-1
552827524,nan,nan,nan,nan,nan,0,-1
553027608,nan,nan,nan,nan,nan,0,-1
553227628,nan,nan,nan,nan,nan,0,-1
553427729,nan,nan,nan,nan,nan,0,-1
553627774,nan,nan,nan,nan,nan,0,-1
553827521,nan,nan,nan,nan,nan,0,-1
554027509,nan,nan,nan,nan,nan,0,-1
554227522,nan,nan,nan,nan,nan,0,-1
554427501,nan,nan,nan,nan,nan,0,-1
554627507,nan,nan,nan,nan,nan,0,-1
555027514,nan,nan,nan,nan,nan,0,-1
555227507,nan,nan,nan,nan,nan,0,-1
555427555,nan,nan,nan,nan,nan,0,-1
555627499,nan,nan,nan,nan,nan,0,-1
555827510,nan,nan,nan,nan,nan,0,-1
556027506,nan,nan,nan,nan,nan,0,-1
556227510,nan,nan,nan,nan,nan,0,-1
556427558,nan,nan,nan,nan,nan,0,-1
556627506,nan,nan,nan,nan,nan,0,-1
556827512,nan,nan,nan,nan,nan,0,-1
557227499,nan,nan,nan,nan,nan,0,-1
557427507,nan,nan,nan,nan,nan,0,-1
557627499,nan,nan,nan,nan,nan,0,-1
557827514,nan,nan,nan,nan,nan,0,-1
558027513,nan,nan,nan,nan,nan,0,-1
558227502,nan,nan,nan,nan,nan,0,-1
558427525,nan,nan,nan,nan,nan,0,-1
558627499,nan,nan,nan,nan,nan,0,-1
558827508,nan,nan,nan,nan,nan,0,-1
559027571,nan,nan,nan,nan,nan,0,-1
559227656,nan,nan,nan,nan,nan,0,-1
559427748,nan,nan,nan,nan,nan,0,-1
559627509,nan,nan,nan,nan,nan,0,-1
559827548,nan,nan,nan,nan,nan,0,-1
560027503,nan,nan,nan,nan,nan,0,-1
560227510,nan,nan,nan,nan,nan,0,-1
560427505,nan,nan,nan,nan,nan,0,-1
560627515,nan,nan,nan,nan,nan,0,-1
560827502,nan,nan,nan,nan,nan,0,-1
561027502,nan,nan,nan,nan,nan,0,-1
561227515,nan,nan,nan,nan,nan,0,-1
561427633,nan,nan,nan,nan,nan,0,-1
561627502,nan,nan,nan,nan,nan,0,-1
561827509,nan,nan,nan,nan,nan,0,-1
562027499,nan,nan,nan,nan,nan,0,-1
562227506,nan,nan,nan,nan,nan,0,-1
562427513,nan,nan,nan,nan,nan,0,-1
562627509,nan,nan,nan,nan,nan,0,-1
562827533,nan,nan,nan,nan,nan,0,-1
563027528,nan,nan,nan,nan,nan,0,-1
563227604,nan,nan,nan,nan,nan,0,-1
563427506,nan,nan,nan,nan,nan,0,-1
563627587,nan,nan,nan,nan,nan,0,-1
563827535,nan,nan,nan,nan,nan,0,-1
564027557,nan,nan,nan,nan,nan,0,-1
564227515,nan,nan,nan,nan,nan,0,-1
564427510,nan,nan,nan,nan,nan,0,-1
564627509,nan,nan,nan,nan,nan,0,-1
564827555,nan,nan,nan,nan,nan,0,-1
565427767,nan,nan,nan,nan,nan,0,-1
565627505,nan,nan,nan,nan,nan,0,-1
565827509,nan,nan,nan,nan,nan,0,-1
566027514,nan,nan,nan,nan,nan,0,-1
566227515,nan,nan,nan,nan,nan,0,-1
566427512,nan,nan,nan,nan,nan,0,-1
566627505,nan,nan,nan,nan,nan,0,-1
566827512,nan,nan,nan,nan,nan,0,-1
567027508,nan,nan,nan,nan,nan,0,-1
567227560,nan,nan,nan,nan,nan,0,-1
567427513,nan,nan,nan,nan,nan,0,-1
567627514,nan,nan,nan,nan,nan,0,-1
567827556,nan,nan,nan,nan,nan,0,-1
568027527,nan,nan,nan,nan,nan,0,-1
568227558,nan,nan,nan,nan,nan,0,-1
568427507,nan,nan,nan,nan,nan,0,-1
568627512,nan,nan,nan,nan,nan,0,-1
568827504,nan,nan,nan,nan,nan,0,-1
569227513,nan,nan,nan,nan,nan,0,-1
569427504,nan,nan,nan,nan,nan,0,-1
569627510,nan,nan,nan,nan,nan,0,-1
569827507,nan,nan,nan,nan,nan,0,-1
570027538,nan,nan,nan,nan,nan,0,-1
570227594,nan,nan,nan,nan,nan,0,-1
570427564,nan,nan,nan,nan,nan,0,-1
570627499,nan,nan,nan,nan,nan,0,-1
570827554,nan,nan,nan,nan,nan,0,-1
571227733,nan,nan,nan,nan,nan,0,-1
571427524,nan,nan,nan,nan,nan,0,-1
571627511,nan,nan,nan,nan,nan,0,-1
571827509,nan,nan,nan,nan,nan,0,-1
572027527,nan,nan,nan,nan,nan,0,-1
572227514,nan,nan,nan,nan,nan,0,-1
572427513,nan,nan,nan,nan,nan,0,-1
572627519,nan,nan,nan,nan,nan,0,-1
572827513,nan,nan,nan,nan,nan,0,-1
573027509,nan,nan,nan,nan,nan,0,-1
573227589,nan,nan,nan,nan,nan,0,-1
573427510,nan,nan,nan,nan,nan,0,-1
573627499,nan,nan,nan,nan,nan,0,-1
573827512,nan,nan,nan,nan,nan,0,-1
574027510,nan,nan,nan,nan,nan,0,-1
574227515,nan,nan,nan,nan,nan,0,-1
574427513,nan,nan,nan,nan,nan,0,-1
574627509,nan,nan,nan,nan,nan,0,-1
574827516,nan,nan,nan,nan,nan,0,-1
575027577,nan,nan,nan,nan,nan,0,-1
575227510,nan,nan,nan,nan,nan,0,-1
575427499,nan,nan,nan,nan,nan,0,-1
575627527,nan,nan,nan,nan,nan,0,-1
575827519,nan,nan,nan,nan,nan,0,-1
576027511,nan,nan,nan,nan,nan,0,-1
576227557,nan,nan,nan,nan,nan,0,-1
576427551,nan,nan,nan,nan,nan,0,-1
576627555,nan,nan,nan,nan,nan,0,-1
576827587,nan,nan,nan,nan,nan,0,-1
577027644,nan,nan,nan,nan,nan,0,-1
577227699,nan,nan,nan,nan,nan,0,-1
577427513,nan,nan,nan,nan,nan,0,-1
577627509,nan,nan,nan,nan,nan,0,-1
577827521,nan,nan,nan,nan,nan,0,-1
578027525,nan,nan,nan,nan,nan,0,-1
578227519,nan,nan,nan,nan,nan,0,-1
578427509,nan,nan,nan,nan,nan,0,-1
578627519,nan,nan,nan,nan,nan,0,-1
578827504,nan,nan,nan,nan,nan,0,-1
579027508,nan,nan,nan,nan,nan,0,-1
579227565,nan,nan,nan,nan,nan,0,-1
579427518,nan,nan,nan,nan,nan,0,-1
579627499,nan,nan,nan,nan,nan,0,-1
579827512,nan,nan,nan,nan,nan,0,-1
580027616,nan,nan,nan,nan,nan,0,-1
580227510,nan,nan,nan,nan,nan,0,-1
580427575,nan,nan,nan,nan,nan,0,-1
580627499,nan,nan,nan,nan,nan,0,-1
580827559,nan,nan,nan,nan,nan,0,-1
581027529,nan,nan,nan,nan,nan,0,-1
581227513,nan,nan,nan,nan,nan,0,-1
581627515,nan,nan,nan,nan,nan,0,-1
581827503,nan,nan,nan,nan,nan,0,-1
582027508,nan,nan,nan,nan,nan,0,-1
582227506,nan,nan,nan,nan,nan,0,-1
582427507,nan,nan,nan,nan,nan,0,-1
582627508,nan,nan,nan,nan,nan,0,-1
582827569,nan,nan,nan,nan,nan,0,-1
583027680,nan,nan,nan,nan,nan,0,-1
583227685,nan,nan,nan,nan,nan,0,-1
583427509,nan,nan,nan,nan,nan,0,-1
583627504,nan,nan,nan,nan,nan,0,-1
583827499,nan,nan,nan,nan,nan,0,-1
584027509,nan,nan,nan,nan,nan,0,-1
584227507,nan,nan,nan,nan,nan,0,-1
584427510,nan,nan,nan,nan,nan,0,-1
584627505,nan,nan,nan,nan,nan,0,-1
584827550,nan,nan,nan,nan,nan,0,-1
585027508,nan,nan,nan,nan,nan,0,-1
585227539,nan,nan,nan,nan,nan,0,-1
585427502,nan,nan,nan,nan,nan,0,-1
585627499,nan,nan,nan,nan,nan,0,-1
585827510,nan,nan,nan,nan,nan,0,-1
586027535,nan,nan,nan,nan,nan,0,-1
586227503,nan,nan,nan,nan,nan,0,-1
586427545,nan,nan,nan,nan,nan,0,-1
586827512,nan,nan,nan,nan,nan,0,-1
587027506,nan,nan,nan,nan,nan,0,-1
587227509,nan,nan,nan,nan,nan,0,-1
587427502,nan,nan,nan,nan,nan,0,-1
587627503,nan,nan,nan,nan,nan,0,-1
587827511,nan,nan,nan,nan,nan,0,-1
588227508,nan,nan,nan,nan,nan,0,-1
588427518,nan,nan,nan,nan,nan,0,-1
588627560,nan,nan,nan,nan,nan,0,-1
588827570,nan,nan,nan,nan,nan,0,-1
589027610,nan,nan,nan,nan,nan,0,-1
589227690,nan,nan,nan,nan,nan,0,-1
589427740,nan,nan,nan,nan,nan,0,-1
589627503,nan,nan,nan,nan,nan,0,-1
589827509,nan,nan,nan,nan,nan,0,-1
590027507,nan,nan,nan,nan,nan,0,-1
590227510,nan,nan,nan,nan,nan,0,-1
590427504,nan,nan,nan,nan,nan,0,-1
590627499,nan,nan,nan,nan,nan,0,-1
590827518,nan,nan,nan,nan,nan,0,-1
591027504,nan,nan,nan,nan,nan,0,-1
591227511,nan,nan,nan,nan,nan,0,-1
591427512,nan,nan,nan,nan,nan,0,-1
591627510,nan,nan,nan,nan,nan,0,-1
591827504,nan,nan,nan,nan,nan,0,-1
592027511,nan,nan,nan,nan,nan,0,-1
592227504,nan,nan,nan,nan,nan,0,-1
592427504,nan,nan,nan,nan,nan,0,-1
592627575,nan,nan,nan,nan,nan,0,-1
592827516,nan,nan,nan,nan,nan,0,-1
593027576,nan,nan,nan,nan,nan,0,-1
593227507,nan,nan,nan,nan,nan,0,-1
593427553,nan,nan,nan,nan,nan,0,-1
593627552,nan,nan,nan,nan,nan,0,-1
593827510,nan,nan,nan,nan,nan,0,-1
594027499,nan,nan,nan,nan,nan,0,-1
594627507,nan,nan,nan,nan,nan,0,-1
594827507,nan,nan,nan,nan,nan,0,-1
595427706,nan,nan,nan,nan,nan,0,-1
595627502,nan,nan,nan,nan,nan,0,-1
595827510,nan,nan,nan,nan,nan,0,-1
596027506,nan,nan,nan,nan,nan,0,-1
596227517,nan,nan,nan,nan,nan,0,-1
596427535,nan,nan,nan,nan,nan,0,-1
596627519,nan,nan,nan,nan,nan,0,-1
596827521,nan,nan,nan,nan,nan,0,-1
597027510,nan,nan,nan,nan,nan,0,-1
597227511,nan,nan,nan,nan,nan,0,-1
597427538,nan,nan,nan,nan,nan,0,-1
597627559,nan,nan,nan,nan,nan,0,-1
597827515,nan,nan,nan,nan,nan,0,-1
598027510,nan,nan,nan,nan,nan,0,-1
598227510,nan,nan,nan,nan,nan,0,-1
598427510,nan,nan,nan,nan,nan,0,-1
598627551,nan,nan,nan,nan,nan,0,-1
598827515,nan,nan,nan,nan,nan,0,-1
599027510,nan,nan,nan,nan,nan,0,-1
599227514,nan,nan,nan,nan,nan,0,-1
599427499,nan,nan,nan,nan,nan,0,-1
599627513,nan,nan,nan,nan,nan,0,-1
599827509,nan,nan,nan,nan,nan,0,-1
600027561,nan,nan,nan,nan,nan,0,-1
600227510,nan,nan,nan,nan,nan,0,-1
600427499,nan,nan,nan,nan,nan,0,-1
600627499,nan,nan,nan,nan,nan,0,-1
600827499,nan,nan,nan,nan,nan,0,-1
601027548,nan,nan,nan,nan,nan,0,-1
601227588,nan,nan,nan,nan,nan,0,-1
601427670,nan,nan,nan,nan,nan,0,-1
601627761,nan,nan,nan,nan,nan,0,-1
601827513,nan,nan,nan,nan,nan,0,-1
602027518,nan,nan,nan,nan,nan,0,-1
602227510,nan,nan,nan,nan,nan,0,-1
602427510,nan,nan,nan,nan,nan,0,-1
602627509,nan,nan,nan,nan,nan,0,-1
602827513,nan,nan,nan,nan,nan,0,-1
603027505,nan,nan,nan,nan,nan,0,-1
603227513,nan,nan,nan,nan,nan,0,-1
603427521,nan,nan,nan,nan,nan,0,-1
603627591,nan,nan,nan,nan,nan,0,-1
603827511,nan,nan,nan,nan,nan,0,-1
604027503,nan,nan,nan,nan,nan,0,-1
604227499,nan,nan,nan,nan,nan,0,-1
604427512,nan,nan,nan,nan,nan,0,-1
604627503,nan,nan,nan,nan,nan,0,-1
604827499,nan,nan,nan,nan,nan,0,-1
605027550,nan,nan,nan,nan,nan,0,-1
605227518,nan,nan,nan,nan,nan,0,-1
605427503,nan,nan,nan,nan,nan,0,-1
605627538,nan,nan,nan,nan,nan,0,-1
605827503,nan,nan,nan,nan,nan,0,-1
606027559,nan,nan,nan,nan,nan,0,-1
606227510,nan,nan,nan,nan,nan,0,-1
606627514,nan,nan,nan,nan,nan,0,-1
606827502,nan,nan,nan,nan,nan,0,-1
607027542,nan,nan,nan,nan,nan,0,-1
607227623,nan,nan,nan,nan,nan,0,-1
607427699,nan,nan,nan,nan,nan,0,-1
607627509,nan,nan,nan,nan,nan,0,-1
607827503,nan,nan,nan,nan,nan,0,-1
608027510,nan,nan,nan,nan,nan,0,-1
608227501,nan,nan,nan,nan,nan,0,-1
608427511,nan,nan,nan,nan,nan,0,-1
608627503,nan,nan,nan,nan,nan,0,-1
608827510,nan,nan,nan,nan,nan,0,-1
609027499,nan,nan,nan,nan,nan,0,-1
609227499,nan,nan,nan,nan,nan,0,-1
609427539,nan,nan,nan,nan,nan,0,-1
609627508,nan,nan,nan,nan,nan,0,-1
610027524,nan,nan,nan,nan,nan,0,-1
610227554,nan,nan,nan,nan,nan,0,-1
610427503,nan,nan,nan,nan,nan,0,-1
610627508,nan,nan,nan,nan,nan,0,-1
611027527,nan,nan,nan,nan,nan,0,-1
611227505,nan,nan,nan,nan,nan,0,-1
611427546,nan,nan,nan,nan,nan,0,-1
611627502,nan,nan,nan,nan,nan,0,-1
611827520,nan,nan,nan,nan,nan,0,-1
612027505,nan,nan,nan,nan,nan,0,-1
612227547,nan,nan,nan,nan,nan,0,-1
612427519,nan,nan,nan,nan,nan,0,-1
612627499,nan,nan,nan,nan,nan,0,-1
612827530,nan,nan,nan,nan,nan,0,-1
613027635,nan,nan,nan,nan,nan,0,-1
613227776,nan,nan,nan,nan,nan,0,-1
613427733,nan,nan,nan,nan,nan,0,-1
613627517,nan,nan,nan,nan,nan,0,-1
613827510,nan,nan,nan,nan,nan,0,-1
614027506,nan,nan,nan,nan,nan,0,-1
614227499,nan,nan,nan,nan,nan,0,-1
614427508,nan,nan,nan,nan,nan,0,-1
614627504,nan,nan,nan,nan,nan,0,-1
614827516,nan,nan,nan,nan,nan,0,-1
615027507,nan,nan,nan,nan,nan,0,-1
615227514,nan,nan,nan,nan,nan,0,-1
615427504,nan,nan,nan,nan,nan,0,-1
615627502,nan,nan,nan,nan,nan,0,-1
615827504,nan,nan,nan,nan,nan,0,-1
616027503,nan,nan,nan,nan,nan,0,-1
616227507,nan,nan,nan,nan,nan,0,-1
616427527,nan,nan,nan,nan,nan,0,-1
616627504,nan,nan,nan,nan,nan,0,-1
616827504,nan,nan,nan,nan,nan,0,-1
617027504,nan,nan,nan,nan,nan,0,-1
617227554,nan,nan,nan,nan,nan,0,-1
617627507,nan,nan,nan,nan,nan,0,-1
617827524,nan,nan,nan,nan,nan,0,-1
618027497,nan,nan,nan,nan,nan,0,-1
618227550,nan,nan,nan,nan,nan,0,-1
618427578,nan,nan,nan,nan,nan,0,-1
618627601,nan,nan,nan,nan,nan,0,-1
618827619,nan,nan,nan,nan,nan,0,-1
619027658,nan,nan,nan,nan,nan,0,-1
619227774,nan,nan,nan,nan,nan,0,-1
619627510,nan,nan,nan,nan,nan,0,-1
619827511,nan,nan,nan,nan,nan,0,-1
620027511,nan,nan,nan,nan,nan,0,-1
620227522,nan,nan,nan,nan,nan,0,-1
620427510,nan,nan,nan,nan,nan,0,-1
620627499,nan,nan,nan,nan,nan,0,-1
620827499,nan,nan,nan,nan,nan,0,-1
621027556,nan,nan,nan,nan,nan,0,-1
621227512,nan,nan,nan,nan,nan,0,-1
621427515,nan,nan,nan,nan,nan,0,-1
621627499,nan,nan,nan,nan,nan,0,-1
621827510,nan,nan,nan,nan,nan,0,-1
622027517,nan,nan,nan,nan,nan,0,-1
622227585,nan,nan,nan,nan,nan,0,-1
622427520,nan,nan,nan,nan,nan,0,-1
622627510,nan,nan,nan,nan,nan,0,-1
622827589,nan,nan,nan,nan,nan,0,-1
623027512,nan,nan,nan,nan,nan,0,-1
623227510,nan,nan,nan,nan,nan,0,-1
623427513,nan,nan,nan,nan,nan,0,-1
623627529,nan,nan,nan,nan,nan,0,-1
623827509,nan,nan,nan,nan,nan,0,-1
624027499,nan,nan,nan,nan,nan,0,-1
624227530,nan,nan,nan,nan,nan,0,-1
624427649,nan,nan,nan,nan,nan,0,-1
624627682,nan,nan,nan,nan,nan,0,-1
624827511,nan,nan,nan,nan,nan,0,-1
625027511,nan,nan,nan,nan,nan,0,-1
625227518,nan,nan,nan,nan,nan,0,-1
625427508,nan,nan,nan,nan,nan,0,-1
625827499,nan,nan,nan,nan,nan,0,-1
626027513,nan,nan,nan,nan,nan,0,-1
626227497,nan,nan,nan,nan,nan,0,-1
626427590,nan,nan,nan,nan,nan,0,-1
626627628,nan,nan,nan,nan,nan,0,-1
626827506,nan,nan,nan,nan,nan,0,-1
627027503,nan,nan,nan,nan,nan,0,-1
627227550,nan,nan,nan,nan,nan,0,-1
627427515,nan,nan,nan,nan,nan,0,-1
627627510,nan,nan,nan,nan,nan,0,-1
627827507,nan,nan,nan,nan,nan,0,-1
628027516,nan,nan,nan,nan,nan,0,-1
628227501,nan,nan,nan,nan,nan,0,-1
628427540,nan,nan,nan,nan,nan,0,-1
628627560,nan,nan,nan,nan,nan,0,-1
628827507,nan,nan,nan,nan,nan,0,-1
629027502,nan,nan,nan,nan,nan,0,-1
629227569,nan,nan,nan,nan,nan,0,-1
629427534,nan,nan,nan,nan,nan,0,-1
629627561,nan,nan,nan,nan,nan,0,-1
629827664,nan,nan,nan,nan,nan,0,-1
630027740,nan,nan,nan,nan,nan,0,-1
630227510,nan,nan,nan,nan,nan,0,-1
630627513,nan,nan,nan,nan,nan,0,-1
630827519,nan,nan,nan,nan,nan,0,-1
631027514,nan,nan,nan,nan,nan,0,-1
631227512,nan,nan,nan,nan,nan,0,-1
631427514,nan,nan,nan,nan,nan,0,-1
631627507,nan,nan,nan,nan,nan,0,-1
631827559,nan,nan,nan,nan,nan,0,-1
632027510,nan,nan,nan,nan,nan,0,-1
632227555,nan,nan,nan,nan,nan,0,-1
632427509,nan,nan,nan,nan,nan,0,-1
632627509,nan,nan,nan,nan,nan,0,-1
632827504,nan,nan,nan,nan,nan,0,-1
633027515,nan,nan,nan,nan,nan,0,-1
633227509,nan,nan,nan,nan,nan,0,-1
633427507,nan,nan,nan,nan,nan,0,-1
633627555,nan,nan,nan,nan,nan,0,-1
633827510,nan,nan,nan,nan,nan,0,-1
634027514,nan,nan,nan,nan,nan,0,-1
634227499,nan,nan,nan,nan,nan,0,-1
634427510,nan,nan,nan,nan,nan,0,-1
635027613,nan,nan,nan,nan,nan,0,-1
635227727,nan,nan,nan,nan,nan,0,-1
635427801,nan,nan,nan,nan,nan,0,-1
635627513,nan,nan,nan,nan,nan,0,-1
635827499,nan,nan,nan,nan,nan,0,-1
636027510,nan,nan,nan,nan,nan,0,-1
636227504,nan,nan,nan,nan,nan,0,-1
636427508,nan,nan,nan,nan,nan,0,-1
636827501,nan,nan,nan,nan,nan,0,-1
637027504,nan,nan,nan,nan,nan,0,-1
637227553,nan,nan,nan,nan,nan,0,-1
637427504,nan,nan,nan,nan,nan,0,-1
637627504,nan,nan,nan,nan,nan,0,-1
637827499,nan,nan,nan,nan,nan,0,-1
638027504,nan,nan,nan,nan,nan,0,-1
638227504,nan,nan,nan,nan,nan,0,-1
638427499,nan,nan,nan,nan,nan,0,-1
638627549,nan,nan,nan,nan,nan,0,-1
638827513,nan,nan,nan,nan,nan,0,-1
639027507,nan,nan,nan,nan,nan,0,-1
639227591,nan,nan,nan,nan,nan,0,-1
639427523,nan,nan,nan,nan,nan,0,-1
639627564,nan,nan,nan,nan,nan,0,-1
639827507,nan,nan,nan,nan,nan,0,-1
640027616,nan,nan,nan,nan,nan,0,-1
640227695,nan,nan,nan,nan,nan,0,-1
640427763,nan,nan,nan,nan,nan,0,-1
640627509,nan,nan,nan,nan,nan,0,-1
640827513,nan,nan,nan,nan,nan,0,-1
641027515,nan,nan,nan,nan,nan,0,-1
641227499,nan,nan,nan,nan,nan,0,-1
641427512,nan,nan,nan,nan,nan,0,-1
641627510,nan,nan,nan,nan,nan,0,-1
641827516,nan,nan,nan,nan,nan,0,-1
642027510,nan,nan,nan,nan,nan,0,-1
642227558,nan,nan,nan,nan,nan,0,-1
642427510,nan,nan,nan,nan,nan,0,-1
642627506,nan,nan,nan,nan,nan,0,-1
642827499,nan,nan,nan,nan,nan,0,-1
643027523,nan,nan,nan,nan,nan,0,-1
643227512,nan,nan,nan,nan,nan,0,-1
643427551,nan,nan,nan,nan,nan,0,-1
643627520,nan,nan,nan,nan,nan,0,-1
643827559,nan,nan,nan,nan,nan,0,-1
644027522,nan,nan,nan,nan,nan,0,-1
644227514,nan,nan,nan,nan,nan,0,-1
644427513,nan,nan,nan,nan,nan,0,-1
644627499,nan,nan,nan,nan,nan,0,-1
644827539,nan,nan,nan,nan,nan,0,-1
645027720,nan,nan,nan,nan,nan,0,-1
645227715,nan,nan,nan,nan,nan,0,-1
645427509,nan,nan,nan,nan,nan,0,-1
645627508,nan,nan,nan,nan,nan,0,-1
645827518,nan,nan,nan,nan,nan,0,-1
646027511,nan,nan,nan,nan,nan,0,-1
646227519,nan,nan,nan,nan,nan,0,-1
646427515,nan,nan,nan,nan,nan,0,-1
646627510,nan,nan,nan,nan,nan,0,-1
646827548,nan,nan,nan,nan,nan,0,-1
647027509,nan,nan,nan,nan,nan,0,-1
647227572,nan,nan,nan,nan,nan,0,-1
647427513,nan,nan,nan,nan,nan,0,-1
647627535,nan,nan,nan,nan,nan,0,-1
647827502,nan,nan,nan,nan,nan,0,-1
648027560,nan,nan,nan,nan,nan,0,-1
648227510,nan,nan,nan,nan,nan,0,-1
648427508,nan,nan,nan,nan,nan,0,-1
648627515,nan,nan,nan,nan,nan,0,-1
648827507,nan,nan,nan,nan,nan,0,-1
649027510,nan,nan,nan,nan,nan,0,-1
649227512,nan,nan,nan,nan,nan,0,-1
649427545,nan,nan,nan,nan,nan,0,-1
649627507,nan,nan,nan,nan,nan,0,-1
649827622,nan,nan,nan,nan,nan,0,-1
650027747,nan,nan,nan,nan,nan,0,-1
650227513,nan,nan,nan,nan,nan,0,-1
650427513,nan,nan,nan,nan,nan,0,-1
650627499,nan,nan,nan,nan,nan,0,-1
650827525,nan,nan,nan,nan,nan,0,-1
651027499,nan,nan,nan,nan,nan,0,-1
651227510,nan,nan,nan,nan,nan,0,-1
651427515,nan,nan,nan,nan,nan,0,-1
651627543,nan,nan,nan,nan,nan,0,-1
651827556,nan,nan,nan,nan,nan,0,-1
652027509,nan,nan,nan,nan,nan,0,-1
652227592,nan,nan,nan,nan,nan,0,-1
652427499,nan,nan,nan,nan,nan,0,-1
652627512,nan,nan,nan,nan,nan,0,-1
652827502,nan,nan,nan,nan,nan,0,-1
653027509,nan,nan,nan,nan,nan,0,-1
653227510,nan,nan,nan,nan,nan,0,-1
653427511,nan,nan,nan,nan,nan,0,-1
653627519,nan,nan,nan,nan,nan,0,-1
653827499,nan,nan,nan,nan,nan,0,-1
654027512,nan,nan,nan,nan,nan,0,-1
654227507,nan,nan,nan,nan,nan,0,-1
654427613,nan,nan,nan,nan,nan,0,-1
654627624,nan,nan,nan,nan,nan,0,-1
654827738,nan,nan,nan,nan,nan,0,-1
655027512,nan,nan,nan,nan,nan,0,-1
655227499,nan,nan,nan,nan,nan,0,-1
655427513,nan,nan,nan,nan,nan,0,-1
655627511,nan,nan,nan,nan,nan,0,-1
655827501,nan,nan,nan,nan,nan,0,-1
656227514,nan,nan,nan,nan,nan,0,-1
656427599,nan,nan,nan,nan,nan,0,-1
656627505,nan,nan,nan,nan,nan,0,-1
656827509,nan,nan,nan,nan,nan,0,-1
657027504,nan,nan,nan,nan,nan,0,-1
657227549,nan,nan,nan,nan,nan,0,-1
657427507,nan,nan,nan,nan,nan,0,-1
657627499,nan,nan,nan,nan,nan,0,-1
657827499,nan,nan,nan,nan,nan,0,-1
658027504,nan,nan,nan,nan,nan,0,-1
658227510,nan,nan,nan,nan,nan,0,-1
658427507,nan,nan,nan,nan,nan,0,-1
658627514,nan,nan,nan,nan,nan,0,-1
658827525,nan,nan,nan,nan,nan,0,-1
659027508,nan,nan,nan,nan,nan,0,-1
659227588,nan,nan,nan,nan,nan,0,-1
659427732,nan,nan,nan,nan,nan,0,-1
659627512,nan,nan,nan,nan,nan,0,-1
659827511,nan,nan,nan,nan,nan,0,-1
660027513,nan,nan,nan,nan,nan,0,-1
660227514,nan,nan,nan,nan,nan,0,-1
660427510,nan,nan,nan,nan,nan,0,-1
660627499,nan,nan,nan,nan,nan,0,-1
660827511,nan,nan,nan,nan,nan,0,-1
661027510,nan,nan,nan,nan,nan,0,-1
661227499,nan,nan,nan,nan,nan,0,-1
661427509,nan,nan,nan,nan,nan,0,-1
661627510,nan,nan,nan,nan,nan,0,-1
661827516,nan,nan,nan,nan,nan,0,-1
662027510,nan,nan,nan,nan,nan,0,-1
662227540,nan,nan,nan,nan,nan,0,-1
662427499,nan,nan,nan,nan,nan,0,-1
662627517,nan,nan,nan,nan,nan,0,-1
662827499,nan,nan,nan,nan,nan,0,-1
663027510,nan,nan,nan,nan,nan,0,-1
663227507,nan,nan,nan,nan,nan,0,-1
663427507,nan,nan,nan,nan,nan,0,-1
663627559,nan,nan,nan,nan,nan,0,-1
664027703,nan,nan,nan,nan,nan,0,-1
664227509,nan,nan,nan,nan,nan,0,-1
664427519,nan,nan,nan,nan,nan,0,-1
664627512,nan,nan,nan,nan,nan,0,-1
664827512,nan,nan,nan,nan,nan,0,-1
665027513,nan,nan,nan,nan,nan,0,-1
665227510,nan,nan,nan,nan,nan,0,-1
665427516,nan,nan,nan,nan,nan,0,-1
665627524,nan,nan,nan,nan,nan,0,-1
665827552,nan,nan,nan,nan,nan,0,-1
666027511,nan,nan,nan,nan,nan,0,-1
666227512,nan,nan,nan,nan,nan,0,-1
666627510,nan,nan,nan,nan,nan,0,-1
666827505,nan,nan,nan,nan,nan,0,-1
667027504,nan,nan,nan,nan,nan,0,-1
667227534,nan,nan,nan,nan,nan,0,-1
667427507,nan,nan,nan,nan,nan,0,-1
667627509,nan,nan,nan,nan,nan,0,-1
667827586,nan,nan,nan,nan,nan,0,-1
668027499,nan,nan,nan,nan,nan,0,-1
668227559,nan,nan,nan,nan,nan,0,-1
668627753,nan,nan,nan,nan,nan,0,-1
668827509,nan,nan,nan,nan,nan,0,-1
669027512,nan,nan,nan,nan,nan,0,-1
669227509,nan,nan,nan,nan,nan,0,-1
669427513,nan,nan,nan,nan,nan,0,-1
669627511,nan,nan,nan,nan,nan,0,-1
669827507,nan,nan,nan,nan,nan,0,-1
670027499,nan,nan,nan,nan,nan,0,-1
670227510,nan,nan,nan,nan,nan,0,-1
670427510,nan,nan,nan,nan,nan,0,-1
670627510,nan,nan,nan,nan,nan,0,-1
670827550,nan,nan,nan,nan,nan,0,-1
671227509,nan,nan,nan,nan,nan,0,-1
671427516,nan,nan,nan,nan,nan,0,-1
671627514,nan,nan,nan,nan,nan,0,-1
671827503,nan,nan,nan,nan,nan,0,-1
672027499,nan,nan,nan,nan,nan,0,-1
672227518,nan,nan,nan,nan,nan,0,-1
672427511,nan,nan,nan,nan,nan,0,-1
672627567,nan,nan,nan,nan,nan,0,-1
672827640,nan,nan,nan,nan,nan,0,-1
673027742,nan,nan,nan,nan,nan,0,-1
673227512,nan,nan,nan,nan,nan,0,-1
673427511,nan,nan,nan,nan,nan,0,-1
673627513,nan,nan,nan,nan,nan,0,-1
673827510,nan,nan,nan,nan,nan,0,-1
674027505,nan,nan,nan,nan,nan,0,-1
674227504,nan,nan,nan,nan,nan,0,-1
674427597,nan,nan,nan,nan,nan,0,-1
674627513,nan,nan,nan,nan,nan,0,-1
674827504,nan,nan,nan,nan,nan,0,-1
675027499,nan,nan,nan,nan,nan,0,-1
675227504,nan,nan,nan,nan,nan,0,-1
675427503,nan,nan,nan,nan,nan,0,-1
675627508,nan,nan,nan,nan,nan,0,-1
675827548,nan,nan,nan,nan,nan,0,-1
676027507,nan,nan,nan,nan,nan,0,-1
676227507,nan,nan,nan,nan,nan,0,-1
676427499,nan,nan,nan,nan,nan,0,-1
676627535,nan,nan,nan,nan,nan,0,-1
676827518,nan,nan,nan,nan,nan,0,-1
677027605,nan,nan,nan,nan,nan,0,-1
677227681,nan,nan,nan,nan,nan,0,-1
677427512,nan,nan,nan,nan,nan,0,-1
677627509,nan,nan,nan,nan,nan,0,-1
677827509,nan,nan,nan,nan,nan,0,-1
678027514,nan,nan,nan,nan,nan,0,-1
678227512,nan,nan,nan,nan,nan,0,-1
678427510,nan,nan,nan,nan,nan,0,-1
678627513,nan,nan,nan,nan,nan,0,-1
678827510,nan,nan,nan,nan,nan,0,-1
679027510,nan,nan,nan,nan,nan,0,-1
679227509,nan,nan,nan,nan,nan,0,-1
679427561,nan,nan,nan,nan,nan,0,-1
679627512,nan,nan,nan,nan,nan,0,-1
680027513,nan,nan,nan,nan,nan,0,-1
680227510,nan,nan,nan,nan,nan,0,-1
680427504,nan,nan,nan,nan,nan,0,-1
680627499,nan,nan,nan,nan,nan,0,-1
680827559,nan,nan,nan,nan,nan,0,-1
681027509,nan,nan,nan,nan,nan,0,-1
681227576,nan,nan,nan,nan,nan,0,-1
681427615,nan,nan,nan,nan,nan,0,-1
681627710,nan,nan,nan,nan,nan,0,-1
681827509,nan,nan,nan,nan,nan,0,-1
682027510,nan,nan,nan,nan,nan,0,-1
682227512,nan,nan,nan,nan,nan,0,-1
682427512,nan,nan,nan,nan,nan,0,-1
682627507,nan,nan,nan,nan,nan,0,-1
682827502,nan,nan,nan,nan,nan,0,-1
683027560,nan,nan,nan,nan,nan,0,-1
683227511,nan,nan,nan,nan,nan,0,-1
683427510,nan,nan,nan,nan,nan,0,-1
683627499,nan,nan,nan,nan,nan,0,-1
683827509,nan,nan,nan,nan,nan,0,-1
684027507,nan,nan,nan,nan,nan,0,-1
684227499,nan,nan,nan,nan,nan,0,-1
684427549,nan,nan,nan,nan,nan,0,-1
684627499,nan,nan,nan,nan,nan,0,-1
684827507,nan,nan,nan,nan,nan,0,-1
685027514,nan,nan,nan,nan,nan,0,-1
685227547,nan,nan,nan,nan,nan,0,-1
685427533,nan,nan,nan,nan,nan,0,-1
685627609,nan,nan,nan,nan,nan,0,-1
685827680,nan,nan,nan,nan,nan,0,-1
686027512,nan,nan,nan,nan,nan,0,-1
686227512,nan,nan,nan,nan,nan,0,-1
686427502,nan,nan,nan,nan,nan,0,-1
686627510,nan,nan,nan,nan,nan,0,-1
686827509,nan,nan,nan,nan,nan,0,-1
687027508,nan,nan,nan,nan,nan,0,-1
687227543,nan,nan,nan,nan,nan,0,-1
687427515,nan,nan,nan,nan,nan,0,-1
687627509,nan,nan,nan,nan,nan,0,-1
687827510,nan,nan,nan,nan,nan,0,-1
688027509,nan,nan,nan,nan,nan,0,-1
688227509,nan,nan,nan,nan,nan,0,-1
688427514,nan,nan,nan,nan,nan,0,-1
688627537,nan,nan,nan,nan,nan,0,-1
688827499,nan,nan,nan,nan,nan,0,-1
689027510,nan,nan,nan,nan,nan,0,-1
689227520,nan,nan,nan,nan,nan,0,-1
689427546,nan,nan,nan,nan,nan,0,-1
689627581,nan,nan,nan,nan,nan,0,-1
689827604,nan,nan,nan,nan,nan,0,-1
690027687,nan,nan,nan,nan,nan,0,-1
690427517,nan,nan,nan,nan,nan,0,-1
690627513,nan,nan,nan,nan,nan,0,-1
690827514,nan,nan,nan,nan,nan,0,-1
691027514,nan,nan,nan,nan,nan,0,-1
691227517,nan,nan,nan,nan,nan,0,-1
691427567,nan,nan,nan,nan,nan,0,-1
691627504,nan,nan,nan,nan,nan,0,-1
691827504,nan,nan,nan,nan,nan,0,-1
692227513,nan,nan,nan,nan,nan,0,-1
692427510,nan,nan,nan,nan,nan,0,-1
692627504,nan,nan,nan,nan,nan,0,-1
692827504,nan,nan,nan,nan,nan,0,-1
693027499,nan,nan,nan,nan,nan,0,-1
693227499,nan,nan,nan,nan,nan,0,-1
693427522,nan,nan,nan,nan,nan,0,-1
693627516,nan,nan,nan,nan,nan,0,-1
693827572,nan,nan,nan,nan,nan,0,-1
694027602,nan,nan,nan,nan,nan,0,-1
694227696,nan,nan,nan,nan,nan,0,-1
694427519,nan,nan,nan,nan,nan,0,-1
694627509,nan,nan,nan,nan,nan,0,-1
694827509,nan,nan,nan,nan,nan,0,-1
695027500,nan,nan,nan,nan,nan,0,-1
695227519,nan,nan,nan,nan,nan,0,-1
695427511,nan,nan,nan,nan,nan,0,-1
695627510,nan,nan,nan,nan,nan,0,-1
695827515,nan,nan,nan,nan,nan,0,-1
696027509,nan,nan,nan,nan,nan,0,-1
696227513,nan,nan,nan,nan,nan,0,-1
696427499,nan,nan,nan,nan,nan,0,-1
696627514,nan,nan,nan,nan,nan,0,-1
696827513,nan,nan,nan,nan,nan,0,-1
697027520,nan,nan,nan,nan,nan,0,-1
697227624,nan,nan,nan,nan,nan,0,-1
697427530,nan,nan,nan,nan,nan,0,-1
697627625,nan,nan,nan,nan,nan,0,-1
697827558,nan,nan,nan,nan,nan,0,-1
