timestamp,timestamp_sample,device_id,x,y,z,temperature,error_count
2938672,2937873,2162698,0.027723508,0.030146983,-0.008761801,37.000587,1
2941173,2940374,2162698,0.029188246,0.030839406,-0.009773802,37.000587,1
3038710,3037912,2162698,0.027670244,0.030146983,-0.008841695,37.329998,0
3138766,3137954,2162698,0.024554346,0.029081719,-0.009827065,37.329998,0
3338834,3338033,2162698,0.029960563,0.030546457,-0.0064981133,37.329998,0
3538915,3538117,2162698,0.026924558,0.02892193,-0.0068176924,37.329998,0
3739020,3738201,2162698,0.028256139,0.03171825,-0.009773802,37.329998,0
3839057,3838248,2162698,0.02724414,0.029108353,-0.008415589,37.329998,0
3939093,3938294,2162698,0.02612561,0.030146983,-0.008415589,37.329998,0
4039119,4038324,2162698,0.026045717,0.03006709,-0.008495484,37.518234,0
4339253,4338454,2162698,0.02892193,0.031185616,-0.008415589,37.518234,0
4739412,4738611,2162698,0.02745719,0.030652985,-0.0072437986,37.518234,0
4839447,4838652,2162698,0.027324032,0.027723508,-0.008628642,37.518234,0
4939505,4938693,2162698,0.027297402,0.029614352,-0.0064981133,37.518234,0
5139592,5138776,2162698,0.02548645,0.030013826,-0.00958738,37.565292,0
5439696,5438901,2162698,0.026738139,0.029161615,-0.006631271,37.565292,0
5539749,5538943,2162698,0.027324032,0.030812774,-0.008122642,37.565292,0
5639831,5639010,2162698,0.026711507,0.028682245,-0.007962852,37.565292,0
5839873,5839071,2162698,0.026897928,0.030519826,-0.008468852,37.565292,0
5939914,5939109,2162698,0.024714136,0.030013826,-0.0071372716,37.565292,0
6139994,6139192,2162698,0.027963191,0.029268142,-0.010945592,37.70647,0
6437619,6436819,2162698,0.02761698,0.02860235,-0.007882957,37.70647,0
6537694,6536871,2162698,0.0257794,0.032011196,-0.00793622,37.70647,0
6637701,6636903,2162698,0.027936561,0.028522456,-0.008495484,37.70647,0
6937827,6937029,2162698,0.025726136,0.029987194,-0.006471481,37.70647,0
7037868,7037070,2162698,0.027643614,0.02892193,-0.006764429,37.61235,0
7137906,7137111,2162698,0.023435818,0.030200249,-0.009773802,37.61235,0
7438045,7437242,2162698,0.024820661,0.030626353,-0.008175905,37.61235,0
7738181,7737365,2162698,0.028202876,0.030599723,-0.008362326,37.61235,0
7838241,7837405,2162698,0.023915188,0.03006709,-0.008788432,37.61235,0
7938253,7937447,2162698,0.026152242,0.029294772,-0.007856325,37.61235,0
8138350,8137529,2162698,0.026498454,0.029294772,-0.009560749,37.70647,0
8238371,8237573,2162698,0.026791401,0.03259709,-0.007749799,37.70647,0
8438472,8437663,2162698,0.02396845,0.032756884,-0.0079095885,37.70647,0
8738625,8737798,2162698,0.027537087,0.028202876,-0.00793622,37.70647,0
8938665,8937867,2162698,0.028202876,0.032037828,-0.008655273,37.70647,0
9138757,9137954,2162698,0.025060346,0.029534457,-0.007882957,37.70647,0
9338832,9338036,2162698,0.024900557,0.030812774,-0.009400958,37.70647,0
9438869,9438074,2162698,0.024288028,0.030999197,-0.00793622,37.70647,0
9538911,9538116,2162698,0.025832662,0.030599723,-0.008309063,37.70647,0
9638978,9638160,2162698,0.02593919,0.028309403,-0.0092678005,37.70647,0
9839056,9838246,2162698,0.029348034,0.030120352,-0.0068709557,37.70647,0
9939127,9938312,2162698,0.029827405,0.030812774,-0.0076432726,37.70647,0
10239202,10238404,2162698,0.02724414,0.028975194,-0.007217167,37.894703,0
10339266,10338458,2162698,0.023542345,0.031558458,-0.007403588,37.894703,0
11039557,11038760,2162698,0.029507827,0.028362665,-0.008255799,37.988823,0
11239642,11238844,2162698,0.027723508,0.029188246,-0.009933591,37.988823,0
11339691,11338878,2162698,0.029081719,0.03009372,-0.0071372716,37.988823,0
11739864,11739058,2162698,0.028815404,0.029268142,-0.009214537,37.988823,0
11939941,11939143,2162698,0.025033714,0.027989823,-0.009134643,37.988823,0
12137532,12136734,2162698,0.027883297,0.028895298,-0.00990696,37.988823,0
12237566,12236760,2162698,0.029001825,0.028975194,-0.0067377975,37.988823,0
12437640,12436845,2162698,0.026551716,0.031798143,-0.007483483,37.988823,0
12537683,12536888,2162698,0.025220135,0.030146983,-0.008761801,37.988823,0
12937876,12937058,2162698,0.026418557,0.030040458,-0.008548747,37.988823,0
13037924,13037112,2162698,0.027750138,0.029481193,-0.0076965354,37.988823,0
13137977,13137150,2162698,0.026365295,0.03225088,-0.010652645,37.988823,0
13438077,13437282,2162698,0.029108353,0.030812774,-0.00644485,37.988823,0
13838288,13837447,2162698,0.02857572,0.030226879,-0.009374327,37.988823,0
13938299,13937493,2162698,0.025806032,0.030786142,-0.0062051653,37.988823,0
14038349,14037536,2162698,0.028309403,0.03025351,-0.007669904,38.08294,0
14138381,14137578,2162698,0.026684875,0.028389297,-0.009773802,38.08294,0
14238442,14237632,2162698,0.025912559,0.03009372,-0.0074302196,38.08294,0
14338496,14337677,2162698,0.029774142,0.030200249,-0.007483483,38.08294,0
14438552,14437713,2162698,0.028016454,0.030866038,-0.008761801,38.08294,0
14638619,14637810,2162698,0.026285399,0.031478565,-0.0070041134,38.08294,0
15238857,15238046,2162698,0.02806972,0.031105723,-0.009507486,38.17706,0
15338902,15338095,2162698,0.028362665,0.028895298,-0.009347695,38.17706,0
15539022,15538183,2162698,0.034754254,0.03057309,-0.009321064,38.17706,0
15639073,15638220,2162698,0.025433188,0.028362665,-0.008522116,38.17706,0
15739104,15738268,2162698,0.024687503,0.029268142,-0.0064981133,38.17706,0
16039187,16038392,2162698,0.026791401,0.028842036,-0.0075633777,38.271175,0
16139236,16138435,2162698,0.02809635,0.030360037,-0.010093381,38.271175,0
16239282,16238478,2162698,0.025832662,0.030333405,-0.008415589,38.271175,0
16339322,16338523,2162698,0.029747508,0.030146983,-0.0063116923,38.271175,0
16639496,16638660,2162698,0.02514024,0.02860235,-0.009054748,38.271175,0
16739540,16738717,2162698,0.030626353,0.029161615,-0.007669904,38.271175,0
16939573,16938778,2162698,0.026684875,0.030280141,-0.0065513765,38.271175,0
17039642,17038825,2162698,0.024234766,0.029348034,-0.0073769568,38.271175,0
17139707,17138874,2162698,0.030173616,0.03171825,-0.009187906,38.271175,0
17339759,17338953,2162698,0.026258769,0.028628983,-0.006791061,38.271175,0
17439820,17439001,2162698,0.027670244,0.029534457,-0.0077231675,38.271175,0
17539841,17539042,2162698,0.026418557,0.029188246,-0.009986854,38.271175,0
17639899,17639086,2162698,0.029188246,0.028895298,-0.00958738,38.271175,0
17739932,17739137,2162698,0.028202876,0.029134983,-0.009640643,38.271175,0
17839964,17839169,2162698,0.027989823,0.028522456,-0.008974853,38.271175,0
18037583,18036765,2162698,0.026045717,0.029161615,-0.010226539,38.271175,0
18137632,18136806,2162698,0.029507827,0.03006709,-0.0070307455,38.271175,0
18237677,18236845,2162698,0.026072348,0.029827405,-0.010093381,38.271175,0
18337733,18336895,2162698,0.031238882,0.029987194,-0.0072704297,38.271175,0
18437757,18436932,2162698,0.03139867,0.030546457,-0.009001484,38.271175,0
18537796,18536974,2162698,0.029188246,0.028842036,-0.0072704297,38.271175,0
18837946,18837112,2162698,0.027297402,0.028202876,-0.0068975873,38.271175,0
18937990,18937169,2162698,0.027670244,0.030466564,-0.007882957,38.271175,0
19238083,19237286,2162698,0.027803402,0.031158986,-0.008042747,38.45941,0
19338123,19337328,2162698,0.03235741,0.03139867,-0.0069774822,38.45941,0
19438197,19437383,2162698,0.02660498,0.02806972,-0.009480854,38.45941,0
19538218,19537413,2162698,0.02857572,0.030386668,-0.008202536,38.45941,0
19638259,19637456,2162698,0.022770029,0.03089267,-0.007829694,38.45941,0
21138920,21138125,2162698,0.02894856,0.030120352,-0.007403588,38.45941,0
21239023,21238191,2162698,0.030386668,0.030040458,-0.008761801,38.45941,0
21539092,21538293,2162698,0.025592979,0.02892193,-0.009347695,38.45941,0
21939284,21938480,2162698,0.028895298,0.030280141,-0.005486112,38.45941,0
22039340,22038516,2162698,0.029960563,0.03073288,-0.0069508506,38.553528,0
22339438,22338640,2162698,0.029747508,0.029161615,-0.008575379,38.553528,0
22439483,22438686,2162698,0.029374668,0.03006709,-0.007483483,38.553528,0
22639584,22638771,2162698,0.029214878,0.030333405,-0.007084009,38.553528,0
22739615,22738818,2162698,0.025513085,0.029907301,-0.0066845347,38.553528,0
22839657,22838862,2162698,0.02711098,0.02873551,-0.008149273,38.553528,0
22939711,22938906,2162698,0.029880667,0.029694246,-0.00793622,38.553528,0
23139827,23139010,2162698,0.02892193,0.02806972,-0.007882957,38.741764,0
23239842,23239043,2162698,0.028256139,0.030146983,-0.0062051653,38.741764,0
23439922,23439127,2162698,0.023915188,0.030013826,-0.008069378,38.741764,0
23640017,23639214,2162698,0.027297402,0.03089267,-0.008868326,38.741764,0
23737555,23736756,2162698,0.0257794,0.029933931,-0.009001484,38.741764,0
23837603,23836801,2162698,0.027377298,0.02956109,-0.006657903,38.741764,0
23937665,23936855,2162698,0.028122982,0.031212248,-0.008708538,38.741764,0
24037700,24036899,2162698,0.02727077,0.031771515,-0.008229168,38.741764,0
24137729,24136933,2162698,0.026684875,0.031158986,-0.008708538,38.741764,0
24237776,24236979,2162698,0.027190875,0.029294772,-0.007163903,38.741764,0
24337818,24337022,2162698,0.025646243,0.029481193,-0.0069508506,38.741764,0
24537913,24537111,2162698,0.02463424,0.029987194,-0.0053795855,38.741764,0
24737999,24737200,2162698,0.027297402,0.028868668,-0.0075900094,38.741764,0
24838063,24837250,2162698,0.025193503,0.029694246,-0.006178534,38.741764,0
24938091,24937291,2162698,0.027031086,0.030333405,-0.006231797,38.741764,0
25038136,25037334,2162698,0.025300032,0.02892193,-0.005912218,38.741764,0
25438312,25437513,2162698,0.02727077,0.030200249,-0.00793622,38.741764,0
25538356,25537558,2162698,0.0252734,0.027084349,-0.008548747,38.741764,0
25738462,25737664,2162698,0.027883297,0.030439932,-0.0080960095,38.741764,0
25838512,25837690,2162698,0.027510455,0.032463934,-0.008282431,38.741764,0
25938541,25937734,2162698,0.027084349,0.030040458,-0.007856325,38.741764,0
26038574,26037779,2162698,0.028122982,0.029933931,-0.008522116,38.741764,0
26138621,26137823,2162698,0.028895298,0.030333405,-0.007829694,38.741764,0
26238675,26237868,2162698,0.02463424,0.029827405,-0.006657903,38.741764,0
26638842,26638047,2162698,0.027723508,0.029134983,-0.0070307455,38.741764,0
26738892,26738095,2162698,0.028682245,0.027830034,-0.008548747,38.741764,0
27439195,27438399,2162698,0.026232136,0.028495824,-0.008202536,38.83588,0
27639305,27638495,2162698,0.026391927,0.029108353,-0.007057377,38.83588,0
27739341,27738539,2162698,0.028682245,0.031451933,-0.007483483,38.83588,0
27839383,27838585,2162698,0.026312033,0.030679615,-0.0059921127,38.83588,0
28039486,28038674,2162698,0.029294772,0.030306775,-0.009108012,39.024117,0
28139528,28138730,2162698,0.029374668,0.029667616,-0.00860201,39.024117,0
28239564,28238764,2162698,0.026152242,0.029827405,-0.007856325,39.024117,0
28339629,28338824,2162698,0.026152242,0.028469194,-0.0080960095,39.024117,0
28939885,28939086,2162698,0.030812774,0.029987194,-0.0062051653,39.024117,0
29237540,29236730,2162698,0.02806972,0.029055087,-0.010173276,38.93,0
29437603,29436805,2162698,0.03070625,0.02759035,-0.008735169,38.93,0
29637693,29636895,2162698,0.026312033,0.02873551,-0.0068709557,38.93,0
29737740,29736942,2162698,0.028975194,0.03171825,-0.007829694,38.93,0
30037878,30037076,2162698,0.029640984,0.029640984,-0.006764429,39.024117,0
30638152,30637349,2162698,0.027936561,0.031052459,-0.0075101145,39.024117,0
30738220,30737404,2162698,0.025806032,0.029055087,-0.008016115,39.024117,0
31138373,31137575,2162698,0.02524677,0.029534457,-0.008575379,39.024117,0
31238432,31237634,2162698,0.028975194,0.03107909,-0.0090813795,39.024117,0
31338469,31337671,2162698,0.02724414,0.029854037,-0.00892159,39.024117,0
31438514,31437711,2162698,0.02894856,0.027989823,-0.008016115,39.024117,0
31538561,31537763,2162698,0.027670244,0.031798143,-0.007323693,39.024117,0
31638609,31637809,2162698,0.029747508,0.029774142,-0.0075367456,39.024117,0
31838690,31837883,2162698,0.028202876,0.028842036,-0.0072704297,39.024117,0
31938732,31937937,2162698,0.027483823,0.029907301,-0.008069378,39.024117,0
32038785,32037990,2162698,0.026365295,0.031451933,-0.0071106404,39.118233,0
32238885,32238075,2162698,0.029268142,0.029161615,-0.007803062,39.118233,0
32338913,32338116,2162698,0.026285399,0.029640984,-0.006924219,39.118233,0
32438982,32438165,2162698,0.026285399,0.030626353,-0.0075900094,39.118233,0
32539064,32538245,2162698,0.026924558,0.028868668,-0.008122642,39.118233,0
32639068,32638263,2162698,0.026445191,0.029028457,-0.0068443245,39.118233,0
32939266,32938460,2162698,0.028389297,0.029161615,-0.008069378,39.118233,0
33039262,33038438,2162698,0.026658243,0.029987194,-0.0070307455,39.118233,0
33239364,33238553,2162698,0.029640984,0.029854037,-0.007456851,39.118233,0
33439432,33438619,2162698,0.025726136,0.02806972,-0.009773802,39.118233,0
33539465,33538665,2162698,0.025752768,0.029374668,-0.008042747,39.118233,0
33839617,33838805,2162698,0.027830034,0.029374668,-0.007856325,39.118233,0
34139747,34138941,2162698,0.029614352,0.031052459,-0.007669904,39.118233,0
34439879,34439075,2162698,0.027723508,0.03006709,-0.008335694,39.118233,0
34937619,34936808,2162698,0.02495382,0.029055087,-0.0068709557,39.118233,0
35037646,35036846,2162698,0.03070625,0.030652985,-0.006764429,39.212353,0
35237747,35236940,2162698,0.028655613,0.03089267,-0.008309063,39.212353,0
35337779,35336984,2162698,0.02724414,0.028815404,-0.0068975873,39.212353,0
35437845,35437029,2162698,0.027776772,0.029348034,-0.0075367456,39.212353,0
35537887,35537089,2162698,0.025193503,0.030679615,-0.007962852,39.212353,0
35938061,35937262,2162698,0.025539715,0.029321404,-0.010333065,39.212353,0
36038118,36037309,2162698,0.024048345,0.030040458,-0.008229168,39.30647,0
36238220,36237420,2162698,0.026658243,0.030333405,-0.0069508506,39.30647,0
36338252,36337446,2162698,0.026897928,0.029720878,-0.008655273,39.30647,0
36438307,36437501,2162698,0.023995081,0.029348034,-0.0074302196,39.30647,0
36538347,36537534,2162698,0.030546457,0.031052459,-0.010120012,39.30647,0
36938536,36937730,2162698,0.026312033,0.029481193,-0.005885586,39.30647,0
37038562,37037764,2162698,0.028149612,0.02894856,-0.008122642,39.25941,0
37138613,37137815,2162698,0.028708877,0.029028457,-0.008149273,39.25941,0
37238651,37237856,2162698,0.027403928,0.029534457,-0.007084009,39.25941,0
37338721,37337911,2162698,0.02828277,0.029161615,-0.0070307455,39.25941,0
37538811,37538013,2162698,0.025539715,0.028389297,-0.0068443245,39.25941,0
37738908,37738088,2162698,0.03137204,0.030466564,-0.0064981133,39.25941,0
37838944,37838133,2162698,0.026818031,0.028362665,-0.006791061,39.25941,0
37938995,37938190,2162698,0.027883297,0.030439932,-0.0080960095,39.25941,0
38139080,38138281,2162698,0.026924558,0.029454561,-0.0075900094,39.30647,0
38339166,38338367,2162698,0.028389297,0.027750138,-0.007217167,39.30647,0
38439213,38438413,2162698,0.026045717,0.030360037,-0.0063915867,39.30647,0
38539268,38538456,2162698,0.02660498,0.029401299,-0.010066749,39.30647,0
38639320,38638505,2162698,0.02761698,0.028975194,-0.007163903,39.30647,0
38739349,38738551,2162698,0.025592979,0.029028457,-0.007456851,39.30647,0
39239589,39238794,2162698,0.029108353,0.029534457,-0.0080960095,39.400585,0
39339659,39338837,2162698,0.029028457,0.030386668,-0.008655273,39.400585,0
39639849,39638986,2162698,0.027537087,0.028549086,-0.0075367456,39.400585,0
39739841,39739024,2162698,0.030679615,0.029854037,-0.0076965354,39.400585,0
39839860,39839061,2162698,0.029507827,0.027217505,-0.008255799,39.400585,0
39939909,39939108,2162698,0.02545982,0.028229509,-0.006764429,39.400585,0
40337627,40336819,2162698,0.02545982,0.027909929,-0.0067377975,39.494705,0
40437640,40436837,2162698,0.027696876,0.029960563,-0.007163903,39.494705,0
40537684,40536888,2162698,0.024980452,0.029055087,-0.00628506,39.494705,0
40637726,40636928,2162698,0.026312033,0.028336035,-0.0063383235,39.494705,0
40737779,40736977,2162698,0.026391927,0.0304133,-0.0068176924,39.494705,0
41438097,41437302,2162698,0.025726136,0.030173616,-0.0080960095,39.494705,0
41738252,41737443,2162698,0.026205506,0.030386668,-0.008575379,39.494705,0
41838298,41837489,2162698,0.028415928,0.030173616,-0.007190535,39.494705,0
42038397,42037585,2162698,0.028895298,0.030972565,-0.0068709557,39.58882,0
42638655,42637859,2162698,0.035766255,0.029747508,-0.0046072686,39.58882,0
42738731,42737932,2162698,0.020479709,0.030759512,-0.0060187443,39.58882,0
42838751,42837952,2162698,0.022583608,0.028309403,-0.008761801,39.58882,0
42938847,42938022,2162698,0.02346245,0.029401299,-0.0075633777,39.58882,0
43038842,43038047,2162698,0.024687503,0.029987194,-0.007856325,39.494705,0
43138900,43138105,2162698,0.020373182,0.028628983,-0.0072970614,39.494705,0
43639131,43638329,2162698,0.028682245,0.030626353,-0.007057377,39.494705,0
43839218,43838422,2162698,0.031105723,0.02724414,-0.008149273,39.494705,0
43939279,43938469,2162698,0.029694246,0.029933931,-0.0072970614,39.494705,0
44339463,44338668,2162698,0.02231729,0.030866038,-0.0076432726,39.494705,0
44739653,44738856,2162698,0.027350664,0.02727077,-0.014194649,39.494705,0
44839709,44838899,2162698,0.031105723,0.03025351,-0.008548747,39.494705,0
45039814,45039001,2162698,0.023355922,0.029481193,-0.009374327,39.58882,0
45339921,45339125,2162698,0.021891184,0.029507827,-0.008042747,39.58882,0
45439997,45439170,2162698,0.024580978,0.030360037,-0.006924219,39.58882,0
45537525,45536725,2162698,0.02942793,0.029401299,-0.007323693,39.58882,0
45637581,45636779,2162698,0.024900557,0.030120352,-0.0075900094,39.58882,0
45737611,45736810,2162698,0.02561961,0.027830034,-0.0067111664,39.58882,0
45837660,45836860,2162698,0.025912559,0.02876214,-0.008388958,39.58882,0
46337887,46337092,2162698,0.028868668,0.028309403,-0.008229168,39.68294,0
46537982,46537186,2162698,0.03006709,0.029907301,-0.0072437986,39.68294,0
46638043,46637241,2162698,0.028122982,0.02724414,-0.0066046393,39.68294,0
46738098,46737294,2162698,0.02548645,0.028788771,-0.0069774822,39.68294,0
46838138,46837337,2162698,0.029720878,0.027803402,-0.0072704297,39.68294,0
46938220,46937412,2162698,0.031345405,0.029800773,-0.007962852,39.68294,0
47038282,47037432,2162698,0.028122982,0.028708877,-0.0061519025,39.777058,0
47138303,47137476,2162698,0.028336035,0.026498454,-0.0067111664,39.777058,0
47438406,47437611,2162698,0.028336035,0.029214878,-0.0073769568,39.777058,0
47538510,47537681,2162698,0.026871296,0.030439932,-0.005912218,39.777058,0
48639028,48638192,2162698,0.025832662,0.02809635,-0.007456851,39.871174,0
48739058,48738236,2162698,0.026178874,0.02892193,-0.005086638,39.871174,0
48839123,48838289,2162698,0.027909929,0.0304133,-0.0053263223,39.871174,0
49339329,49338513,2162698,0.027909929,0.027909929,-0.0063915867,39.871174,0
49739547,49738725,2162698,0.030626353,0.03057309,-0.0074302196,39.871174,0
49939673,49938832,2162698,0.028415928,0.025060346,-0.006471481,39.871174,0
50039638,50038843,2162698,0.026684875,0.026658243,-0.008415589,39.871174,0
50139712,50138890,2162698,0.028202876,0.029161615,-0.00644485,39.871174,0
50239796,50238946,2162698,0.02561961,0.03158509,-0.006791061,39.871174,0
50339856,50339001,2162698,0.025566347,0.030200249,-0.007669904,39.871174,0
51037641,51036828,2162698,0.024367925,0.028176246,-0.006578008,39.871174,0
51137714,51136888,2162698,0.026471822,0.028256139,-0.008069378,39.965294,0
51237714,51236915,2162698,0.025353294,0.028415928,-0.008149273,39.965294,0
51337767,51336962,2162698,0.024820661,0.027696876,-0.007403588,39.965294,0
51537863,51537057,2162698,0.027483823,0.027856665,-0.00628506,39.965294,0
51737961,51737166,2162698,0.026525084,0.029188246,-0.0073503247,39.965294,0
51838067,51837266,2162698,0.026791401,0.027403928,-0.0064981133,39.965294,0
51938077,51937256,2162698,0.027057717,0.029880667,-0.006364955,39.965294,0
52038102,52037296,2162698,0.027324032,0.028256139,-0.0075900094,39.965294,0
52138206,52137384,2162698,0.027936561,0.031558458,-0.0061519025,39.965294,0
52238198,52237391,2162698,0.028202876,0.02924151,-0.00958738,39.965294,0
52638391,52637582,2162698,0.023249397,0.030519826,-0.008628642,39.965294,0
52738443,52737646,2162698,0.025007084,0.027989823,-0.008548747,39.965294,0
52838488,52837683,2162698,0.028122982,0.026684875,-0.008388958,39.965294,0
53138637,53137823,2162698,0.026365295,0.030306775,-0.0090813795,40.05941,0
53238688,53237886,2162698,0.027830034,0.02857572,-0.0079095885,40.05941,0
53838963,53838156,2162698,0.027324032,0.027883297,-0.007163903,40.05941,0
53939034,53938204,2162698,0.03025351,0.029401299,-0.005752428,40.05941,0
54039063,54038253,2162698,0.028229509,0.02828277,-0.0064182184,40.05941,0
54139101,54138302,2162698,0.026045717,0.030173616,-0.008255799,39.965294,0
54239148,54238347,2162698,0.027297402,0.028389297,-0.0072437986,39.965294,0
54339218,54338411,2162698,0.0252734,0.029161615,-0.006045376,39.965294,0
54439269,54438470,2162698,0.025912559,0.027350664,-0.0064981133,39.965294,0
54739393,54738590,2162698,0.029055087,0.027750138,-0.00577906,39.965294,0
54939486,54938686,2162698,0.027563717,0.02857572,-0.0072437986,39.965294,0
55539792,55538980,2162698,0.028975194,0.028655613,-0.006657903,40.05941,0
55639819,55639020,2162698,0.02444782,0.028975194,-0.0050067427,40.05941,0
55939962,55939164,2162698,0.027350664,0.028256139,-0.006764429,40.05941,0
56137579,56136767,2162698,0.025566347,0.029348034,-0.004527374,40.15353,0
56737867,56737053,2162698,0.027350664,0.029321404,-0.009667275,40.15353,0
57037993,57037194,2162698,0.029001825,0.029987194,-0.007776431,40.15353,0
57938463,57937643,2162698,0.028336035,0.027963191,-0.0054594805,40.247646,0
58038502,58037684,2162698,0.026631612,0.028336035,-0.0068176924,40.247646,0
58138521,58137723,2162698,0.028415928,0.029960563,-0.008202536,40.341763,0
58238592,58237783,2162698,0.02609898,0.031318776,-0.007323693,40.341763,0
58338621,58337820,2162698,0.027909929,0.030120352,-0.008841695,40.341763,0
58938905,58938110,2162698,0.027164243,0.02958772,-0.0075900094,40.341763,0
59139020,59138212,2162698,0.025646243,0.02956109,-0.008069378,40.247646,0
59339122,59338318,2162698,0.029640984,0.029481193,-0.0079095885,40.247646,0
59639251,59638452,2162698,0.026977824,0.02857572,-0.007776431,40.247646,0
59739303,59738498,2162698,0.02761698,0.02924151,-0.007163903,40.247646,0
60139490,60138692,2162698,0.027696876,0.029374668,-0.0064981133,40.341763,0
60239552,60238741,2162698,0.02857572,0.03057309,-0.005912218,40.341763,0
60339619,60338789,2162698,0.027031086,0.028309403,-0.0079095885,40.341763,0
60439665,60438841,2162698,0.028122982,0.028176246,-0.005139901,40.341763,0
60539712,60538887,2162698,0.029401299,0.028975194,-0.007323693,40.341763,0
60639795,60638989,2162698,0.030040458,0.028043088,-0.008149273,40.341763,0
60939903,60939098,2162698,0.026445191,0.029694246,-0.007057377,40.341763,0
61637716,61636921,2162698,0.027190875,0.027936561,-0.007749799,40.341763,0
61737768,61736973,2162698,0.027696876,0.029800773,-0.006631271,40.341763,0
61837825,61837028,2162698,0.02711098,0.026391927,-0.007989483,40.341763,0
62238036,62237221,2162698,0.025672873,0.03073288,-0.0072437986,40.341763,0
62438109,62437314,2162698,0.026232136,0.028549086,-0.008282431,40.341763,0
62538178,62537362,2162698,0.027483823,0.027776772,-0.007829694,40.341763,0
62738316,62737493,2162698,0.027510455,0.028815404,-0.007403588,40.341763,0
62838353,62837518,2162698,0.029055087,0.027989823,-0.008868326,40.341763,0
62938411,62937567,2162698,0.028043088,0.027324032,-0.0061519025,40.341763,0
63138451,63137656,2162698,0.025992453,0.02892193,-0.0069774822,40.435883,0
63438601,63437803,2162698,0.026152242,0.028628983,-0.007456851,40.435883,0
63538649,63537851,2162698,0.024394555,0.02956109,-0.006524745,40.435883,0
63838804,63837995,2162698,0.02924151,0.02759035,-0.0067111664,40.435883,0
64038888,64038093,2162698,0.028788771,0.028016454,-0.008362326,40.435883,0
64439094,64438291,2162698,0.027483823,0.029507827,-0.0068975873,40.341763,0
65139439,65138632,2162698,0.027137613,0.03057309,-0.00793622,40.53,0
65239492,65238695,2162698,0.026844665,0.030333405,-0.0068975873,40.53,0
65339540,65338734,2162698,0.028016454,0.028176246,-0.0072970614,40.53,0
65839817,65839001,2162698,0.025752768,0.028016454,-0.008442221,40.53,0
65939850,65939037,2162698,0.028788771,0.02892193,-0.007962852,40.53,0
66039878,66039078,2162698,0.027670244,0.029774142,-0.0056991647,40.53,0
66537614,66536819,2162698,0.026711507,0.028442562,-0.007190535,40.53,0
66637667,66636868,2162698,0.027803402,0.029134983,-0.0077231675,40.53,0
66737713,66736918,2162698,0.030679615,0.029055087,-0.0063915867,40.53,0
66837762,66836967,2162698,0.028815404,0.027963191,-0.0064981133,40.53,0
67237959,67237164,2162698,0.023861924,0.029534457,-0.0048203217,40.624115,0
67738233,67737423,2162698,0.02873551,0.026285399,-0.006631271,40.624115,0
67838286,67837470,2162698,0.02894856,0.030200249,-0.0069774822,40.624115,0
67938328,67937512,2162698,0.02894856,0.029481193,-0.0065513765,40.624115,0
68038360,68037561,2162698,0.030386668,0.026791401,-0.0067111664,40.624115,0
68138404,68137609,2162698,0.028682245,0.030386668,-0.0062584286,40.53,0
68238465,68237659,2162698,0.029081719,0.027643614,-0.006524745,40.53,0
68438554,68437759,2162698,0.024288028,0.029161615,-0.0060187443,40.53,0
68538607,68537805,2162698,0.03435478,0.02857572,-0.008335694,40.53,0
68838749,68837954,2162698,0.03534015,0.02876214,-0.004314321,40.53,0
68938801,68938006,2162698,0.027830034,0.030173616,-0.007856325,40.53,0
69038859,69038063,2162698,0.027750138,0.03225088,-0.005486112,40.53,0
69138905,69138102,2162698,0.02892193,0.02876214,-0.0070307455,40.624115,0
69439066,69438254,2162698,0.02724414,0.026791401,-0.0068709557,40.624115,0
69539110,69538312,2162698,0.0314253,0.028256139,-0.0077231675,40.624115,0
69639163,69638367,2162698,0.031238882,0.02743056,-0.0068709557,40.624115,0
70039358,70038548,2162698,0.02860235,0.027883297,-0.0080960095,40.624115,0
70439588,70438748,2162698,0.030040458,0.028895298,-0.008841695,40.624115,0
70539599,70538804,2162698,0.02860235,0.02695119,-0.006924219,40.624115,0
70639643,70638845,2162698,0.027137613,0.029667616,-0.0051665325,40.624115,0
70839753,70838944,2162698,0.032037828,0.027989823,-0.008415589,40.624115,0
70939817,70939001,2162698,0.024474451,0.027563717,-0.007403588,40.624115,0
71239958,71239163,2162698,0.025300032,0.028362665,-0.007616641,40.718235,0
71337507,71336699,2162698,0.021891184,0.029028457,-0.006471481,40.718235,0
71737692,71736894,2162698,0.036192358,0.029987194,-0.004926848,40.718235,0
71837743,71836942,2162698,0.031638354,0.02924151,-0.004554006,40.718235,0
71937789,71936991,2162698,0.03459446,0.02745719,-0.005645902,40.718235,0
72338013,72337200,2162698,0.026551716,0.025832662,-0.007190535,40.624115,0
72438065,72437242,2162698,0.025007084,0.026658243,-0.009534117,40.624115,0
72538098,72537303,2162698,0.024927188,0.029454561,-0.0058589545,40.624115,0
72838253,72837439,2162698,0.024341293,0.027883297,-0.007084009,40.624115,0
72938306,72937501,2162698,0.028522456,0.027670244,-0.005246428,40.624115,0
73038340,73037541,2162698,0.02695119,0.02894856,-0.008149273,40.624115,0
73138389,73137591,2162698,0.029481193,0.028309403,-0.0042876895,40.81235,0
73238446,73237649,2162698,0.025699506,0.029694246,-0.0061519025,40.81235,0
73438548,73437740,2162698,0.028655613,0.029268142,-0.0068975873,40.81235,0
73538605,73537790,2162698,0.026658243,0.028628983,-0.008468852,40.81235,0
73638676,73637864,2162698,0.026019083,0.028469194,-0.009480854,40.81235,0
73838736,73837938,2162698,0.026658243,0.030013826,-0.006231797,40.81235,0
73938789,73937990,2162698,0.028708877,0.029454561,-0.006791061,40.81235,0
74038867,74038059,2162698,0.02724414,0.02924151,-0.0053795855,40.81235,0
74138899,74138090,2162698,0.03057309,0.02873551,-0.0065513765,40.81235,0
74238959,74238139,2162698,0.028256139,0.029001825,-0.009400958,40.81235,0
74339023,74338192,2162698,0.02828277,0.029667616,-0.008362326,40.81235,0
74739194,74738396,2162698,0.029188246,0.029827405,-0.008655273,40.81235,0
75039364,75038545,2162698,0.024927188,0.029028457,-0.0068176924,40.81235,0
75139389,75138589,2162698,0.027510455,0.027031086,-0.008628642,40.81235,0
75639680,75638847,2162698,0.028309403,0.028815404,-0.008815063,40.81235,0
75739709,75738895,2162698,0.023835292,0.030466564,-0.0068176924,40.81235,0
76139891,76139090,2162698,0.026977824,0.02876214,-0.007749799,40.81235,0
76340011,76339197,2162698,0.027537087,0.029481193,-0.007057377,40.81235,0
76440044,76439242,2162698,0.02806972,0.030466564,-0.0067377975,40.81235,0
76637643,76636838,2162698,0.03009372,0.028149612,-0.007323693,40.81235,0
76737691,76736893,2162698,0.028655613,0.028389297,-0.0065513765,40.81235,0
76837733,76836936,2162698,0.03057309,0.02942793,-0.00644485,40.81235,0
76937801,76936992,2162698,0.030360037,0.029534457,-0.004554006,40.81235,0
77037831,77037036,2162698,0.030866038,0.029694246,-0.007163903,40.81235,0
77137898,77137100,2162698,0.025353294,0.027004454,-0.007669904,40.90647,0
77237945,77237136,2162698,0.02761698,0.028442562,-0.0072970614,40.90647,0
77438052,77437256,2162698,0.024927188,0.028682245,-0.0052996906,40.90647,0
77538090,77537295,2162698,0.027909929,0.026658243,-0.008548747,40.90647,0
77938313,77937502,2162698,0.026338665,0.02958772,-0.006578008,40.90647,0
78238436,78237639,2162698,0.026258769,0.027696876,-0.0068709557,41.000587,0
78338499,78337689,2162698,0.030812774,0.027563717,-0.0080960095,41.000587,0
78438552,78437749,2162698,0.028202876,0.028895298,-0.0072437986,41.000587,0
78538592,78537790,2162698,0.030812774,0.029880667,-0.005912218,41.000587,0
78838748,78837949,2162698,0.027324032,0.028788771,-0.008016115,41.000587,0
78938792,78937995,2162698,0.030945932,0.02745719,-0.0065513765,41.000587,0
79038846,79038047,2162698,0.028389297,0.029294772,-0.005432849,41.000587,0
79339026,79338201,2162698,0.02806972,0.029108353,-0.008309063,41.000587,0
79439053,79438247,2162698,0.028016454,0.028628983,-0.0065513765,41.000587,0
79539109,79538301,2162698,0.026019083,0.02857572,-0.007882957,41.000587,0
79739226,79738427,2162698,0.02958772,0.030679615,-0.007190535,41.000587,0
79839247,79838448,2162698,0.026791401,0.029880667,-0.008016115,41.000587,0
80339495,80338700,2162698,0.029321404,0.027803402,-0.006364955,41.094704,0
80739694,80738899,2162698,0.027324032,0.03107909,-0.008948221,41.094704,0
80839755,80838950,2162698,0.029827405,0.028469194,-0.0061252704,41.094704,0
80939837,80939038,2162698,0.028176246,0.02892193,-0.007190535,41.094704,0
81039867,81039055,2162698,0.026445191,0.029055087,-0.006764429,41.094704,0
81139900,81139102,2162698,0.028256139,0.029481193,-0.008735169,41.094704,0
81340004,81339203,2162698,0.031185616,0.02860235,-0.0058589545,41.094704,0
81437571,81436758,2162698,0.027297402,0.028682245,-0.0069508506,41.094704,0
81537607,81536810,2162698,0.029907301,0.029854037,-0.007989483,41.094704,0
81637678,81636862,2162698,0.026631612,0.029854037,-0.0076432726,41.094704,0
81837754,81836957,2162698,0.025806032,0.029081719,-0.005832323,41.094704,0
82137904,82137109,2162698,0.027377298,0.02892193,-0.006231797,41.094704,0
82338016,82337210,2162698,0.028389297,0.026791401,-0.0053795855,41.094704,0
82438073,82437261,2162698,0.025885925,0.028708877,-0.0060986388,41.094704,0
82538117,82537312,2162698,0.027909929,0.029987194,-0.0079095885,41.094704,0
82638191,82637378,2162698,0.027084349,0.030519826,-0.0063116923,41.094704,0
82838273,82837474,2162698,0.027537087,0.026818031,-0.006045376,41.094704,0
82938312,82937510,2162698,0.028868668,0.02676477,-0.007882957,41.094704,0
83138414,83137616,2162698,0.02860235,0.027643614,-0.0058056912,41.094704,0
83538637,83537828,2162698,0.027403928,0.026631612,-0.008548747,41.094704,0
83638686,83637874,2162698,0.02743056,0.028868668,-0.007483483,41.094704,0
83738734,83737927,2162698,0.025379926,0.030626353,-0.007776431,41.094704,0
83938866,83938031,2162698,0.025513085,0.030786142,-0.006924219,41.094704,0
84739235,84738429,2162698,0.027803402,0.027537087,-0.009693907,41.188824,0
84839300,84838485,2162698,0.027696876,0.028895298,-0.00644485,41.188824,0
84939331,84938530,2162698,0.027936561,0.030439932,-0.00793622,41.188824,0
85039377,85038579,2162698,0.02743056,0.02894856,-0.005645902,41.188824,0
85239479,85238684,2162698,0.026924558,0.028469194,-0.0065513765,41.188824,0
85339542,85338732,2162698,0.026232136,0.030013826,-0.008362326,41.188824,0
85439594,85438783,2162698,0.026072348,0.029960563,-0.0061252704,41.188824,0
85539633,85538833,2162698,0.029854037,0.027856665,-0.008042747,41.188824,0
85639690,85638894,2162698,0.02660498,0.030599723,-0.0072970614,41.188824,0
85739787,85738944,2162698,0.026285399,0.029321404,-0.007882957,41.188824,0
86039906,86039102,2162698,0.026205506,0.027776772,-0.006524745,41.188824,0
86139942,86139147,2162698,0.025965821,0.029401299,-0.0065513765,41.047646,0
86240010,86239193,2162698,0.029374668,0.029640984,-0.008042747,41.047646,0
86537643,86536842,2162698,0.028469194,0.029214878,-0.008255799,41.047646,0
86637691,86636895,2162698,0.027537087,0.02727077,-0.006471481,41.047646,0
86737739,86736944,2162698,0.025726136,0.029001825,-0.0066046393,41.047646,0
86837790,86836995,2162698,0.030759512,0.028522456,-0.0056991647,41.047646,0
86937849,86937054,2162698,0.030652985,0.028868668,-0.0069774822,41.047646,0
87037892,87037097,2162698,0.028362665,0.029028457,-0.0050067427,41.047646,0
87238000,87237202,2162698,0.031105723,0.02695119,-0.006657903,41.188824,0
87338054,87337253,2162698,0.026924558,0.028655613,-0.006631271,41.188824,0
87438103,87437302,2162698,0.031318776,0.026498454,-0.0069508506,41.188824,0
87538158,87537353,2162698,0.026631612,0.028442562,-0.0046871635,41.188824,0
87638220,87637421,2162698,0.026791401,0.028122982,-0.006764429,41.188824,0
88038406,88037611,2162698,0.027563717,0.029081719,-0.0063383235,41.188824,0
88138471,88137659,2162698,0.027217505,0.027750138,-0.008016115,41.28294,0
88538717,88537907,2162698,0.03073288,0.028842036,-0.006764429,41.28294,0
88738771,88737976,2162698,0.024501082,0.028176246,-0.0075633777,41.28294,0
88838813,88838018,2162698,0.025326662,0.027137613,-0.006924219,41.28294,0
89038922,89038122,2162698,0.02561961,0.028495824,-0.005938849,41.28294,0
89539186,89538379,2162698,0.037071202,0.02894856,-0.009001484,41.377056,0
89639227,89638430,2162698,0.02561961,0.029614352,-0.007163903,41.377056,0
89739283,89738479,2162698,0.028975194,0.028256139,-0.00577906,41.377056,0
89839329,89838530,2162698,0.028176246,0.028868668,-0.0051665325,41.377056,0
89939387,89938591,2162698,0.024980452,0.027936561,-0.0072970614,41.377056,0
90139488,90138684,2162698,0.027084349,0.027803402,-0.005486112,41.377056,0
90239531,90238736,2162698,0.030519826,0.026844665,-0.0065513765,41.377056,0
90439634,90438839,2162698,0.026338665,0.02745719,-0.0072704297,41.377056,0
90539688,90538890,2162698,0.026019083,0.029854037,-0.0056991647,41.377056,0
91337609,91336803,2162698,0.021944448,0.027936561,-0.008735169,41.377056,0
91837857,91837059,2162698,0.024474451,0.027537087,-0.0043675844,41.377056,0
92138021,92137215,2162698,0.032011196,0.03137204,-0.007456851,41.471176,0
92238083,92237269,2162698,0.028549086,0.028149612,-0.006364955,41.471176,0
92538220,92537421,2162698,0.03304983,0.029055087,-0.0058056912,41.471176,0
92838368,92837566,2162698,0.029081719,0.030466564,-0.007057377,41.471176,0
93238592,93237794,2162698,0.029481193,0.026072348,-0.006524745,41.377056,0
93338641,93337833,2162698,0.028975194,0.028043088,-0.0056192703,41.377056,0
93438691,93437884,2162698,0.031638354,0.02860235,-0.0052197957,41.377056,0
93538742,93537944,2162698,0.028708877,0.02727077,-0.0067111664,41.377056,0
93738836,93738040,2162698,0.02857572,0.027483823,-0.0060187443,41.377056,0
93838897,93838090,2162698,0.030280141,0.028842036,-0.0064981133,41.377056,0
93938992,93938148,2162698,0.033342775,0.02660498,-0.007989483,41.377056,0
94039025,94038195,2162698,0.032810144,0.027776772,-0.0047670584,41.377056,0
94139053,94138248,2162698,0.028522456,0.026631612,-0.00793622,41.377056,0
94239124,94238324,2162698,0.027164243,0.029214878,-0.006364955,41.377056,0
94439239,94438431,2162698,0.029374668,0.02724414,-0.0037284256,41.377056,0
94539260,94538454,2162698,0.029108353,0.028256139,-0.007163903,41.377056,0
95039520,95038712,2162698,0.019201392,0.026365295,-0.008788432,41.377056,0
95139565,95138764,2162698,0.025539715,0.02958772,-0.005832323,41.471176,0
95239613,95238815,2162698,0.035819516,0.028149612,-0.0075101145,41.471176,0
95339664,95338866,2162698,0.03568636,0.02942793,-0.0069774822,41.471176,0
95439718,95438919,2162698,0.027297402,0.02873551,-0.0033555832,41.471176,0
95739872,95739073,2162698,0.030040458,0.029933931,-0.0062051653,41.471176,0
95839915,95839117,2162698,0.052783854,0.03009372,-0.009614011,41.471176,0
95939983,95939185,2162698,0.0314253,0.027137613,-0.006072007,41.471176,0
96037548,96036738,2162698,0.031824775,0.029214878,-0.008309063,41.471176,0
96137606,96136794,2162698,0.033129726,0.028708877,-0.0043409523,41.565292,0
96237629,96236833,2162698,0.026019083,0.02924151,-0.0035952674,41.565292,0
96938004,96937204,2162698,0.03685815,0.028442562,-0.00628506,41.565292,0
97138101,97137298,2162698,0.03507383,0.02809635,-0.004554006,41.565292,0
97238174,97237354,2162698,0.032277513,0.030120352,-0.0058589545,41.565292,0
97338244,97337415,2162698,0.029001825,0.02809635,-0.005752428,41.565292,0
97538310,97537507,2162698,0.030652985,0.028628983,-0.008175905,41.565292,0
97738416,97737608,2162698,0.028469194,0.028149612,-0.004527374,41.565292,0
97838480,97837660,2162698,0.025752768,0.027350664,-0.0071372716,41.565292,0
97938551,97937721,2162698,0.02593919,0.02860235,-0.008841695,41.565292,0
98138633,98137838,2162698,0.027004454,0.029268142,-0.0068443245,41.565292,0
98238687,98237874,2162698,0.026551716,0.02761698,-0.0063915867,41.565292,0
98638871,98638076,2162698,0.031318776,0.027989823,-0.008522116,41.565292,0
98738923,98738128,2162698,0.030812774,0.027483823,-0.0068443245,41.565292,0
98839020,98838201,2162698,0.03070625,0.029348034,-0.005885586,41.565292,0
100239725,100238910,2162698,0.020373182,0.027377298,-0.009054748,41.847645,0
100639934,100639131,2162698,0.02676477,0.027537087,-0.009134643,41.847645,0
100739970,100739175,2162698,0.0366451,0.028655613,-0.007456851,41.847645,0
100840024,100839229,2162698,0.027324032,0.028442562,-0.0047137956,41.847645,0
101037657,101036836,2162698,0.037497308,0.028549086,-0.005432849,41.847645,0
101137686,101136883,2162698,0.031478565,0.028469194,-0.006072007,41.75353,0
101437913,101437073,2162698,0.032676987,0.028389297,-0.0048735845,41.75353,0
101537899,101537095,2162698,0.03174488,0.028043088,-0.00644485,41.75353,0
101938133,101937312,2162698,0.02828277,0.028522456,-0.005965481,41.75353,0
102038159,102037355,2162698,0.027350664,0.028842036,-0.0063116923,41.75353,0
102138220,102137411,2162698,0.03416836,0.026711507,-0.005193164,41.75353,0
102338311,102337511,2162698,0.023915188,0.026977824,-0.0075633777,41.75353,0
102738531,102737718,2162698,0.037577204,0.027830034,-0.0064981133,41.75353,0
103038682,103037877,2162698,0.027004454,0.0257794,-0.0070041134,41.75353,0
103138729,103137930,2162698,0.027297402,0.028495824,-0.0059921127,41.941765,0
103939187,103938361,2162698,0.03653857,0.027643614,-0.0043409523,41.941765,0
104039203,104038405,2162698,0.03901531,0.02727077,-0.0067111664,41.941765,0
104239330,104238532,2162698,0.027350664,0.029294772,-0.0067377975,41.847645,0
104339364,104338563,2162698,0.022583608,0.029454561,-0.005086638,41.847645,0
104539463,104538668,2162698,0.03368899,0.028788771,-0.0054062167,41.847645,0
104639545,104638736,2162698,0.03222425,0.028708877,-0.004740427,41.847645,0
105339895,105339090,2162698,0.030306775,0.029401299,-0.007669904,41.847645,0
105439939,105439141,2162698,0.022397185,0.027510455,-0.0068975873,41.847645,0
105540016,105539201,2162698,0.02511361,0.029800773,-0.0039414787,41.847645,0
105637618,105636796,2162698,0.025220135,0.026924558,-0.007483483,41.847645,0
106037787,106036964,2162698,0.022983082,0.029507827,-0.0063116923,41.847645,0
106237874,106237068,2162698,0.02892193,0.029747508,-0.0057257963,41.941765,0
106337906,106337111,2162698,0.02676477,0.025592979,-0.00644485,41.941765,0
106437973,106437167,2162698,0.031292144,0.025885925,-0.0040746364,41.941765,0
106838216,106837388,2162698,0.029800773,0.029294772,-0.008841695,41.941765,0
107038292,107037487,2162698,0.024101608,0.02660498,-0.0070041134,41.941765,0
107138347,107137546,2162698,0.030599723,0.02806972,-0.005885586,41.941765,0
107238391,107237586,2162698,0.02942793,0.02857572,-0.0054594805,41.941765,0
107438490,107437695,2162698,0.032011196,0.024341293,-0.0067377975,41.941765,0
107538543,107537747,2162698,0.031132353,0.030200249,-0.0075900094,41.941765,0
107938789,107937966,2162698,0.02676477,0.028682245,-0.0061519025,41.941765,0
108038812,108038012,2162698,0.022077607,0.023355922,-0.005965481,41.941765,0
108439028,108438227,2162698,0.03158509,0.028389297,-0.0052197957,42.03588,0
108539127,108538311,2162698,0.029028457,0.030599723,-0.0060986388,42.03588,0
108639136,108638338,2162698,0.032437302,0.02676477,-0.005086638,42.03588,0
108739185,108738390,2162698,0.026178874,0.028655613,-0.008575379,42.03588,0
108939300,108938495,2162698,0.019467708,0.025992453,-0.0040480047,42.03588,0
109039337,109038539,2162698,0.035553202,0.025060346,-0.005752428,42.03588,0
109939856,109939044,2162698,0.03273025,0.028868668,-0.0060187443,41.941765,0
110240023,110239193,2162698,0.033396043,0.029640984,-0.0079095885,42.03588,0
110737795,110736981,2162698,0.034727618,0.028815404,-0.00495348,42.03588,0
111037914,111037114,2162698,0.025086977,0.026285399,-0.0039414787,42.03588,0
111238043,111237214,2162698,0.021012342,0.027963191,-0.008948221,42.224117,0
111338069,111337265,2162698,0.023915188,0.02724414,-0.0063116923,42.224117,0
111638231,111637428,2162698,0.020133497,0.024980452,-0.0068709557,42.224117,0
112238547,112237747,2162698,0.03781689,0.026445191,-0.006631271,42.129997,0
112338601,112337806,2162698,0.02396845,0.02593919,-0.0028495823,42.129997,0
112538751,112537943,2162698,0.031824775,0.029188246,-0.006524745,42.129997,0
112638766,112637961,2162698,0.029374668,0.029081719,-0.005752428,42.129997,0
112738817,112738016,2162698,0.033156358,0.026525084,-0.0061519025,42.129997,0
113439193,113438394,2162698,0.03304983,0.024181504,-0.0026098979,42.224117,0
113539251,113538450,2162698,0.03241067,0.027084349,-0.0046339002,42.224117,0
113739361,113738562,2162698,0.04063984,0.035260253,-0.0048735845,42.224117,0
114539804,114538992,2162698,0.019307919,0.022237396,-0.0049002166,42.318233,0
114639841,114639039,2162698,0.027164243,0.027776772,-0.007403588,42.318233,0
115237663,115236858,2162698,0.019068234,0.025513085,-0.004527374,42.318233,0
115337730,115336921,2162698,0.024660872,0.031851407,-0.008388958,42.318233,0
115537818,115537023,2162698,0.026391927,0.026897928,-0.004926848,42.318233,0
115637872,115637077,2162698,0.0216515,0.026019083,-0.009800433,42.318233,0
115737926,115737131,2162698,0.025912559,0.030333405,-0.0036751623,42.318233,0
115838001,115837188,2162698,0.022743396,0.02593919,-0.006764429,42.318233,0
115938091,115937266,2162698,0.024421187,0.027510455,-0.006072007,42.318233,0
116038100,116037294,2162698,0.02806972,0.02759035,-0.005912218,42.318233,0
116138161,116137347,2162698,0.022423817,0.027057717,-0.0050333743,42.318233,0
116238220,116237413,2162698,0.027803402,0.028975194,-0.00628506,42.318233,0
116438324,116437518,2162698,0.025566347,0.026844665,-0.005193164,42.318233,0
116638431,116637617,2162698,0.024288028,0.025912559,-0.0050333743,42.318233,0
116738480,116737675,2162698,0.028975194,0.025672873,-0.005965481,42.318233,0
117038638,117037834,2162698,0.026498454,0.02924151,-0.005752428,42.318233,0
117138681,117137886,2162698,0.02759035,0.027324032,-0.006924219,42.412354,0
117538897,117538102,2162698,0.02894856,0.032037828,-0.004926848,42.412354,0
117638987,117638181,2162698,0.02444782,0.027137613,-0.007856325,42.412354,0
117839088,117838282,2162698,0.024687503,0.029214878,-0.00793622,42.412354,0
117939149,117938340,2162698,0.026711507,0.0309193,-0.0070307455,42.412354,0
118039178,118038377,2162698,0.03225088,0.024554346,-0.005539375,42.412354,0
118339332,118338537,2162698,0.03107909,0.026178874,-0.0071106404,42.600586,0
118739552,118738754,2162698,0.029640984,0.032144353,-0.0062051653,42.600586,0
119039738,119038931,2162698,0.022450449,0.028043088,-0.0070307455,42.600586,0
119139797,119138983,2162698,0.022690132,0.023888554,-0.0057257963,42.694706,0
119239829,119239030,2162698,0.027537087,0.01834918,-0.006364955,42.694706,0
119439943,119439145,2162698,0.022929817,0.027723508,-0.004740427,42.694706,0
119540018,119539219,2162698,0.023728766,0.027403928,-0.0060986388,42.694706,0
119637578,119636777,2162698,0.026711507,0.027057717,-0.013156016,42.694706,0
120037760,120036965,2162698,0.02460761,0.027670244,-0.0075101145,42.694706,0
120437983,120437181,2162698,0.030200249,0.027830034,-0.00628506,42.600586,0
120538088,120537246,2162698,0.02314287,0.027084349,-0.006657903,42.600586,0
120638088,120637293,2162698,0.01768339,0.027830034,-0.0050067427,42.600586,0
120738153,120737348,2162698,0.03486078,0.026072348,-0.0056192703,42.600586,0
120838217,120837404,2162698,0.028389297,0.025166873,-0.005486112,42.600586,0
121238431,121237627,2162698,0.025965821,0.023995081,-0.0086819045,42.694706,0
121438542,121437732,2162698,0.023995081,0.02548645,-0.0025832662,42.694706,0
121638634,121637839,2162698,0.03057309,0.029854037,-0.0061519025,42.694706,0
121738693,121737898,2162698,0.035473306,0.028362665,-0.0060187443,42.694706,0
121938835,121938024,2162698,0.034807514,0.026844665,-0.0066046393,42.694706,0
122138983,122138122,2162698,0.015925704,0.027696876,-0.0032756883,42.694706,0
122238984,122238178,2162698,0.00577906,0.028149612,-0.0073503247,42.694706,0
122339046,122338240,2162698,0.047058057,0.03358246,-0.0072704297,42.694706,0
122439087,122438289,2162698,0.016884442,0.043010052,-0.003914847,42.694706,0
122539139,122538336,2162698,0.032996565,0.029481193,-0.007217167,42.694706,0
122639187,122638391,2162698,0.009773802,0.027510455,-0.009507486,42.694706,0
122739255,122738456,2162698,0.02612561,0.027190875,-0.004234426,42.694706,0
122839306,122838501,2162698,0.016378442,0.023382556,-0.0053263223,42.694706,0
123039410,123038612,2162698,0.0371511,0.029001825,-0.0046339002,42.694706,0
123139471,123138666,2162698,0.019441076,0.02860235,-0.0048469533,42.88294,0
123239521,123238726,2162698,0.048176583,0.03169162,-0.0060187443,42.88294,0
123339574,123338779,2162698,0.041279,0.03195793,-0.0005060006,42.88294,0
123939941,123939116,2162698,0.010093381,0.026711507,-0.0017576864,42.88294,0
124039987,124039175,2162698,0.030173616,0.024714136,-0.0068709557,42.88294,0
124140025,124139230,2162698,0.023995081,0.028415928,-0.008548747,42.788822,0
124237620,124236807,2162698,0.045593318,0.03153183,-0.0053263223,42.788822,0
124337669,124336849,2162698,0.019707393,0.02828277,-0.004101268,42.788822,0
124537763,124536943,2162698,0.011451593,0.02809635,-0.0043409523,42.788822,0
124637794,124636994,2162698,0.018642128,0.027989823,-0.009241169,42.788822,0
124937975,124937180,2162698,0.02378203,0.028842036,-0.0064182184,42.788822,0
125138073,125137278,2162698,0.037470676,0.029614352,-0.0064981133,42.97706,0
125238120,125237325,2162698,0.014993597,0.025859294,-0.0048735845,42.97706,0
125438260,125437445,2162698,0.046418898,0.021225393,-0.0071372716,42.97706,0
125538298,125537493,2162698,0.028176246,0.02415487,-0.0040213736,42.97706,0
126238676,126237880,2162698,0.032117724,0.02942793,-0.006364955,42.97706,0
126338731,126337936,2162698,0.030812774,0.02894856,-0.006045376,42.97706,0
126438787,126437992,2162698,0.030013826,0.030999197,-0.005539375,42.97706,0
127339359,127338561,2162698,0.03435478,0.026391927,-0.005752428,42.97706,0
127639466,127638661,2162698,0.035579834,0.02860235,-0.010918961,42.97706,0
127739520,127738720,2162698,0.031638354,0.02415487,-0.008042747,42.97706,0
128139746,128138940,2162698,-0.055606805,0.01438107,-0.0071372716,42.97706,0
128239817,128239001,2162698,0.02724414,0.025885925,-0.0031691617,42.97706,0
129137808,129137009,2162698,0.038962048,0.027936561,-0.00628506,43.165295,0
129237871,129237058,2162698,0.022423817,0.030386668,-0.006524745,43.165295,0
129337932,129337122,2162698,0.039654467,0.027403928,-0.0033289515,43.165295,0
129538034,129537236,2162698,0.044927526,0.0018642128,-0.002130529,43.165295,0
129838234,129837412,2162698,0.0628506,0.026844665,-0.0026098979,43.165295,0
130238429,130237630,2162698,0.011691278,0.02561961,-0.0047137956,43.165295,0
130538590,130537795,2162698,0.009640643,0.02873551,-0.006631271,43.165295,0
131038877,131038068,2162698,0.005352954,0.030386668,-0.007084009,43.165295,0
131339050,131338242,2162698,0.06085323,0.030866038,-0.0070307455,43.165295,0
131439098,131438282,2162698,0.027963191,0.029028457,-0.008628642,43.165295,0
131539184,131538382,2162698,-0.0002396845,0.025193503,0.0002396845,43.165295,0
131839332,131838526,2162698,0.033182986,0.029507827,-0.007163903,43.165295,0
132239563,132238765,2162698,0.03371562,0.028229509,-0.0060986388,43.353527,0
132539720,132538921,2162698,0.023355922,0.027324032,-0.0074302196,43.353527,0
132639784,132638979,2162698,0.035579834,0.025992453,-0.0075900094,43.353527,0
133137546,133136749,2162698,0.055739965,0.038482677,-0.0076965354,43.25941,0
133237602,133236804,2162698,0.036032572,0.023995081,-0.005885586,43.25941,0
133537766,133536971,2162698,0.049854375,0.029028457,-0.0038083205,43.25941,0
133637822,133637027,2162698,0.052996907,0.026418557,-0.000479369,43.25941,0
133737883,133737084,2162698,0.03270362,0.030493194,-0.004926848,43.25941,0
134338255,134337431,2162698,0.010492856,0.015925704,0.0015446335,43.25941,0
134638390,134637592,2162698,0.026258769,0.024927188,-0.0033822146,43.25941,0
135238729,135237932,2162698,0.03518036,0.030439932,0.0014647386,43.25941,0
135438841,135438046,2162698,0.019760655,0.030546457,-0.0042077946,43.25941,0
135538896,135538101,2162698,0.09342369,0.015632756,-0.023755396,43.25941,0
135638961,135638158,2162698,0.023941819,0.024900557,-0.004101268,43.25941,0
135739033,135738218,2162698,0.034754254,0.025353294,-0.0051132697,43.25941,0
135839121,135838322,2162698,0.05318333,0.026312033,-0.0009853697,43.25941,0
136239305,136238500,2162698,0.031265512,0.028682245,-0.00037284257,43.30647,0
136439415,136438616,2162698,0.0391751,0.029827405,-0.0092678005,43.30647,0
136639527,136638729,2162698,0.024501082,0.024847295,-0.005193164,43.30647,0
136739578,136738780,2162698,0.025166873,0.025379926,-0.006231797,43.30647,0
137339945,137339150,2162698,0.038456045,0.028202876,-0.004926848,43.447647,0
137439982,137439177,2162698,0.016644757,0.026205506,-0.006364955,43.447647,0
137537533,137536736,2162698,0.027643614,0.025353294,-0.006471481,43.447647,0
137737659,137736848,2162698,0.021438448,0.027563717,-0.0068975873,43.447647,0
137937772,137936962,2162698,0.01917476,0.02761698,-0.0061252704,43.447647,0
138037869,138037045,2162698,0.009747169,0.014887071,-0.0048469533,43.447647,0
138137889,138137090,2162698,0.027776772,0.025353294,-0.008655273,43.353527,0
138337986,138337188,2162698,0.030333405,0.027883297,-0.0066046393,43.353527,0
138438068,138437263,2162698,0.027190875,0.023222765,-0.008841695,43.353527,0
138538099,138537304,2162698,0.036032572,0.028176246,-0.0067377975,43.353527,0
138638196,138637365,2162698,0.029134983,0.032197617,-0.0066046393,43.353527,0
139038391,139037593,2162698,0.038589202,0.026365295,-0.009134643,43.353527,0
139138454,139137641,2162698,0.027830034,0.027057717,-0.007403588,43.353527,0
139338559,139337756,2162698,0.027377298,0.028708877,-0.0052197957,43.353527,0
139438607,139437812,2162698,0.031505197,0.026498454,-0.0054062167,43.353527,0
139538667,139537871,2162698,0.023728766,0.029348034,-0.0037550572,43.353527,0
139938924,139938096,2162698,0.028788771,0.027377298,-0.0053263223,43.353527,0
140139020,140138213,2162698,0.029348034,0.026631612,-0.0033023197,43.447647,0
140239072,140238267,2162698,0.030626353,0.027377298,-0.0052197957,43.447647,0
140339121,140338322,2162698,0.02524677,0.02761698,-0.0058056912,43.447647,0
140439175,140438379,2162698,0.034567833,0.026897928,-0.0090813795,43.447647,0
140539237,140538437,2162698,0.02828277,0.025726136,-0.00628506,43.447647,0
140639301,140638491,2162698,0.02924151,0.026525084,-0.00495348,43.447647,0
141039538,141038721,2162698,0.026072348,0.026871296,-0.004660532,43.447647,0
141139579,141138775,2162698,0.03451457,0.02609898,-0.0033023197,43.353527,0
141539828,141539005,2162698,0.02761698,0.027830034,-0.0053263223,43.353527,0
141739914,141739115,2162698,0.036778256,0.026445191,-0.0055660065,43.353527,0
141940061,141939240,2162698,0.01587244,0.026977824,-0.005060006,43.353527,0
142037584,142036786,2162698,0.025592979,0.026152242,-0.0070307455,43.353527,0
142337763,142336963,2162698,0.030439932,0.027776772,-0.005193164,43.447647,0
142437806,142437011,2162698,0.025353294,0.027776772,-0.004314321,43.447647,0
142537869,142537068,2162698,0.03304983,0.02743056,-0.0032490566,43.447647,0
142637920,142637125,2162698,0.035659727,0.026391927,-0.0052996906,43.447647,0
142838053,142837252,2162698,0.025033714,0.028122982,-0.0056991647,43.447647,0
142938206,142937387,2162698,0.03286341,0.02892193,-0.00577906,43.447647,0
143038159,143037354,2162698,0.034328144,0.025379926,-0.00577906,43.447647,0
143338327,143337527,2162698,0.030040458,0.024847295,-0.004740427,43.447647,0
143438384,143437582,2162698,0.025433188,0.027137613,-0.008522116,43.447647,0
143538432,143537637,2162698,0.030679615,0.026711507,-0.0040213736,43.447647,0
143838603,143837808,2162698,0.026551716,0.027803402,-0.0043409523,43.447647,0
144238837,144238035,2162698,0.029667616,0.028842036,-0.005139901,43.541763,0
144338887,144338092,2162698,0.026551716,0.025433188,-0.0067377975,43.541763,0
144639072,144638267,2162698,0.025433188,0.029294772,-0.0075633777,43.541763,0
144739122,144738327,2162698,0.028149612,0.026578348,-0.0056192703,43.541763,0
145239429,145238623,2162698,0.022770029,0.0257794,-0.0051132697,43.541763,0
145339478,145338683,2162698,0.025885925,0.027164243,-0.005752428,43.541763,0
146139917,146139118,2162698,0.032650355,0.027164243,-0.0058589545,43.447647,0
146239970,146239175,2162698,0.030360037,0.02695119,-0.005432849,43.447647,0
146537671,146536851,2162698,0.028229509,0.027137613,-0.007962852,43.447647,0
146637723,146636905,2162698,0.027137613,0.026818031,-0.0036485307,43.447647,0
147037930,147037132,2162698,0.027004454,0.029800773,-0.0033822146,43.447647,0
147137996,147137192,2162698,0.027989823,0.028815404,-0.0044208476,43.541763,0
147238052,147237249,2162698,0.027989823,0.029001825,-0.006578008,43.541763,0
147338117,147337315,2162698,0.02894856,0.027297402,-0.0053263223,43.541763,0
147538230,147537420,2162698,0.02460761,0.027776772,-0.0042876895,43.541763,0
147638281,147637476,2162698,0.029055087,0.028628983,-0.0048735845,43.541763,0
147738340,147737533,2162698,0.026365295,0.02711098,-0.0068709557,43.541763,0
147938475,147937645,2162698,0.028788771,0.028309403,-0.0069774822,43.541763,0
148038511,148037710,2162698,0.02876214,0.02660498,-0.0067377975,43.541763,0
148138586,148137791,2162698,0.027563717,0.02761698,-0.006231797,43.541763,0
148738917,148738103,2162698,0.026631612,0.02593919,-0.005752428,43.541763,0
148838985,148838166,2162698,0.028708877,0.02873551,-0.0041278997,43.541763,0
148939022,148938218,2162698,0.028895298,0.028176246,-0.0073503247,43.541763,0
149039094,149038282,2162698,0.02857572,0.02479403,-0.0045806374,43.541763,0
149539366,149538568,2162698,0.029880667,0.026658243,-0.005352954,43.63588,0
149639414,149638616,2162698,0.028336035,0.028016454,-0.005885586,43.63588,0
149739489,149738683,2162698,0.02612561,0.02956109,-0.0055660065,43.63588,0
149939587,149938789,2162698,0.027750138,0.028469194,-0.0035686358,43.63588,0
150139711,150138904,2162698,0.026391927,0.028256139,-0.0061252704,43.63588,0
150239793,150238960,2162698,0.024554346,0.026977824,-0.005832323,43.63588,0
150439883,150439084,2162698,0.029614352,0.028229509,-0.0044741104,43.63588,0
150539938,150539133,2162698,0.028256139,0.029055087,-0.0060986388,43.63588,0
150640007,150639197,2162698,0.030839406,0.029348034,-0.00577906,43.63588,0
151037709,151036914,2162698,0.028415928,0.02809635,-0.00644485,43.63588,0
151137766,151136971,2162698,0.033342775,0.02612561,-0.0045806374,43.63588,0
151237823,151237028,2162698,0.027643614,0.028016454,-0.0053263223,43.63588,0
151337894,151337086,2162698,0.030306775,0.027537087,-0.004314321,43.63588,0
151538001,151537200,2162698,0.026205506,0.02676477,-0.004660532,43.63588,0
151638061,151637260,2162698,0.028336035,0.028176246,-0.0062584286,43.63588,0
151738120,151737317,2162698,0.026178874,0.026977824,-0.0059921127,43.63588,0
151938244,151937433,2162698,0.028309403,0.02660498,-0.0043675844,43.63588,0
152038314,152037496,2162698,0.029348034,0.027297402,-0.0052996906,43.63588,0
152138345,152137547,2162698,0.03089267,0.027217505,-0.0043675844,43.63588,0
152238399,152237601,2162698,0.028016454,0.026578348,-0.00644485,43.63588,0
152338461,152337666,2162698,0.02761698,0.025166873,-0.005246428,43.63588,0
152638628,152637830,2162698,0.027510455,0.025592979,-0.0069774822,43.63588,0
152738685,152737887,2162698,0.027537087,0.02514024,-0.00396811,43.63588,0
153238990,153238185,2162698,0.028815404,0.027057717,-0.00644485,43.63588,0
153339055,153338246,2162698,0.02727077,0.025166873,-0.007856325,43.63588,0
153439118,153438293,2162698,0.029987194,0.027324032,-0.0055660065,43.63588,0
153539160,153538359,2162698,0.030386668,0.027324032,-0.005193164,43.63588,0
153739292,153738463,2162698,0.028415928,0.026977824,-0.004500742,43.63588,0
153939384,153938586,2162698,0.027963191,0.026738139,-0.0053795855,43.63588,0
154039438,154038633,2162698,0.029454561,0.027057717,-0.005885586,43.63588,0
154239579,154238748,2162698,0.03089267,0.026631612,-0.0066046393,43.63588,0
154339617,154338805,2162698,0.027164243,0.028043088,-0.0070041134,43.63588,0
154439663,154438862,2162698,0.027084349,0.02743056,-0.006231797,43.63588,0
154639793,154638987,2162698,0.027350664,0.027057717,-0.0074302196,43.63588,0
155337686,155336891,2162698,0.03137204,0.025832662,-0.0044741104,43.73,0
155537800,155537000,2162698,0.026711507,0.027963191,-0.0063116923,43.73,0
155637892,155637082,2162698,0.02745719,0.027803402,-0.0058056912,43.73,0
156038096,156037301,2162698,0.0314253,0.02711098,-0.005832323,43.73,0
156438311,156437512,2162698,0.023382556,0.0252734,-0.0045806374,43.63588,0
156538370,156537573,2162698,0.027856665,0.026977824,-0.005938849,43.63588,0
156638442,156637623,2162698,0.030120352,0.027723508,-0.008442221,43.63588,0
156938594,156937796,2162698,0.027483823,0.027776772,-0.005486112,43.63588,0
157038651,157037853,2162698,0.027537087,0.027963191,-0.005486112,43.63588,0
157138709,157137910,2162698,0.027830034,0.02514024,-0.0053795855,43.73,0
157639020,157638201,2162698,0.027696876,0.027989823,-0.0033822146,43.73,0
157739065,157738259,2162698,0.028815404,0.027776772,-0.004554006,43.73,0
157839122,157838316,2162698,0.027137613,0.026924558,-0.004926848,43.73,0
157939167,157938372,2162698,0.029854037,0.02609898,-0.0075633777,43.73,0
158639610,158638782,2162698,0.026019083,0.027909929,-0.005486112,43.63588,0
158739670,158738839,2162698,0.028708877,0.028176246,-0.005965481,43.63588,0
158939802,158938954,2162698,0.03006709,0.025885925,-0.0046072686,43.63588,0
159837773,159836965,2162698,0.031292144,0.027137613,-0.0069774822,43.63588,0
159937820,159937022,2162698,0.027696876,0.029534457,-0.005752428,43.63588,0
160137947,160137140,2162698,0.029108353,0.025007084,-0.0036751623,43.73,0
160638250,160637446,2162698,0.02809635,0.027324032,-0.0047137956,43.73,0
160738336,160737500,2162698,0.028149612,0.027696876,-0.0039947415,43.73,0
160838369,160837548,2162698,0.02743056,0.027883297,-0.0063116923,43.73,0
160938399,160937598,2162698,0.029001825,0.026818031,-0.0062051653,43.73,0
161038466,161037656,2162698,0.027350664,0.028256139,-0.0050067427,43.73,0
161238616,161237807,2162698,0.02412824,0.027909929,-0.006764429,43.73,0
161338664,161337842,2162698,0.028256139,0.024873925,-0.0058589545,43.73,0
161438715,161437893,2162698,0.026232136,0.03006709,-0.0066845347,43.73,0
161538754,161537941,2162698,0.027217505,0.02711098,-0.004261058,43.73,0
161638827,161638004,2162698,0.026818031,0.025885925,-0.0068176924,43.73,0
162139126,162138301,2162698,0.029268142,0.027031086,-0.0060187443,43.63588,0
162239177,162238364,2162698,0.029827405,0.027084349,-0.0041278997,43.63588,0
162339261,162338437,2162698,0.028895298,0.028122982,-0.006764429,43.63588,0
162439297,162438479,2162698,0.028149612,0.02894856,-0.0049002166,43.63588,0
162539346,162538530,2162698,0.025193503,0.02761698,-0.0055926386,43.63588,0
162639382,162638576,2162698,0.02612561,0.028122982,-0.005912218,43.63588,0
162739463,162738643,2162698,0.028122982,0.02695119,-0.0060187443,43.63588,0
162839504,162838694,2162698,0.02892193,0.02745719,-0.005912218,43.63588,0
163039629,163038806,2162698,0.02460761,0.027696876,-0.0059921127,43.63588,0
163339828,163339012,2162698,0.030626353,0.027297402,-0.0037284256,43.824116,0
163439861,163439048,2162698,0.02806972,0.028122982,-0.0075900094,43.824116,0
163639959,163639156,2162698,0.02561961,0.025699506,-0.0057257963,43.824116,0
163737542,163736721,2162698,0.029507827,0.028682245,-0.0047137956,43.824116,0
164037706,164036908,2162698,0.027537087,0.028256139,-0.0069508506,43.824116,0
164137742,164136944,2162698,0.030333405,0.028389297,-0.0062584286,43.824116,0
164537989,164537178,2162698,0.029321404,0.029001825,-0.0054062167,43.824116,0
165238377,165237579,2162698,0.02924151,0.029614352,-0.005938849,43.73,0
165638621,165637823,2162698,0.029268142,0.027776772,-0.004554006,43.73,0
166639240,166638427,2162698,0.022583608,0.025379926,-0.0072704297,43.824116,0
167139489,167138677,2162698,0.02695119,0.026019083,-0.0063383235,43.824116,0
167239539,167238735,2162698,0.030226879,0.026365295,-0.005645902,43.824116,0
168037495,168036696,2162698,-0.005060006,0.025912559,-0.008016115,43.824116,0
168337663,168336867,2162698,0.031505197,0.026232136,-0.00644485,43.918236,0
169138138,169137341,2162698,0.04010721,0.02892193,-0.0058589545,43.824116,0
169438320,169437514,2162698,0.06460829,0.023515714,-0.005832323,43.824116,0
169538363,169537563,2162698,0.033981934,0.028868668,-0.0021571605,43.824116,0
169638420,169637622,2162698,0.012250541,0.029001825,0.0005326322,43.824116,0
169938589,169937794,2162698,0.010412959,0.024101608,-0.0055926386,43.824116,0
170038666,170037852,2162698,0.04644553,0.027989823,-0.0068443245,43.824116,0
170138708,170137910,2162698,0.03006709,0.027403928,-0.005060006,43.871174,0
170238773,170237968,2162698,0.01635181,0.02695119,-0.0044208476,43.871174,0
170338835,170338026,2162698,0.013688649,0.02378203,-0.0073503247,43.871174,0
170438885,170438084,2162698,-0.0044474793,0.021038974,-0.003834952,43.871174,0
170639020,170638204,2162698,0.018615497,0.027643614,0.002822951,43.871174,0
170739081,170738282,2162698,0.036298886,0.024181504,-0.006791061,43.871174,0
171439462,171438664,2162698,0.029720878,0.030280141,-0.0071372716,43.918236,0
171539548,171538733,2162698,0.029481193,0.02524677,-0.006471481,43.918236,0
171639582,171638780,2162698,0.02806972,0.029134983,-0.0039947415,43.918236,0
171739658,171738847,2162698,0.028815404,0.026658243,-0.0050333743,43.918236,0
171839692,171838896,2162698,0.02495382,0.027057717,-0.006657903,43.918236,0
171939788,171938966,2162698,0.045859635,0.02759035,-0.0063915867,43.918236,0
172039828,172039016,2162698,0.025992453,0.027031086,-0.005060006,43.918236,0
172139873,172139075,2162698,0.025752768,0.023196133,-0.0055660065,43.918236,0
172239931,172239136,2162698,0.02942793,0.027297402,-0.0075900094,43.918236,0
172339997,172339192,2162698,0.028122982,0.029134983,-0.005086638,43.918236,0
172637665,172636862,2162698,0.026578348,0.028043088,-0.0063116923,43.918236,0
173538227,173537404,2162698,0.0325172,0.026977824,-0.0043409523,43.824116,0
173838359,173837558,2162698,0.025033714,0.024980452,-0.005273059,43.824116,0
173938439,173937630,2162698,0.033156358,0.027377298,-0.0069774822,43.824116,0
174538759,174537964,2162698,0.019441076,0.027723508,-0.002396845,43.918236,0
174738889,174738094,2162698,0.03368899,0.026684875,-0.0053795855,43.918236,0
174838946,174838140,2162698,0.020240024,0.025992453,-0.0039414787,43.918236,0
174939020,174938207,2162698,0.02444782,0.026365295,-0.005885586,43.918236,0
175039088,175038282,2162698,0.025646243,0.026045717,-0.0068443245,43.918236,0
175139127,175138322,2162698,0.034940675,0.028628983,-0.006578008,43.918236,0
175239186,175238384,2162698,0.033475935,0.02593919,-0.0035952674,43.918236,0
175439292,175438489,2162698,0.033662356,0.026711507,-0.0063915867,43.918236,0
175639406,175638608,2162698,0.0221575,0.027324032,-0.0041545313,43.918236,0
175739474,175738665,2162698,0.029933931,0.027936561,-0.0067111664,43.918236,0
175839516,175838721,2162698,0.025832662,0.027936561,-0.007856325,43.918236,0
176737538,176736743,2162698,0.028362665,0.026365295,-0.0063383235,43.918236,0
176937677,176936869,2162698,0.029987194,0.026551716,-0.006524745,43.918236,0
177037717,177036918,2162698,0.03158509,0.02524677,-0.0044741104,43.918236,0
177137771,177136976,2162698,0.030333405,0.027217505,-0.007962852,44.012352,0
177237835,177237034,2162698,0.03568636,0.027350664,-0.0046871635,44.012352,0
177538009,177537211,2162698,0.029374668,0.027670244,-0.0070041134,44.012352,0
177838215,177837401,2162698,0.028229509,0.026977824,-0.005486112,44.012352,0
177938252,177937446,2162698,0.027084349,0.025699506,-0.0051132697,44.012352,0
178038306,178037501,2162698,0.022503711,0.027776772,-0.007163903,44.012352,0
178138354,178137559,2162698,0.028442562,0.02759035,-0.0050067427,44.012352,0
178238428,178237620,2162698,0.028975194,0.028336035,-0.0048203217,44.012352,0
178338493,178337675,2162698,0.011877698,0.027856665,-0.004181163,44.012352,0
178738737,178737916,2162698,0.023542345,0.026285399,-0.0045806374,44.012352,0
178838782,178837974,2162698,0.03174488,0.028149612,-0.0053263223,44.012352,0
179038909,179038090,2162698,0.02873551,0.028229509,-0.0072437986,44.012352,0
179138995,179138180,2162698,0.027084349,0.027830034,-0.00495348,43.918236,0
179239057,179238229,2162698,0.029401299,0.02876214,-0.00495348,43.918236,0
179339149,179338321,2162698,0.027483823,0.026445191,-0.0068709557,43.918236,0
179539181,179538380,2162698,0.031611722,0.027537087,-0.0056991647,43.918236,0
179639247,179638442,2162698,0.024767399,0.026738139,-0.0038615838,43.918236,0
179739301,179738499,2162698,0.024900557,0.028549086,-0.008468852,43.918236,0
180039470,180038668,2162698,0.025912559,0.027137613,-0.0055127437,43.918236,0
180139523,180138726,2162698,0.029001825,0.027377298,-0.0044741104,44.05941,0
180239585,180238784,2162698,0.027750138,0.028202876,-0.005060006,44.05941,0
180339681,180338853,2162698,0.02514024,0.02876214,-0.0064182184,44.05941,0
180639840,180639028,2162698,0.021917816,0.027537087,-0.0050067427,44.05941,0
181437785,181436987,2162698,0.024341293,0.027190875,-0.0041278997,44.10647,0
181537852,181537046,2162698,0.029268142,0.026791401,-0.004101268,44.10647,0
181838020,181837220,2162698,0.027137613,0.027377298,-0.0052197957,44.10647,0
182238261,182237453,2162698,0.025406558,0.02561961,-0.0053795855,44.012352,0
182338352,182337533,2162698,0.031664986,0.027297402,-0.00577906,44.012352,0
182438379,182437572,2162698,0.029960563,0.02860235,-0.0058589545,44.012352,0
182638506,182637709,2162698,0.03374225,0.027084349,-0.0064182184,44.012352,0
182738566,182737754,2162698,0.029747508,0.025433188,-0.005672533,44.012352,0
182838608,182837810,2162698,0.023861924,0.027377298,-0.0058589545,44.012352,0
183338895,183338096,2162698,0.024927188,0.02479403,-0.0047137956,44.10647,0
183539026,183538214,2162698,0.029960563,0.02514024,-0.0063383235,44.10647,0
183639082,183638277,2162698,0.02314287,0.026205506,-0.0056991647,44.10647,0
184139372,184138568,2162698,0.028043088,0.026658243,-0.006045376,44.012352,0
184339487,184338683,2162698,0.02924151,0.028415928,-0.0068709557,44.012352,0
184539604,184538799,2162698,0.026977824,0.02743056,-0.005912218,44.012352,0
184639663,184638861,2162698,0.029774142,0.026977824,-0.0070041134,44.012352,0
184739732,184738917,2162698,0.031105723,0.02545982,-0.005965481,44.012352,0
184839806,184838984,2162698,0.025646243,0.027377298,-0.005938849,44.012352,0
185039892,185039093,2162698,0.027750138,0.027297402,-0.0057257963,44.012352,0
185139955,185139152,2162698,0.027164243,0.027510455,-0.0058589545,44.10647,0
185337569,185336772,2162698,0.025752768,0.025992453,-0.005246428,44.10647,0
186037982,186037174,2162698,0.028842036,0.027830034,-0.0069508506,44.10647,0
186138050,186137238,2162698,0.023808662,0.027057717,-0.0035153728,44.20059,0
186238095,186237293,2162698,0.03195793,0.027803402,-0.0046871635,44.20059,0
186438231,186437418,2162698,0.02873551,0.025646243,-0.0061519025,44.20059,0
186538284,186537475,2162698,0.025033714,0.026684875,-0.007217167,44.20059,0
186638342,186637526,2162698,0.027377298,0.02860235,-0.0046072686,44.20059,0
186738382,186737584,2162698,0.028202876,0.02612561,-0.0048203217,44.20059,0
187238685,187237874,2162698,0.0360592,0.027750138,-0.006471481,44.10647,0
187338743,187337936,2162698,0.02727077,0.02745719,-0.006364955,44.10647,0
187538851,187538053,2162698,0.022716766,0.025513085,-0.009614011,44.10647,0
187638937,187638134,2162698,0.016698021,0.04575311,-0.0052197957,44.10647,0
187739005,187738181,2162698,0.035792883,0.030226879,-0.0073503247,44.10647,0
188039169,188038374,2162698,0.02828277,0.02724414,-0.005432849,44.10647,0
188139213,188138410,2162698,0.027510455,0.031824775,-0.0033289515,44.20059,0
188339323,188338525,2162698,0.025033714,0.030386668,-0.0006391587,44.20059,0
189139820,189139001,2162698,0.025539715,0.025433188,-0.002956109,44.20059,0
189239868,189239054,2162698,0.028122982,0.025539715,-0.008122642,44.20059,0
189537530,189536728,2162698,0.023595607,0.025726136,-0.00793622,44.20059,0
189837706,189836904,2162698,0.028176246,0.02745719,-0.006072007,44.20059,0
189937783,189936971,2162698,0.027137613,0.02857572,-0.005885586,44.20059,0
190037825,190037021,2162698,0.027963191,0.025992453,-0.007776431,44.20059,0
190137876,190137081,2162698,0.027324032,0.028522456,-0.006178534,44.20059,0
190237937,190237142,2162698,0.028256139,0.027563717,-0.004926848,44.20059,0
190538130,190537323,2162698,0.027670244,0.028815404,-0.0044208476,44.20059,0
190638217,190637395,2162698,0.023382556,0.024820661,-0.0056991647,44.20059,0
190738255,190737434,2162698,0.026897928,0.02660498,-0.0061519025,44.20059,0
190838298,190837493,2162698,0.028655613,0.025566347,-0.0048735845,44.20059,0
191038433,191037613,2162698,0.02873551,0.026818031,-0.005539375,44.20059,0
191138494,191137668,2162698,0.035446677,0.028202876,-0.0039414787,44.20059,0
191238551,191237730,2162698,0.028415928,0.02724414,-0.005352954,44.20059,0
191438686,191437877,2162698,0.015419703,0.026072348,-0.0026365295,44.20059,0
191538701,191537903,2162698,0.022690132,0.026818031,-0.0035952674,44.20059,0
191638764,191637969,2162698,0.040559944,0.028149612,-0.005832323,44.20059,0
191938953,191938137,2162698,0.029667616,0.02609898,-0.0056192703,44.20059,0
192039020,192038201,2162698,0.0345412,0.025166873,-0.009720538,44.20059,0
192139071,192138266,2162698,0.011584751,0.025912559,-0.0063116923,44.294704,0
192239119,192238320,2162698,0.031292144,0.022610238,-0.0031957934,44.294704,0
192439241,192438440,2162698,0.06828345,0.012303805,0.0006657903,44.294704,0
192539293,192538495,2162698,0.018588865,0.027856665,-0.0033822146,44.294704,0
192639354,192638550,2162698,0.027856665,0.02873551,-0.005752428,44.294704,0
192739451,192738622,2162698,0.032277513,0.028176246,-0.005193164,44.294704,0
192839465,192838667,2162698,0.04958806,0.033795517,-0.006178534,44.294704,0
192939535,192938724,2162698,0.037097834,0.032384038,-0.007190535,44.294704,0
193139648,193138853,2162698,0.031611722,0.03171825,-0.0002396845,44.20059,0
193239710,193238915,2162698,0.027297402,0.02676477,-0.0063915867,44.20059,0
193439821,193439022,2162698,0.020746026,0.024714136,-0.004660532,44.20059,0
193539880,193539081,2162698,0.01834918,0.02759035,-0.0068709557,44.20059,0
194037665,194036870,2162698,0.036938045,0.029001825,-0.0037550572,44.20059,0
194137727,194136929,2162698,0.026445191,0.029374668,-0.005885586,44.20059,0
194237796,194236988,2162698,0.027324032,0.025166873,-0.007803062,44.20059,0
194437901,194437105,2162698,-0.019281287,0.028016454,-0.0038615838,44.20059,0
194537960,194537164,2162698,0.047590688,0.029640984,-0.006791061,44.20059,0
194638031,194637228,2162698,0.023355922,0.029614352,-0.0033822146,44.20059,0
194738102,194737292,2162698,0.024580978,0.02727077,-0.0068443245,44.20059,0
194938220,194937398,2162698,0.043409526,0.02561961,-0.0034887411,44.20059,0
195338435,195337637,2162698,0.027643614,0.027537087,-0.0046339002,44.20059,0
195538551,195537754,2162698,0.021118868,0.028549086,-0.005912218,44.20059,0
195638637,195637818,2162698,0.03882889,0.02724414,-0.0035153728,44.20059,0
196539147,196538345,2162698,0.00860201,0.027670244,-0.004554006,44.20059,0
196639240,196638411,2162698,0.015899071,0.028655613,-0.00628506,44.20059,0
197139492,197138697,2162698,0.035047203,0.029374668,-0.005432849,44.294704,0
197339641,197338826,2162698,0.024474451,0.026045717,-0.006231797,44.294704,0
197439709,197438885,2162698,0.024687503,0.025300032,-0.0060986388,44.294704,0
197539780,197538940,2162698,0.024767399,0.027031086,-0.005965481,44.294704,0
197639840,197639001,2162698,0.024873925,0.026791401,-0.0070041134,44.294704,0
198337717,198336906,2162698,0.027643614,0.027137613,-0.005832323,44.20059,0
198437761,198436966,2162698,0.02724414,0.026897928,-0.0050333743,44.20059,0
198637887,198637088,2162698,0.026738139,0.027137613,-0.0062051653,44.20059,0
199238260,199237444,2162698,0.024367925,0.025193503,-0.0070307455,44.294704,0
199838618,199837802,2162698,0.029907301,0.027483823,-0.0038083205,44.294704,0
200038712,200037914,2162698,0.029534457,0.027856665,-0.007456851,44.294704,0
200739131,200738325,2162698,0.027643614,0.026897928,-0.0061519025,44.38882,0
201039323,201038506,2162698,0.024288028,0.028682245,-0.005193164,44.38882,0
201139370,201138572,2162698,0.027963191,0.028016454,-0.0050333743,44.294704,0
201639661,201638857,2162698,0.031664986,0.027190875,-0.005938849,44.294704,0
201739713,201738915,2162698,0.03336941,0.026924558,-0.005193164,44.294704,0
201839795,201838985,2162698,0.027190875,0.025699506,-0.0044474793,44.294704,0
202237552,202236717,2162698,0.035100464,0.027350664,-0.0062584286,44.38882,0
202337583,202336774,2162698,0.029694246,0.026525084,-0.008468852,44.38882,0
202437654,202436842,2162698,0.03171825,0.027510455,-0.0031158985,44.38882,0
202537698,202536891,2162698,0.029374668,0.029694246,-0.008495484,44.38882,0
203238097,203237302,2162698,0.028415928,0.027164243,-0.0050333743,44.294704,0
203338177,203337361,2162698,0.030546457,0.026498454,-0.0033289515,44.294704,0
203538286,203537481,2162698,0.029800773,0.028256139,-0.004660532,44.294704,0
203738401,203737604,2162698,0.033955306,0.026551716,-0.0048735845,44.294704,0
204038640,204037796,2162698,0.02346245,0.026232136,-0.005539375,44.294704,0
204138653,204137836,2162698,0.03089267,0.02660498,-0.0070041134,44.38882,0
204238729,204237906,2162698,0.03336941,0.02745719,-0.0053795855,44.38882,0
204739048,204738243,2162698,0.026418557,0.026205506,-0.0075101145,44.38882,0
205039164,205038369,2162698,0.02894856,0.026791401,-0.0037550572,44.38882,0
205239291,205238488,2162698,0.02181129,0.024501082,-0.0049002166,44.38882,0
205339348,205338544,2162698,0.025060346,0.02743056,-0.0052996906,44.38882,0
205439411,205438613,2162698,0.027963191,0.025806032,-0.00495348,44.38882,0
205639538,205638726,2162698,0.02828277,0.026312033,-0.0039414787,44.38882,0
205839651,205838840,2162698,0.028868668,0.026285399,-0.004101268,44.38882,0
206039765,206038959,2162698,0.024820661,0.026791401,-0.005885586,44.38882,0
206139821,206139022,2162698,0.028682245,0.026818031,-0.0068975873,44.38882,0
206239880,206239082,2162698,0.02924151,0.027696876,-0.005752428,44.38882,0
206437510,206436712,2162698,0.027696876,0.026631612,-0.006631271,44.38882,0
206937812,206936999,2162698,0.026471822,0.02612561,-0.0056991647,44.38882,0
207037849,207037054,2162698,0.028495824,0.026312033,-0.0046072686,44.38882,0
207137917,207137111,2162698,0.028495824,0.02743056,-0.006178534,44.38882,0
207237982,207237170,2162698,0.02876214,0.02695119,-0.007217167,44.38882,0
207338044,207337239,2162698,0.02524677,0.027936561,-0.0052996906,44.38882,0
207438090,207437292,2162698,0.027350664,0.025513085,-0.0058589545,44.38882,0
207538164,207537354,2162698,0.026178874,0.026711507,-0.006364955,44.38882,0
207638234,207637421,2162698,0.028682245,0.02545982,-0.0051132697,44.38882,0
207738269,207737470,2162698,0.026551716,0.02695119,-0.005060006,44.38882,0
207838336,207837530,2162698,0.028682245,0.02660498,-0.0043409523,44.38882,0
207938378,207937580,2162698,0.02676477,0.026924558,-0.00628506,44.38882,0
208038447,208037649,2162698,0.026818031,0.027164243,-0.005885586,44.38882,0
208238576,208237766,2162698,0.027563717,0.025806032,-0.005060006,44.577057,0
208338640,208337826,2162698,0.025166873,0.028522456,-0.0048203217,44.577057,0
208438679,208437884,2162698,0.029481193,0.027856665,-0.0055127437,44.577057,0
208538776,208537951,2162698,0.02873551,0.02695119,-0.0063383235,44.577057,0
208939007,208938194,2162698,0.029534457,0.028708877,-0.0048735845,44.577057,0
209339259,209338426,2162698,0.02924151,0.027563717,-0.005432849,44.48294,0
209439328,209438484,2162698,0.030306775,0.025300032,-0.0046871635,44.48294,0
209539353,209538539,2162698,0.021837922,0.027696876,-0.006924219,44.48294,0
209639430,209638607,2162698,0.028202876,0.025992453,-0.0045806374,44.48294,0
209939593,209938781,2162698,0.029854037,0.025806032,-0.005273059,44.48294,0
210039674,210038842,2162698,0.02660498,0.026152242,-0.0058056912,44.48294,0
210539940,210539141,2162698,0.026791401,0.028229509,-0.0070307455,44.38882,0
210937668,210936872,2162698,0.02894856,0.027776772,-0.005086638,44.38882,0
211037742,211036927,2162698,0.0314253,0.027537087,-0.0076965354,44.38882,0
211137796,211136987,2162698,0.029534457,0.027830034,-0.0048469533,44.48294,0
211237841,211237046,2162698,0.029987194,0.02612561,-0.0068709557,44.48294,0
211337900,211337105,2162698,0.029774142,0.024873925,-0.0052197957,44.48294,0
211538071,211537234,2162698,0.03153183,0.028415928,-0.0061252704,44.48294,0
211638110,211637300,2162698,0.025646243,0.029401299,-0.0055926386,44.48294,0
211738184,211737359,2162698,0.02860235,0.026365295,-0.0070041134,44.48294,0
212138381,212137583,2162698,0.02958772,0.027643614,-0.0062051653,44.38882,0
212238437,212237641,2162698,0.029667616,0.024714136,-0.0068709557,44.38882,0
212338509,212337707,2162698,0.03206446,0.026498454,-0.0073769568,44.38882,0
213138999,213138191,2162698,0.028309403,0.029001825,-0.0038615838,44.48294,0
213239051,213238244,2162698,0.02761698,0.028415928,-0.008628642,44.48294,0
213339109,213338307,2162698,0.026897928,0.025060346,-0.0079095885,44.48294,0
214239646,214238845,2162698,0.02745719,0.026818031,-0.0077231675,44.624115,0
214937550,214936751,2162698,0.029055087,0.02514024,-0.0044474793,44.624115,0
215037610,215036812,2162698,0.028868668,0.026578348,-0.0066845347,44.624115,0
215237750,215236938,2162698,0.026631612,0.028522456,-0.004926848,44.48294,0
215337831,215337005,2162698,0.026658243,0.02609898,-0.00577906,44.48294,0
215738059,215737232,2162698,0.028815404,0.027803402,-0.0041278997,44.48294,0
216238357,216237542,2162698,0.028176246,0.028655613,-0.00479369,44.48294,0
216338397,216337592,2162698,0.027883297,0.027190875,-0.0059921127,44.48294,0
216438461,216437648,2162698,0.030200249,0.026871296,-0.0051132697,44.48294,0
216538519,216537707,2162698,0.025539715,0.026631612,-0.0073503247,44.48294,0
216738626,216737827,2162698,0.025885925,0.027084349,-0.0045806374,44.48294,0
217038811,217038012,2162698,0.03158509,0.026924558,-0.0063915867,44.48294,0
217138866,217138068,2162698,0.02809635,0.027963191,-0.006045376,44.577057,0
217339020,217338192,2162698,0.02711098,0.027403928,-0.0064981133,44.577057,0
217639167,217638364,2162698,0.029667616,0.027031086,-0.0046072686,44.577057,0
217739234,217738423,2162698,0.029854037,0.02676477,-0.0047670584,44.577057,0
218239523,218238726,2162698,0.029294772,0.025406558,-0.0073769568,44.577057,0
218339578,218338783,2162698,0.027696876,0.026658243,-0.0054594805,44.577057,0
218639759,218638955,2162698,0.028868668,0.025353294,-0.004554006,44.577057,0
218739834,218739032,2162698,0.02924151,0.028522456,-0.0034354778,44.577057,0
218839888,218839082,2162698,0.02743056,0.02711098,-0.0055127437,44.577057,0
218939941,218939140,2162698,0.027190875,0.026818031,-0.005352954,44.577057,0
219037496,219036697,2162698,0.026711507,0.026924558,-0.00628506,44.577057,0
219137579,219136766,2162698,0.02676477,0.025885925,-0.0042077946,44.48294,0
219237612,219236817,2162698,0.030759512,0.026658243,-0.0055127437,44.48294,0
219637882,219637084,2162698,0.028815404,0.027750138,-0.003701794,44.48294,0
219737927,219737115,2162698,0.027803402,0.026578348,-0.006631271,44.48294,0
219938100,219937248,2162698,0.028522456,0.026791401,-0.005139901,44.48294,0
221839182,221838383,2162698,0.03089267,0.027031086,-0.0042876895,44.671177,0
221939235,221938436,2162698,0.031052459,0.027750138,-0.00495348,44.671177,0
222339481,222338672,2162698,0.028043088,0.024927188,-0.005832323,44.577057,0
222439557,222438739,2162698,0.030652985,0.025566347,-0.0043409523,44.577057,0
222639658,222638854,2162698,0.027004454,0.027883297,-0.004101268,44.577057,0
222739707,222738912,2162698,0.02860235,0.026977824,-0.006524745,44.577057,0
222839805,222838983,2162698,0.029800773,0.028682245,-0.00644485,44.577057,0
222939861,222939038,2162698,0.031292144,0.028362665,-0.0073769568,44.577057,0
223039904,223039106,2162698,0.02894856,0.026019083,-0.0068709557,44.577057,0
223637785,223636960,2162698,0.02676477,0.02612561,-0.0044741104,44.671177,0
223837888,223837073,2162698,0.02676477,0.02511361,-0.0048203217,44.671177,0
224238122,224237313,2162698,0.029374668,0.027164243,-0.0051132697,44.671177,0
224338185,224337384,2162698,0.027989823,0.027909929,-0.005752428,44.671177,0
224938565,224937740,2162698,0.030999197,0.026338665,-0.006045376,44.671177,0
225038604,225037801,2162698,0.03171825,0.026631612,-0.004394216,44.671177,0
225138653,225137850,2162698,0.029028457,0.025592979,-0.0046871635,44.671177,0
225538888,225538093,2162698,0.027377298,0.02857572,-0.0053263223,44.671177,0
226039202,226038400,2162698,0.026418557,0.026818031,-0.005938849,44.671177,0
226439434,226438634,2162698,0.02873551,0.027190875,-0.005193164,44.577057,0
226739661,226738851,2162698,0.026285399,0.026738139,-0.0040213736,44.577057,0
226839676,226838881,2162698,0.02892193,0.026738139,-0.0042876895,44.577057,0
226939761,226938939,2162698,0.030466564,0.027350664,-0.007403588,44.577057,0
227139855,227139056,2162698,0.028549086,0.026285399,-0.006231797,44.577057,0
227239931,227239122,2162698,0.02958772,0.027164243,-0.0066845347,44.577057,0
227339971,227339176,2162698,0.028176246,0.027057717,-0.005938849,44.577057,0
227737752,227736921,2162698,0.030306775,0.026312033,-0.008042747,44.577057,0
227837784,227836971,2162698,0.026072348,0.02514024,-0.0063915867,44.577057,0
227937882,227937043,2162698,0.029774142,0.027856665,-0.004554006,44.577057,0
228137987,228137161,2162698,0.030386668,0.029720878,-0.0069774822,44.671177,0
228238031,228237236,2162698,0.029055087,0.027883297,-0.004181163,44.671177,0
228338084,228337281,2162698,0.031611722,0.026897928,-0.0057257963,44.671177,0
228738345,228737526,2162698,0.033449303,0.023888554,-0.006657903,44.671177,0
229038492,229037693,2162698,0.029827405,0.024847295,-0.0050333743,44.671177,0
229138555,229137760,2162698,-0.007856325,0.023861924,-0.003089267,44.765293,0
229238616,229237814,2162698,0.027483823,0.02545982,-0.005832323,44.765293,0
229438732,229437937,2162698,0.033289514,0.028628983,-0.006072007,44.765293,0
229538790,229537995,2162698,0.029028457,0.027190875,-0.003222425,44.765293,0
229638857,229638055,2162698,0.12974921,0.019414445,-0.0086819045,44.765293,0
229839003,229838195,2162698,0.15536883,0.031212248,-0.01981392,44.765293,0
230039096,230038297,2162698,0.059921127,0.030652985,-0.0015180018,44.765293,0
230239221,230238426,2162698,0.01272991,0.028495824,-0.0005592638,44.765293,0
230339288,230338483,2162698,0.05190501,0.03107909,-0.0036751623,44.765293,0
230439341,230438544,2162698,0.024367925,0.022849923,-0.005539375,44.765293,0
230539408,230538606,2162698,0.13539511,0.026045717,-0.026498454,44.765293,0
230939648,230938845,2162698,0.018216023,0.025406558,-0.006178534,44.765293,0
231139762,231138958,2162698,0.026684875,0.02743056,-0.0034088462,44.765293,0
231539998,231539201,2162698,0.020719394,0.02463424,-0.0032490566,44.765293,0
231637561,231636763,2162698,0.028895298,0.027483823,-0.005645902,44.765293,0
231837680,231836882,2162698,0.034967307,0.019281287,-0.008069378,44.765293,0
231937752,231936953,2162698,0.011877698,0.02346245,-0.0039414787,44.765293,0
232037812,232037002,2162698,0.010945592,0.02894856,-0.0034354778,44.765293,0
232237957,232237146,2162698,0.024208136,0.027297402,-0.004740427,44.765293,0
232337989,232337183,2162698,0.020106867,0.024554346,-0.0046871635,44.765293,0
232538108,232537303,2162698,0.041731734,0.026525084,-0.006471481,44.765293,0
232640686,232639887,2162698,0.05336975,0.030146983,-0.019201392,44.765293,0
232740736,232739927,2162698,0.04082626,0.028522456,-0.009374327,44.765293,0
232840779,232839984,2162698,0.030360037,0.02711098,-0.011158645,44.765293,0
232938343,232937544,2162698,0.030439932,0.0252734,-0.010918961,44.765293,0
233338616,233337805,2162698,0.021864552,0.026312033,-0.007962852,44.765293,0
233438694,233437890,2162698,0.028495824,0.02514024,-0.0049002166,44.765293,0
233538711,233537906,2162698,0.023861924,0.0257794,-0.0063116923,44.765293,0
233738825,233738027,2162698,0.024021713,0.02524677,-0.005645902,44.765293,0
233838902,233838103,2162698,0.032810144,0.028522456,-0.0064182184,44.765293,0
233938975,233938154,2162698,0.02202434,0.026498454,-0.007483483,44.765293,0
234239135,234238335,2162698,0.027350664,0.029880667,-0.005885586,44.765293,0
234439268,234438451,2162698,0.02002697,0.032810144,-0.0035686358,44.765293,0
235139701,235138902,2162698,0.031611722,0.032011196,-0.007616641,44.765293,0
235239738,235238935,2162698,0.024421187,0.027164243,-0.0033555832,44.85941,0
235339803,235338994,2162698,0.03536678,0.038003307,-0.009800433,44.85941,0
235639982,235639177,2162698,0.021731395,0.029055087,-0.0033555832,44.85941,0
235740051,235739246,2162698,0.036005937,0.030226879,-0.0039947415,44.85941,0
236137773,236136977,2162698,0.030173616,0.024767399,-0.0068975873,44.85941,0
236237830,236237034,2162698,0.028815404,0.02548645,-0.009054748,44.85941,0
236437957,236437155,2162698,0.01898834,0.026897928,-0.0049801115,44.85941,0
236738148,236737340,2162698,0.03057309,0.028202876,-0.004181163,44.85941,0
236838237,236837404,2162698,0.026258769,0.024660872,-0.003834952,44.85941,0
236938267,236937462,2162698,0.024074977,0.038083203,-0.009374327,44.85941,0
237138394,237137596,2162698,0.021038974,0.030626353,-0.007669904,44.85941,0
237838803,237838003,2162698,0.02743056,0.02609898,-0.0048735845,44.765293,0
238339110,238338309,2162698,0.029800773,0.022104237,-0.0039947415,44.85941,0
238539245,238538434,2162698,0.036272254,0.024474451,-0.006471481,44.85941,0
238639311,238638497,2162698,0.029614352,0.02479403,-0.005352954,44.85941,0
238839406,238838608,2162698,0.029694246,0.024873925,-0.002822951,44.85941,0
238939473,238938669,2162698,0.029161615,0.028256139,-0.00085221155,44.85941,0
239139605,239138796,2162698,0.048203215,0.028389297,-0.010120012,44.85941,0
239239646,239238851,2162698,0.035473306,0.031025827,-0.0051665325,44.85941,0
239339753,239338947,2162698,0.0252734,0.025859294,-0.0035420044,44.85941,0
239439821,239439008,2162698,0.029667616,0.024873925,-0.006045376,44.85941,0
239539855,239539036,2162698,0.034993935,0.023835292,-0.00314253,44.85941,0
239640071,239639270,2162698,0.019947078,0.025646243,-0.005965481,44.85941,0
239937716,239936902,2162698,0.035899412,0.027909929,-0.0024501083,44.85941,0
240037766,240036962,2162698,0.023675503,0.025806032,-0.0067377975,44.85941,0
240237897,240237083,2162698,0.033262882,0.026178874,-0.005193164,44.81235,0
240938339,240937522,2162698,0.031265512,0.027537087,-0.0064182184,44.81235,0
241038387,241037575,2162698,0.02330266,0.026072348,-0.0069774822,44.81235,0
241138426,241137629,2162698,0.028256139,0.026312033,-0.0039947415,44.81235,0
241238508,241237696,2162698,0.03139867,0.025592979,-0.0035952674,44.90647,0
241641322,241640507,2162698,0.030945932,0.027803402,-0.007190535,44.90647,0
241738797,241737993,2162698,0.01304949,0.028975194,-0.014647386,44.90647,0
241838852,241838054,2162698,0.026525084,0.023648871,-0.0071106404,44.90647,0
241938995,241938121,2162698,0.024234766,0.023595607,-0.0064981133,44.90647,0
242239097,242238298,2162698,0.023355922,0.02561961,-0.005432849,44.90647,0
242339177,242338364,2162698,0.03225088,0.025832662,-0.0040746364,44.90647,0
242439253,242438451,2162698,0.031638354,0.025912559,-0.0062051653,44.90647,0
242939537,242938728,2162698,0.033023197,0.025912559,-0.0068709557,44.90647,0
243339781,243338965,2162698,0.02066613,0.02412824,-0.0060187443,44.81235,0
243439828,243439027,2162698,0.04775048,0.023835292,-0.0041545313,44.81235,0
243639940,243639145,2162698,0.024927188,0.0216515,-0.0037550572,44.81235,0
243837606,243836811,2162698,0.028469194,0.021092236,-0.0023169501,44.81235,0
243937712,243936871,2162698,0.02676477,0.02724414,-0.007323693,44.81235,0
244337915,244337114,2162698,0.026525084,0.023622239,-0.004660532,44.90647,0
244638092,244637297,2162698,0.026178874,0.030306775,-0.0052197957,44.90647,0
244838221,244837422,2162698,0.024101608,0.027190875,-0.005938849,44.90647,0
244938318,244937507,2162698,0.033129726,0.02711098,-0.0025033713,44.90647,0
245038347,245037544,2162698,0.025672873,0.02479403,-0.0038615838,44.90647,0
245238476,245237661,2162698,0.04053331,0.038083203,-0.005832323,45.000587,0
245338572,245337748,2162698,0.038136467,0.024527714,-0.0062051653,45.000587,0
245438592,245437783,2162698,0.027830034,0.025353294,-0.0035153728,45.000587,0
245938890,245938095,2162698,0.039760996,0.024687503,-0.0051132697,45.000587,0
246038954,246038149,2162698,0.023355922,0.026684875,-0.0034887411,45.000587,0
246139036,246138234,2162698,0.03025351,0.02873551,-0.0068443245,45.000587,0
