timestamp,timestamp_sample,device_id,x,y,z,temperature,error_count,is_external
2952400,2952381,1114122,0.35534924,0.033262596,-0.05446943,37.625,0,0
3047963,3047943,1114122,0.35469195,0.033557374,-0.05506694,37.625,0,0
3152955,3152924,1114122,0.35551363,0.033188894,-0.05395728,37.625,0,0
3352450,3352431,1114122,0.35477412,0.03385217,-0.055835173,37.75,0,0
3552996,3552974,1114122,0.35502064,0.033188894,-0.0547255,37.625,0,0
3754165,3754146,1114122,0.35551363,0.03304149,-0.056774113,37.75,0,0
3848047,3848027,1114122,0.35576007,0.032451913,-0.055835173,37.625,0,0
3953047,3953028,1114122,0.35534924,0.032525603,-0.055493735,37.75,0,0
4049293,4049266,1114122,0.35518494,0.033188894,-0.055664454,37.625,0,0
4354443,4354421,1114122,0.35378814,0.03363108,-0.056688756,37.625,0,0
4754616,4754594,1114122,0.35493842,0.03370478,-0.056859475,37.875,0,0
4849740,4849720,1114122,0.35592446,0.033188894,-0.056347318,37.875,0,0
4954756,4954729,1114122,0.35559577,0.033483688,-0.055835173,37.875,0,0
5155305,5155279,1114122,0.35551363,0.03370478,-0.05788378,37.75,0,0
5449873,5449854,1114122,0.35567793,0.033778466,-0.056859475,37.75,0,0
5554906,5554886,1114122,0.35510278,0.03363108,-0.056774113,37.75,0,0
5648799,5648779,1114122,0.35617092,0.032525603,-0.055835173,37.75,0,0
5850392,5850372,1114122,0.35502064,0.033557374,-0.055920526,37.875,0,0
5955128,5955108,1114122,0.35444543,0.03363108,-0.054640148,37.75,0,0
6155333,6155307,1114122,0.35485625,0.034368057,-0.056091245,37.875,0,0
6451013,6450983,1114122,0.35510278,0.033483688,-0.05711555,38.0,0,0
6556001,6555976,1114122,0.35493842,0.033409987,-0.05728627,37.875,0,0
6651546,6651527,1114122,0.35444543,0.032451913,-0.056518037,37.875,0,0
6946597,6946578,1114122,0.35518494,0.033409987,-0.058139857,37.875,0,0
7051596,7051577,1114122,0.35419896,0.032820396,-0.05745699,37.875,0,0
7156606,7156576,1114122,0.35362384,0.032525603,-0.057200912,37.875,0,0
7450739,7450716,1114122,0.35576007,0.033188894,-0.055749808,37.875,0,0
7748370,7748347,1114122,0.35477412,0.031936027,-0.05523766,37.75,0,0
7853421,7853401,1114122,0.35510278,0.033483688,-0.05600589,37.875,0,0
7948464,7948444,1114122,0.35567793,0.033925872,-0.056432683,37.875,0,0
8148842,8148822,1114122,0.3538703,0.03473655,-0.057030194,37.875,0,0
8253843,8253823,1114122,0.35493842,0.033778466,-0.056944832,37.875,0,0
8453642,8453623,1114122,0.35452765,0.033409987,-0.055835173,37.75,0,0
8756793,8756770,1114122,0.35428113,0.033483688,-0.05848129,37.875,0,0
8956412,8956392,1114122,0.3540346,0.034220666,-0.055835173,37.875,0,0
9156884,9156865,1114122,0.35452765,0.034146965,-0.056859475,38.0,0,0
9356617,9356597,1114122,0.35436326,0.034441758,-0.056688756,38.0,0,0
9451570,9451548,1114122,0.35477412,0.03466285,-0.056859475,38.0,0,0
9556630,9556608,1114122,0.35502064,0.03370478,-0.058139857,38.0,0,0
9651684,9651664,1114122,0.35551363,0.03385217,-0.056688756,38.0,0,0
9849844,9849824,1114122,0.35567793,0.03363108,-0.05822522,38.0,0,0
9954849,9954830,1114122,0.3554314,0.03304149,-0.05882273,38.0,0,0
10249447,10249428,1114122,0.35493842,0.032599304,-0.058310572,37.75,0,0
10354890,10354870,1114122,0.3552671,0.03304149,-0.056603402,37.75,0,0
11049710,11049691,1114122,0.35518494,0.034368057,-0.056603402,38.0,0,0
11248471,11248446,1114122,0.35518494,0.03370478,-0.057969138,38.0,0,0
11354893,11354870,1114122,0.35518494,0.033188894,-0.05745699,38.0,0,0
11755591,11755571,1114122,0.35534924,0.03363108,-0.056688756,38.0,0,0
11958277,11958249,1114122,0.35469195,0.03473655,-0.057969138,38.125,0,0
12150186,12150156,1114122,0.35493842,0.033778466,-0.057627708,38.0,0,0
12255259,12255237,1114122,0.35444543,0.033188894,-0.056091245,38.0,0,0
12455942,12455922,1114122,0.35428113,0.035105035,-0.055664454,38.0,0,0
12955517,12955498,1114122,0.35576007,0.03385217,-0.05600589,38.0,0,0
13049195,13049176,1114122,0.3546098,0.03311519,-0.056091245,38.0,0,0
13154208,13154178,1114122,0.35493842,0.033409987,-0.056347318,38.0,0,0
13450730,13450710,1114122,0.3554314,0.033778466,-0.056261964,38.125,0,0
13849306,13849276,1114122,0.35493842,0.03311519,-0.056432683,38.0,0,0
13956016,13955996,1114122,0.35493842,0.03363108,-0.056261964,38.0,0,0
14051051,14051031,1114122,0.35584223,0.034441758,-0.056518037,38.0,0,0
14156959,14156937,1114122,0.35608876,0.03363108,-0.057200912,38.125,0,0
14253646,14253626,1114122,0.35411683,0.035326127,-0.056859475,38.125,0,0
14348770,14348745,1114122,0.35428113,0.033557374,-0.05856665,38.125,0,0
14453722,14453702,1114122,0.35551363,0.034368057,-0.057627708,38.125,0,0
14653792,14653770,1114122,0.3554314,0.03333628,-0.058310572,38.0,0,0
15255252,15255232,1114122,0.35428113,0.034294356,-0.060188465,38.0,0,0
15351551,15351531,1114122,0.35551363,0.034220666,-0.05848129,38.25,0,0
15550314,15550278,1114122,0.35534924,0.03451546,-0.06010311,38.125,0,0
15657401,15657369,1114122,0.35518494,0.033999573,-0.06121277,38.125,0,0
15752940,15752921,1114122,0.35534924,0.035031345,-0.060359184,38.125,0,0
16048033,16048013,1114122,0.35633522,0.034441758,-0.06087134,38.125,0,0
16154476,16154451,1114122,0.35485625,0.034294356,-0.061724927,38.25,0,0
16249610,16249584,1114122,0.35428113,0.033483688,-0.060956694,38.0,0,0
16355647,16355627,1114122,0.35502064,0.03547353,-0.06181028,38.125,0,0
16652150,16652127,1114122,0.35493842,0.034441758,-0.059932392,38.125,0,0
16747221,16747195,1114122,0.35493842,0.032967802,-0.061639562,38.125,0,0
16951011,16950980,1114122,0.35477412,0.03466285,-0.060273826,38.125,0,0
17057459,17057431,1114122,0.35518494,0.03385217,-0.059420235,38.125,0,0
17152332,17152313,1114122,0.35510278,0.03451546,-0.060529903,38.0,0,0
17352426,17352406,1114122,0.35477412,0.034146965,-0.058737367,38.125,0,0
17457568,17457539,1114122,0.35502064,0.03466285,-0.05882273,38.0,0,0
17552649,17552629,1114122,0.35469195,0.034441758,-0.059078805,38.25,0,0
17657699,17657679,1114122,0.3552671,0.033999573,-0.059761673,38.125,0,0
17752753,17752724,1114122,0.35551363,0.035252437,-0.06138349,38.375,0,0
17848755,17848735,1114122,0.3554314,0.03385217,-0.060956694,38.25,0,0
18052793,18052764,1114122,0.35534924,0.033262596,-0.06010311,38.25,0,0
18148037,18148007,1114122,0.35559577,0.035031345,-0.06070062,38.0,0,0
18253013,18252986,1114122,0.35608876,0.033999573,-0.060273826,38.375,0,0
18347991,18347962,1114122,0.35559577,0.033925872,-0.06010311,38.125,0,0
18453556,18453536,1114122,0.35493842,0.03370478,-0.060017746,38.125,0,0
18548071,18548051,1114122,0.35592446,0.03311519,-0.05839593,38.25,0,0
18853131,18853112,1114122,0.3552671,0.03385217,-0.057030194,38.125,0,0
18948188,18948169,1114122,0.3546098,0.03311519,-0.05728627,38.125,0,0
19251548,19251528,1114122,0.35502064,0.03311519,-0.05728627,38.125,0,0
19347126,19347100,1114122,0.35559577,0.034368057,-0.058310572,38.25,0,0
19452105,19452082,1114122,0.3554314,0.03363108,-0.05728627,38.25,0,0
19548371,19548351,1114122,0.35584223,0.03363108,-0.057542343,38.125,0,0
19653449,19653424,1114122,0.35534924,0.03311519,-0.05839593,38.375,0,0
21155203,21155176,1114122,0.35452765,0.032673005,-0.055579096,38.375,0,0
21251629,21251609,1114122,0.35444543,0.032009717,-0.05728627,38.375,0,0
21549418,21549386,1114122,0.35567793,0.032820396,-0.055408377,38.25,0,0
21952037,21952014,1114122,0.35576007,0.03237821,-0.053445123,38.375,0,0
22057178,22057155,1114122,0.3546098,0.03311519,-0.05387192,38.375,0,0
22352267,22352240,1114122,0.35378814,0.03230451,-0.05506694,38.375,0,0
22447217,22447197,1114122,0.35444543,0.03237821,-0.055749808,38.375,0,0
22649915,22649877,1114122,0.35469195,0.03304149,-0.056091245,38.25,0,0
22755400,22755380,1114122,0.35477412,0.032967802,-0.05378656,38.375,0,0
22849972,22849947,1114122,0.35395244,0.03363108,-0.055493735,38.375,0,0
22953849,22953829,1114122,0.3552671,0.03237821,-0.05617661,38.375,0,0
23153403,23153376,1114122,0.35633522,0.033409987,-0.056091245,38.375,0,0
23247894,23247874,1114122,0.35419896,0.032967802,-0.054554794,38.375,0,0
23450190,23450146,1114122,0.35444543,0.032451913,-0.055835173,38.25,0,0
23648964,23648941,1114122,0.35428113,0.03311519,-0.05489622,38.375,0,0
23755280,23755254,1114122,0.35510278,0.033778466,-0.054213356,38.25,0,0
23850472,23850444,1114122,0.35510278,0.032894097,-0.055664454,38.25,0,0
23947819,23947799,1114122,0.35419896,0.033262596,-0.055664454,38.375,0,0
24052906,24052881,1114122,0.35502064,0.032599304,-0.055835173,38.5,0,0
24255505,24255485,1114122,0.3552671,0.032894097,-0.05506694,38.375,0,0
24350634,24350608,1114122,0.3560066,0.032894097,-0.056774113,38.375,0,0
24548816,24548795,1114122,0.35444543,0.03223082,-0.056347318,38.375,0,0
24749401,24749371,1114122,0.35469195,0.032967802,-0.055493735,38.375,0,0
24854372,24854349,1114122,0.3535416,0.030977957,-0.055920526,38.375,0,0
24948844,24948824,1114122,0.35469195,0.032599304,-0.055323016,38.5,0,0
25053850,25053830,1114122,0.3552671,0.032967802,-0.054384075,38.5,0,0
25457046,25457026,1114122,0.35559577,0.033483688,-0.05446943,38.5,0,0
25551568,25551538,1114122,0.35493842,0.03385217,-0.055835173,38.5,0,0
25752107,25752087,1114122,0.35444543,0.03230451,-0.055408377,38.5,0,0
25857139,25857119,1114122,0.35419896,0.03304149,-0.056432683,38.5,0,0
25952655,25952635,1114122,0.35469195,0.03311519,-0.056774113,38.5,0,0
26047169,26047150,1114122,0.35518494,0.032451913,-0.055408377,38.5,0,0
26153938,26153918,1114122,0.35452765,0.032894097,-0.05617661,38.375,0,0
26247717,26247687,1114122,0.35419896,0.032673005,-0.05506694,38.25,0,0
26647749,26647730,1114122,0.35428113,0.033188894,-0.05600589,38.5,0,0
26754291,26754265,1114122,0.35584223,0.03223082,-0.05600589,38.375,0,0
27449565,27449532,1114122,0.35502064,0.032599304,-0.056091245,38.5,0,0
27650504,27650481,1114122,0.35502064,0.031862326,-0.056091245,38.5,0,0
27757041,27757018,1114122,0.35510278,0.03237821,-0.056859475,38.5,0,0
27852207,27852175,1114122,0.35510278,0.032894097,-0.055579096,38.5,0,0
28052198,28052166,1114122,0.35477412,0.032599304,-0.05745699,38.5,0,0
28157230,28157203,1114122,0.35551363,0.032009717,-0.05711555,38.375,0,0
28251115,28251096,1114122,0.35436326,0.033778466,-0.057627708,38.375,0,0
28356093,28356074,1114122,0.35378814,0.03274671,-0.05822522,38.375,0,0
28957750,28957731,1114122,0.35502064,0.033188894,-0.06104205,38.625,0,0
29255955,29255935,1114122,0.35469195,0.033188894,-0.058908086,38.5,0,0
29456498,29456479,1114122,0.35419896,0.032894097,-0.061639562,38.5,0,0
29647991,29647971,1114122,0.35502064,0.033409987,-0.060017746,38.375,0,0
29753641,29753622,1114122,0.35502064,0.032820396,-0.059334878,38.5,0,0
30048719,30048700,1114122,0.35592446,0.032967802,-0.05882273,38.5,0,0
30653499,30653479,1114122,0.35567793,0.033557374,-0.06138349,38.625,0,0
30748486,30748466,1114122,0.35518494,0.033262596,-0.060444538,38.75,0,0
31151077,31151055,1114122,0.3540346,0.032967802,-0.061468843,38.625,0,0
31256195,31256176,1114122,0.35518494,0.032894097,-0.059676316,38.625,0,0
31351301,31351266,1114122,0.35534924,0.03370478,-0.060956694,38.625,0,0
31456217,31456195,1114122,0.35469195,0.034294356,-0.06070062,38.625,0,0
31550259,31550216,1114122,0.3554314,0.034073263,-0.061127413,38.75,0,0
31656319,31656299,1114122,0.35510278,0.033557374,-0.059334878,38.5,0,0
31856793,31856773,1114122,0.3554314,0.03370478,-0.060615256,38.5,0,0
31951470,31951450,1114122,0.35395244,0.03370478,-0.060529903,38.625,0,0
32057408,32057380,1114122,0.35469195,0.033262596,-0.061298132,38.625,0,0
32256866,32256847,1114122,0.35395244,0.03333628,-0.060444538,38.625,0,0
32354080,32354060,1114122,0.35428113,0.032967802,-0.06104205,38.5,0,0
32447954,32447934,1114122,0.35485625,0.03385217,-0.06104205,38.75,0,0
32552941,32552922,1114122,0.3546098,0.033557374,-0.061639562,38.625,0,0
32657948,32657929,1114122,0.35559577,0.03363108,-0.06104205,38.625,0,0
32951946,32951926,1114122,0.35444543,0.033483688,-0.061639562,38.625,0,0
33058011,33057979,1114122,0.35469195,0.033188894,-0.061981,38.75,0,0
33258554,33258534,1114122,0.3546098,0.03370478,-0.062066354,38.625,0,0
33449723,33449700,1114122,0.3546098,0.03466285,-0.061298132,38.625,0,0
33555699,33555680,1114122,0.35452765,0.032967802,-0.061127413,38.625,0,0
33850757,33850730,1114122,0.35510278,0.034073263,-0.06155421,38.5,0,0
34156311,34156282,1114122,0.35576007,0.033409987,-0.061724927,38.625,0,0
34452584,34452552,1114122,0.35370597,0.03370478,-0.06138349,38.625,0,0
34947838,34947818,1114122,0.35444543,0.034368057,-0.06070062,38.625,0,0
35052864,35052845,1114122,0.35493842,0.03370478,-0.062322438,38.625,0,0
35253001,35252978,1114122,0.3538703,0.033999573,-0.06249315,38.875,0,0
35347043,35347017,1114122,0.35428113,0.033409987,-0.06138349,38.75,0,0
35454101,35454074,1114122,0.35534924,0.034294356,-0.060615256,38.75,0,0
35550691,35550671,1114122,0.35469195,0.03451546,-0.060785975,38.625,0,0
35951849,35951820,1114122,0.35485625,0.03466285,-0.06010311,38.75,0,0
36048401,36048374,1114122,0.35534924,0.033778466,-0.060956694,38.75,0,0
36248413,36248393,1114122,0.35428113,0.033925872,-0.061639562,38.875,0,0
36353473,36353454,1114122,0.3546098,0.034294356,-0.06155421,38.75,0,0
36449502,36449479,1114122,0.35534924,0.033778466,-0.061639562,38.625,0,0
36554497,36554477,1114122,0.35493842,0.033409987,-0.061724927,38.875,0,0
36956682,36956662,1114122,0.35452765,0.03363108,-0.06070062,38.75,0,0
37051295,37051268,1114122,0.35469195,0.03370478,-0.059932392,38.75,0,0
37155108,37155088,1114122,0.35469195,0.034441758,-0.06104205,38.75,0,0
37251370,37251348,1114122,0.35370597,0.033557374,-0.059590954,38.75,0,0
37356373,37356348,1114122,0.35378814,0.032894097,-0.059505597,38.75,0,0
37556496,37556474,1114122,0.35419896,0.035105035,-0.057627708,38.875,0,0
37749186,37749161,1114122,0.35436326,0.03333628,-0.059420235,38.75,0,0
37855456,37855429,1114122,0.35485625,0.034146965,-0.05865201,38.625,0,0
37949948,37949929,1114122,0.35419896,0.034294356,-0.059590954,38.875,0,0
38150502,38150483,1114122,0.35428113,0.033557374,-0.060615256,38.75,0,0
38352104,38352084,1114122,0.35395244,0.03370478,-0.060785975,38.875,0,0
38457095,38457076,1114122,0.35567793,0.033262596,-0.060615256,38.875,0,0
38554467,38554445,1114122,0.35452765,0.03237821,-0.061468843,38.75,0,0
38648194,38648174,1114122,0.35493842,0.033188894,-0.059334878,38.875,0,0
38755306,38755278,1114122,0.35436326,0.034073263,-0.05728627,38.75,0,0
39350643,39350620,1114122,0.35452765,0.033778466,-0.058139857,38.875,0,0
39647575,39647549,1114122,0.35518494,0.03363108,-0.059932392,38.875,0,0
39755952,39755925,1114122,0.35518494,0.03230451,-0.060785975,39.0,0,0
39851498,39851475,1114122,0.35428113,0.03304149,-0.060188465,38.875,0,0
39957631,39957611,1114122,0.35567793,0.032967802,-0.059505597,39.0,0,0
40349208,40349189,1114122,0.3552671,0.03385217,-0.059420235,38.75,0,0
40454209,40454177,1114122,0.35452765,0.031788625,-0.060785975,38.875,0,0
40548696,40548676,1114122,0.35477412,0.034146965,-0.05711555,38.875,0,0
40655443,40655421,1114122,0.3538703,0.033409987,-0.059847035,38.75,0,0
40749254,40749235,1114122,0.35592446,0.034294356,-0.058737367,39.0,0,0
41455890,41455870,1114122,0.35477412,0.032820396,-0.05916416,38.875,0,0
41750960,41750940,1114122,0.3546098,0.033925872,-0.059761673,38.875,0,0
42056094,42056071,1114122,0.35469195,0.03304149,-0.06070062,38.875,0,0
42657097,42657077,1114122,0.35477412,0.03333628,-0.059505597,39.0,0,0
42751594,42751574,1114122,0.35485625,0.033925872,-0.059676316,38.875,0,0
42856451,42856429,1114122,0.35559577,0.032894097,-0.06104205,38.875,0,0
42952181,42952158,1114122,0.35493842,0.035105035,-0.060188465,39.125,0,0
43047698,43047678,1114122,0.35502064,0.032451913,-0.060359184,39.0,0,0
43152690,43152670,1114122,0.35493842,0.03385217,-0.060273826,39.0,0,0
43649479,43649437,1114122,0.35436326,0.03370478,-0.059590954,38.875,0,0
43849466,43849446,1114122,0.35452765,0.033925872,-0.059420235,39.125,0,0
43954894,43954874,1114122,0.35419896,0.03370478,-0.05856665,39.0,0,0
44354706,44354671,1114122,0.3535416,0.032673005,-0.060359184,38.875,0,0
44747432,44747403,1114122,0.35493842,0.03333628,-0.059847035,39.0,0,0
44854917,44854897,1114122,0.35436326,0.03363108,-0.06121277,39.125,0,0
45055304,45055278,1114122,0.3554314,0.033925872,-0.059847035,39.125,0,0
45352637,45352615,1114122,0.35493842,0.033557374,-0.05788378,39.125,0,0
45457704,45457684,1114122,0.35362384,0.034368057,-0.06010311,39.0,0,0
45552699,45552679,1114122,0.3554314,0.033925872,-0.058908086,39.125,0,0
45655896,45655876,1114122,0.3538703,0.033925872,-0.059932392,39.125,0,0
45750395,45750376,1114122,0.35510278,0.033483688,-0.060444538,39.25,0,0
45855400,45855381,1114122,0.35452765,0.03311519,-0.060956694,39.0,0,0
46350620,46350600,1114122,0.3546098,0.03473655,-0.06240779,39.125,0,0
46549452,46549432,1114122,0.35559577,0.034368057,-0.062066354,39.25,0,0
46654452,46654429,1114122,0.35493842,0.034441758,-0.062578514,39.125,0,0
46750738,46750718,1114122,0.3540346,0.03481024,-0.06181028,39.125,0,0
46855808,46855788,1114122,0.35485625,0.033188894,-0.06240779,39.25,0,0
46951597,46951577,1114122,0.35452765,0.034368057,-0.06104205,39.125,0,0
47056639,47056588,1114122,0.35493842,0.033999573,-0.061981,39.25,0,0
47152147,47152127,1114122,0.35436326,0.034957644,-0.062578514,39.125,0,0
47448733,47448703,1114122,0.35452765,0.034073263,-0.063005306,39.0,0,0
47554306,47554277,1114122,0.3540346,0.034146965,-0.062578514,39.0,0,0
48650506,48650476,1114122,0.35518494,0.034441758,-0.063005306,39.125,0,0
48755500,48755480,1114122,0.35444543,0.035252437,-0.06420033,39.125,0,0
48851727,48851708,1114122,0.35395244,0.033925872,-0.06317602,39.125,0,0
49349497,49349477,1114122,0.35477412,0.034146965,-0.06385889,39.125,0,0
49749680,49749660,1114122,0.35444543,0.034073263,-0.06573678,39.125,0,0
49952252,49952232,1114122,0.3540346,0.034957644,-0.064541765,39.125,0,0
50057325,50057305,1114122,0.35428113,0.034441758,-0.063773535,39.125,0,0
50153038,50153019,1114122,0.35395244,0.03547353,-0.064883195,39.125,0,0
50247527,50247497,1114122,0.35469195,0.03311519,-0.065651424,39.125,0,0
50355078,50355050,1114122,0.35444543,0.035768326,-0.06351745,39.25,0,0
51056059,51056040,1114122,0.35485625,0.03363108,-0.065395355,39.25,0,0
51151607,51151580,1114122,0.35452765,0.034368057,-0.06582215,39.125,0,0
51255563,51255543,1114122,0.35485625,0.03481024,-0.0659075,39.375,0,0
51350478,51350458,1114122,0.35444543,0.035252437,-0.06530999,39.25,0,0
51549562,51549537,1114122,0.3538703,0.03458915,-0.065651424,39.125,0,0
51752207,51752182,1114122,0.3552671,0.034146965,-0.06513927,39.375,0,0
51848209,51848186,1114122,0.35510278,0.034146965,-0.06428568,39.25,0,0
51955722,51955703,1114122,0.35510278,0.035399828,-0.06334674,39.25,0,0
52049426,52049384,1114122,0.35419896,0.035178736,-0.06471248,39.125,0,0
52155853,52155830,1114122,0.3546098,0.034220666,-0.0644564,39.375,0,0
52250948,52250928,1114122,0.35477412,0.03451546,-0.06437105,39.25,0,0
52651099,52651080,1114122,0.35452765,0.03547353,-0.06599286,39.25,0,0
52757049,52757029,1114122,0.35452765,0.03481024,-0.066590376,39.25,0,0
52853753,52853734,1114122,0.35469195,0.033925872,-0.06573678,39.375,0,0
53147645,53147626,1114122,0.3540346,0.03547353,-0.06505392,39.375,0,0
53254747,53254724,1114122,0.35477412,0.034957644,-0.06479784,39.375,0,0
53854310,53854280,1114122,0.35444543,0.035105035,-0.06266387,39.25,0,0
53949311,53949282,1114122,0.35411683,0.035031345,-0.06479784,39.375,0,0
54054874,54054848,1114122,0.35436326,0.035178736,-0.06505392,39.375,0,0
54150437,54150415,1114122,0.35452765,0.035326127,-0.06394425,39.25,0,0
54256877,54256857,1114122,0.35419896,0.034294356,-0.06462712,39.25,0,0
54350949,54350929,1114122,0.35477412,0.03458915,-0.06317602,39.375,0,0
54755201,54755175,1114122,0.35304862,0.03385217,-0.064541765,39.375,0,0
54955791,54955748,1114122,0.35370597,0.03458915,-0.06249315,39.25,0,0
55549002,55548983,1114122,0.35510278,0.033778466,-0.06121277,39.375,0,0
55655054,55655035,1114122,0.35485625,0.033188894,-0.06104205,39.25,0,0
55949052,55949028,1114122,0.35469195,0.033483688,-0.06240779,39.25,0,0
56148551,56148523,1114122,0.3540346,0.03363108,-0.06326138,39.375,0,0
56749149,56749128,1114122,0.35362384,0.03304149,-0.059761673,39.5,0,0
57951147,57951119,1114122,0.35452765,0.032009717,-0.0537012,39.375,0,0
58056260,58056231,1114122,0.35485625,0.03237821,-0.054213356,39.375,0,0
58151951,58151932,1114122,0.35411683,0.03274671,-0.053615842,39.375,0,0
58247527,58247495,1114122,0.3535416,0.033188894,-0.052847613,39.5,0,0
58352497,58352477,1114122,0.35469195,0.032451913,-0.052164745,39.375,0,0
58953091,58953071,1114122,0.35321298,0.032967802,-0.054384075,39.375,0,0
59154165,59154142,1114122,0.3535416,0.030683162,-0.05617661,39.375,0,0
59353144,59353124,1114122,0.35436326,0.03237821,-0.055920526,39.5,0,0
59649499,59649479,1114122,0.35345945,0.033188894,-0.055664454,39.5,0,0
59753194,59753174,1114122,0.35444543,0.032009717,-0.055664454,39.5,0,0
60155394,60155374,1114122,0.35370597,0.032820396,-0.054554794,39.625,0,0
60250898,60250878,1114122,0.35395244,0.031051645,-0.054554794,39.625,0,0
60347350,60347324,1114122,0.3540346,0.03230451,-0.054128,39.5,0,0
60454836,60454814,1114122,0.3535416,0.03333628,-0.05387192,39.625,0,0
60549926,60549897,1114122,0.35419896,0.032599304,-0.05395728,39.5,0,0
60654986,60654956,1114122,0.35378814,0.031567533,-0.05446943,39.5,0,0
61655810,61655778,1114122,0.35469195,0.03230451,-0.05395728,39.5,0,0
61751395,61751376,1114122,0.35395244,0.033188894,-0.05395728,39.5,0,0
61846906,61846884,1114122,0.35329515,0.032820396,-0.055749808,39.625,0,0
62249072,62249046,1114122,0.35469195,0.03237821,-0.055323016,39.5,0,0
62448389,62448363,1114122,0.3540346,0.03311519,-0.056944832,39.5,0,0
62553545,62553525,1114122,0.35362384,0.031641234,-0.055835173,39.625,0,0
62754097,62754077,1114122,0.35395244,0.033409987,-0.05711555,39.625,0,0
62849647,62849627,1114122,0.3540346,0.03311519,-0.056261964,39.75,0,0
62956090,62956070,1114122,0.35502064,0.032525603,-0.055920526,39.5,0,0
63156256,63156236,1114122,0.35370597,0.033262596,-0.056261964,39.625,0,0
63454441,63454422,1114122,0.35362384,0.032451913,-0.05771306,39.625,0,0
63550002,63549973,1114122,0.35518494,0.032451913,-0.05745699,39.625,0,0
63856606,63856576,1114122,0.35419896,0.033925872,-0.057030194,39.5,0,0
64047702,64047682,1114122,0.35362384,0.033262596,-0.057969138,39.75,0,0
64449893,64449864,1114122,0.3538703,0.03274671,-0.05865201,39.625,0,0
65155446,65155426,1114122,0.35534924,0.032599304,-0.05711555,39.75,0,0
65249761,65249731,1114122,0.35428113,0.032967802,-0.05848129,39.625,0,0
65355997,65355974,1114122,0.35485625,0.031936027,-0.057627708,39.75,0,0
65852456,65852436,1114122,0.3546098,0.033778466,-0.059847035,39.875,0,0
65957532,65957496,1114122,0.35567793,0.033262596,-0.058908086,39.75,0,0
66051110,66051091,1114122,0.35370597,0.032599304,-0.059249524,39.625,0,0
66547963,66547932,1114122,0.3540346,0.032673005,-0.060359184,39.75,0,0
66653798,66653779,1114122,0.35411683,0.033999573,-0.05899344,39.75,0,0
66749444,66749418,1114122,0.35304862,0.03215712,-0.059420235,39.75,0,0
66854365,66854346,1114122,0.35428113,0.032894097,-0.060785975,39.625,0,0
67255669,67255646,1114122,0.3538703,0.03230451,-0.060359184,39.75,0,0
67748987,67748968,1114122,0.35477412,0.032894097,-0.059590954,39.75,0,0
67856104,67856072,1114122,0.35493842,0.03304149,-0.05848129,39.75,0,0
67951010,67950988,1114122,0.35345945,0.03370478,-0.05745699,39.875,0,0
68054498,68054478,1114122,0.35551363,0.032967802,-0.058139857,39.75,0,0
68148634,68148614,1114122,0.35378814,0.03363108,-0.059078805,39.75,0,0
68253634,68253615,1114122,0.35419896,0.032820396,-0.05856665,39.625,0,0
68454543,68454523,1114122,0.35534924,0.031936027,-0.059676316,39.75,0,0
68549074,68549055,1114122,0.3538703,0.03208342,-0.059420235,39.875,0,0
68854598,68854578,1114122,0.3538703,0.032673005,-0.05848129,39.75,0,0
68950241,68950218,1114122,0.3546098,0.03274671,-0.05779842,39.75,0,0
69055151,69055128,1114122,0.35255563,0.032009717,-0.058310572,39.75,0,0
69149674,69149655,1114122,0.35518494,0.03208342,-0.05916416,39.75,0,0
69456740,69456720,1114122,0.35485625,0.032451913,-0.05839593,39.75,0,0
69549343,69549324,1114122,0.35378814,0.033262596,-0.056944832,39.875,0,0
69654696,69654676,1114122,0.35477412,0.03237821,-0.059334878,39.875,0,0
70055806,70055776,1114122,0.3546098,0.032820396,-0.05899344,39.875,0,0
70457257,70457235,1114122,0.35510278,0.03333628,-0.059249524,39.75,0,0
70552468,70552449,1114122,0.3535416,0.032820396,-0.05839593,39.75,0,0
70647991,70647971,1114122,0.3531308,0.033188894,-0.058908086,39.875,0,0
70848597,70848554,1114122,0.35452765,0.03311519,-0.058310572,39.875,0,0
70955018,70954998,1114122,0.3540346,0.032525603,-0.05822522,39.75,0,0
71250146,71250124,1114122,0.35428113,0.032525603,-0.059078805,40.0,0,0
71355181,71355161,1114122,0.3533773,0.033925872,-0.05822522,39.875,0,0
71755760,71755741,1114122,0.35534924,0.031567533,-0.058139857,39.875,0,0
71851300,71851280,1114122,0.35411683,0.03223082,-0.05916416,39.875,0,0
71946860,71946831,1114122,0.3540346,0.033483688,-0.058310572,40.0,0,0
72346912,72346892,1114122,0.35395244,0.031936027,-0.056859475,39.875,0,0
72451947,72451927,1114122,0.35411683,0.033188894,-0.05728627,39.875,0,0
72548327,72548307,1114122,0.3538703,0.032673005,-0.056261964,39.875,0,0
72853481,72853457,1114122,0.35329515,0.03370478,-0.05745699,39.875,0,0
72947501,72947476,1114122,0.35419896,0.03237821,-0.05506694,39.875,0,0
73053574,73053551,1114122,0.3538703,0.03230451,-0.055749808,39.875,0,0
73148724,73148685,1114122,0.35419896,0.032599304,-0.056261964,40.0,0,0
73254096,73254076,1114122,0.35362384,0.032967802,-0.057627708,40.0,0,0
73454700,73454680,1114122,0.35436326,0.03370478,-0.05848129,40.0,0,0
73548846,73548816,1114122,0.35567793,0.03304149,-0.057969138,39.875,0,0
73657302,73657276,1114122,0.35395244,0.032894097,-0.05788378,40.0,0,0
73857857,73857830,1114122,0.3535416,0.032525603,-0.05839593,40.125,0,0
73952366,73952340,1114122,0.35362384,0.032820396,-0.05848129,40.0,0,0
74047918,74047886,1114122,0.35395244,0.032673005,-0.05856665,40.0,0,0
74152900,74152880,1114122,0.35370597,0.033999573,-0.059078805,40.0,0,0
74257952,74257932,1114122,0.3540346,0.031936027,-0.0580545,40.0,0,0
74352407,74352387,1114122,0.3535416,0.032820396,-0.05788378,40.0,0,0
74751873,74751853,1114122,0.35329515,0.033557374,-0.0580545,39.875,0,0
75057999,75057979,1114122,0.35378814,0.03311519,-0.05916416,40.0,0,0
75154605,75154585,1114122,0.35428113,0.03370478,-0.059249524,40.0,0,0
75651255,75651235,1114122,0.3535416,0.03311519,-0.05728627,40.125,0,0
75756286,75756260,1114122,0.35444543,0.032820396,-0.058310572,40.0,0,0
76156309,76156283,1114122,0.35452765,0.03230451,-0.059334878,39.875,0,0
76358954,76358929,1114122,0.35493842,0.03363108,-0.059334878,40.0,0,0
76453496,76453474,1114122,0.35362384,0.033409987,-0.06104205,40.0,0,0
76653991,76653971,1114122,0.3540346,0.034368057,-0.060188465,40.0,0,0
76750393,76750371,1114122,0.35428113,0.032673005,-0.06070062,40.125,0,0
76855419,76855399,1114122,0.3546098,0.033262596,-0.062066354,40.125,0,0
76949048,76949029,1114122,0.3540346,0.032599304,-0.060529903,39.875,0,0
77054050,77054028,1114122,0.3540346,0.032894097,-0.060956694,40.125,0,0
77148540,77148520,1114122,0.35370597,0.03333628,-0.059847035,40.0,0,0
77254597,77254577,1114122,0.35239133,0.033188894,-0.060188465,40.0,0,0
77454101,77454082,1114122,0.3538703,0.032967802,-0.06121277,40.125,0,0
77548336,77548316,1114122,0.35329515,0.033409987,-0.059590954,40.0,0,0
77950988,77950957,1114122,0.35411683,0.034073263,-0.060615256,40.0,0,0
78257348,78257329,1114122,0.35362384,0.032673005,-0.06291995,40.0,0,0
78351860,78351838,1114122,0.3535416,0.033557374,-0.061981,40.0,0,0
78447415,78447388,1114122,0.35493842,0.033778466,-0.062237073,40.25,0,0
78553790,78553768,1114122,0.35345945,0.033188894,-0.061981,40.0,0,0
78851440,78851418,1114122,0.3535416,0.03215712,-0.06240779,40.125,0,0
78956688,78956668,1114122,0.35362384,0.034073263,-0.061298132,40.125,0,0
79051560,79051540,1114122,0.35502064,0.033409987,-0.061895646,40.125,0,0
79346752,79346723,1114122,0.3538703,0.03363108,-0.06394425,40.125,0,0
79452245,79452221,1114122,0.3540346,0.03385217,-0.06138349,40.0,0,0
79547841,79547813,1114122,0.35419896,0.034368057,-0.0634321,40.25,0,0
79751868,79751849,1114122,0.35551363,0.033262596,-0.06249315,40.125,0,0
79855444,79855422,1114122,0.35510278,0.033557374,-0.06420033,40.0,0,0
80349699,80349677,1114122,0.35428113,0.032894097,-0.06479784,40.125,0,0
80749936,80749917,1114122,0.35436326,0.034220666,-0.06701717,40.25,0,0
80855107,80855074,1114122,0.35485625,0.034441758,-0.06505392,40.25,0,0
80950590,80950570,1114122,0.35345945,0.03466285,-0.06616358,40.25,0,0
81057535,81057516,1114122,0.35477412,0.034294356,-0.06641965,40.0,0,0
81151157,81151137,1114122,0.35477412,0.03451546,-0.06582215,40.0,0,0
81352750,81352731,1114122,0.35510278,0.033557374,-0.06462712,40.125,0,0
81450285,81450255,1114122,0.35485625,0.034073263,-0.06548071,40.125,0,0
81556441,81556421,1114122,0.35411683,0.034220666,-0.06334674,40.125,0,0
81650945,81650926,1114122,0.35419896,0.033409987,-0.06326138,40.125,0,0
81850507,81850488,1114122,0.35502064,0.033557374,-0.0634321,40.125,0,0
82155728,82155699,1114122,0.35419896,0.034368057,-0.06428568,40.25,0,0
82356547,82356528,1114122,0.35477412,0.03363108,-0.063005306,40.25,0,0
82450769,82450744,1114122,0.35362384,0.033999573,-0.06215172,40.125,0,0
82555783,82555753,1114122,0.35370597,0.035178736,-0.06266387,40.125,0,0
82650899,82650874,1114122,0.35436326,0.032820396,-0.06360282,40.125,0,0
82850997,82850977,1114122,0.35321298,0.033262596,-0.063005306,40.125,0,0
82957151,82957131,1114122,0.35362384,0.033778466,-0.061981,40.125,0,0
83156655,83156636,1114122,0.35436326,0.033483688,-0.063688174,40.25,0,0
83548942,83548905,1114122,0.35436326,0.03311519,-0.060956694,40.25,0,0
83654375,83654346,1114122,0.35395244,0.03370478,-0.06317602,40.25,0,0
83749903,83749877,1114122,0.35419896,0.03274671,-0.06138349,40.125,0,0
83949436,83949393,1114122,0.3546098,0.033409987,-0.059505597,40.25,0,0
84750538,84750519,1114122,0.35551363,0.03223082,-0.061981,40.25,0,0
84857657,84857638,1114122,0.35362384,0.034073263,-0.06104205,40.25,0,0
84953221,84953187,1114122,0.35378814,0.03215712,-0.06155421,40.25,0,0
85047209,85047183,1114122,0.3538703,0.032673005,-0.059590954,40.25,0,0
85355395,85355375,1114122,0.35378814,0.03304149,-0.05899344,40.375,0,0
85450943,85450923,1114122,0.35321298,0.032525603,-0.060359184,40.25,0,0
85557995,85557976,1114122,0.35485625,0.03311519,-0.05865201,40.25,0,0
85653545,85653526,1114122,0.3531308,0.032673005,-0.059420235,40.25,0,0
85748042,85748022,1114122,0.35395244,0.031788625,-0.05822522,40.125,0,0
86053605,86053576,1114122,0.35370597,0.032599304,-0.06010311,40.25,0,0
86151246,86151226,1114122,0.35436326,0.032820396,-0.059505597,40.5,0,0
86257685,86257666,1114122,0.35329515,0.03304149,-0.059676316,40.125,0,0
86555331,86555311,1114122,0.35436326,0.03274671,-0.058908086,40.25,0,0
86648944,86648924,1114122,0.35477412,0.03333628,-0.060273826,40.375,0,0
86753948,86753926,1114122,0.35329515,0.03274671,-0.059420235,40.25,0,0
86849542,86849512,1114122,0.35469195,0.031862326,-0.06010311,40.375,0,0
86954503,86954476,1114122,0.35378814,0.032599304,-0.059847035,40.25,0,0
87050639,87050619,1114122,0.35362384,0.03333628,-0.05848129,40.375,0,0
87253748,87253729,1114122,0.3533773,0.033557374,-0.059334878,40.375,0,0
87350750,87350728,1114122,0.35428113,0.033188894,-0.059932392,40.25,0,0
87455901,87455881,1114122,0.35345945,0.034368057,-0.058737367,40.375,0,0
87553360,87553338,1114122,0.35411683,0.03311519,-0.059932392,40.5,0,0
87648387,87648367,1114122,0.35362384,0.03230451,-0.059334878,40.375,0,0
88048657,88048637,1114122,0.3524735,0.03274671,-0.059761673,40.25,0,0
88153701,88153682,1114122,0.35436326,0.032894097,-0.06087134,40.5,0,0
88554702,88554676,1114122,0.3540346,0.031641234,-0.061468843,40.375,0,0
88753966,88753943,1114122,0.3546098,0.03333628,-0.061298132,40.375,0,0
88849082,88849062,1114122,0.3540346,0.033557374,-0.059676316,40.375,0,0
89049120,89049098,1114122,0.35469195,0.032894097,-0.060529903,40.375,0,0
89556843,89556824,1114122,0.35436326,0.032673005,-0.061468843,40.375,0,0
89651968,89651949,1114122,0.3546098,0.03311519,-0.062578514,40.25,0,0
89755907,89755887,1114122,0.35362384,0.032525603,-0.063688174,40.375,0,0
89850423,89850403,1114122,0.35428113,0.033409987,-0.06274923,40.375,0,0
89957055,89957035,1114122,0.35452765,0.033409987,-0.061724927,40.375,0,0
90155959,90155937,1114122,0.35502064,0.032599304,-0.061724927,40.375,0,0
90252256,90252236,1114122,0.35469195,0.033188894,-0.06215172,40.375,0,0
90451007,90450974,1114122,0.35477412,0.033188894,-0.06317602,40.375,0,0
90557412,90557392,1114122,0.35510278,0.03311519,-0.061127413,40.5,0,0
91350318,91350299,1114122,0.35436326,0.032525603,-0.06240779,40.5,0,0
91855557,91855535,1114122,0.35395244,0.033557374,-0.061639562,40.5,0,0
92150947,92150921,1114122,0.35411683,0.032967802,-0.06070062,40.5,0,0
92255948,92255926,1114122,0.3538703,0.034957644,-0.05916416,40.5,0,0
92554147,92554127,1114122,0.35485625,0.032967802,-0.059932392,40.5,0,0
92849204,92849185,1114122,0.35255563,0.03208342,-0.060956694,40.375,0,0
93248853,93248833,1114122,0.3546098,0.033409987,-0.06121277,40.625,0,0
93355335,93355302,1114122,0.3540346,0.03363108,-0.06215172,40.625,0,0
93448993,93448974,1114122,0.35436326,0.032451913,-0.060017746,40.5,0,0
93554788,93554769,1114122,0.35345945,0.032451913,-0.062578514,40.375,0,0
93755393,93755374,1114122,0.3535416,0.032894097,-0.06215172,40.5,0,0
93851592,93851570,1114122,0.3524735,0.034368057,-0.059420235,40.375,0,0
93956677,93956657,1114122,0.35395244,0.03237821,-0.062237073,40.5,0,0
94051704,94051682,1114122,0.35411683,0.034073263,-0.05822522,40.5,0,0
94156821,94156801,1114122,0.35370597,0.03304149,-0.062237073,40.5,0,0
94251992,94251973,1114122,0.3538703,0.032820396,-0.05899344,40.5,0,0
94450449,94450430,1114122,0.35395244,0.03230451,-0.05745699,40.5,0,0
94555459,94555437,1114122,0.35395244,0.032820396,-0.060615256,40.5,0,0
95051052,95051032,1114122,0.35378814,0.03304149,-0.059078805,40.625,0,0
95158142,95158120,1114122,0.3533773,0.032673005,-0.06104205,40.5,0,0
95252325,95252302,1114122,0.35255563,0.033262596,-0.057030194,40.5,0,0
95357419,95357399,1114122,0.35395244,0.031788625,-0.06104205,40.5,0,0
95452441,95452421,1114122,0.35411683,0.033999573,-0.055835173,40.5,0,0
95757713,95757687,1114122,0.35345945,0.03274671,-0.060017746,40.5,0,0
95852630,95852608,1114122,0.35296646,0.032673005,-0.057030194,40.625,0,0
95957791,95957771,1114122,0.3531308,0.03208342,-0.059590954,40.625,0,0
96052744,96052725,1114122,0.3535416,0.034073263,-0.05728627,40.625,0,0
96158805,96158785,1114122,0.3535416,0.03223082,-0.059847035,40.75,0,0
96254376,96254356,1114122,0.35362384,0.03311519,-0.057200912,40.625,0,0
96949504,96949477,1114122,0.35395244,0.031641234,-0.059334878,40.625,0,0
97151054,97151029,1114122,0.3540346,0.031567533,-0.05899344,40.625,0,0
97255936,97255911,1114122,0.35329515,0.033557374,-0.055749808,40.625,0,0
97353390,97353360,1114122,0.3538703,0.032451913,-0.060444538,40.5,0,0
97552147,97552127,1114122,0.35321298,0.030977957,-0.061724927,40.75,0,0
97753579,97753560,1114122,0.35370597,0.03230451,-0.061639562,40.5,0,0
97849298,97849270,1114122,0.3526378,0.03370478,-0.05771306,40.5,0,0
97957452,97957433,1114122,0.35428113,0.031641234,-0.06104205,40.75,0,0
98147499,98147479,1114122,0.35362384,0.03304149,-0.061468843,40.75,0,0
98253974,98253944,1114122,0.35378814,0.032451913,-0.058310572,40.75,0,0
98647331,98647290,1114122,0.35296646,0.03230451,-0.057542343,40.75,0,0
98752310,98752282,1114122,0.35296646,0.031936027,-0.06138349,40.625,0,0
98856814,98856785,1114122,0.35428113,0.033409987,-0.05865201,40.625,0,0
100252399,100252380,1114122,0.3540346,0.034220666,-0.06121277,40.625,0,0
100652604,100652585,1114122,0.35304862,0.032673005,-0.059590954,40.5,0,0
100757679,100757656,1114122,0.35370597,0.03333628,-0.06240779,40.75,0,0
100851260,100851233,1114122,0.35378814,0.032967802,-0.060017746,40.625,0,0
101053894,101053875,1114122,0.3531308,0.033483688,-0.059420235,40.625,0,0
101148414,101148395,1114122,0.3524735,0.03311519,-0.062066354,40.75,0,0
101453042,101453020,1114122,0.35321298,0.03385217,-0.062237073,40.625,0,0
101548159,101548139,1114122,0.35280216,0.034368057,-0.060273826,40.75,0,0
101953322,101953303,1114122,0.3524735,0.033262596,-0.060956694,40.875,0,0
102055878,102055859,1114122,0.3533773,0.03215712,-0.06394425,40.75,0,0
102152202,102152183,1114122,0.35280216,0.033262596,-0.060956694,40.75,0,0
102353594,102353568,1114122,0.35181618,0.033262596,-0.060529903,40.75,0,0
102754914,102754894,1114122,0.35181618,0.034146965,-0.060785975,40.75,0,0
103049978,103049955,1114122,0.3533773,0.03274671,-0.06266387,40.75,0,0
103156461,103156441,1114122,0.35370597,0.033483688,-0.060273826,40.875,0,0
103951898,103951879,1114122,0.3519805,0.033778466,-0.06070062,40.75,0,0
104057030,104057000,1114122,0.3540346,0.03215712,-0.06104205,40.875,0,0
104247997,104247978,1114122,0.35321298,0.03237821,-0.06274923,40.875,0,0
104354526,104354506,1114122,0.35272002,0.032820396,-0.060444538,40.75,0,0
104553555,104553531,1114122,0.35378814,0.033999573,-0.060359184,40.875,0,0
104649701,104649681,1114122,0.35329515,0.033409987,-0.06334674,40.875,0,0
105348393,105348373,1114122,0.35230917,0.033925872,-0.06181028,40.75,0,0
105453406,105453376,1114122,0.35280216,0.03473655,-0.06274923,40.75,0,0
105550199,105550177,1114122,0.3531308,0.034294356,-0.05899344,40.875,0,0
105656052,105656025,1114122,0.35362384,0.03481024,-0.06274923,40.75,0,0
106056128,106056096,1114122,0.35362384,0.03237821,-0.06471248,41.0,0,0
106248035,106248016,1114122,0.35345945,0.033262596,-0.06513927,41.0,0,0
106354311,106354285,1114122,0.3531308,0.035842013,-0.060529903,40.875,0,0
106448796,106448774,1114122,0.3533773,0.03370478,-0.06437105,40.75,0,0
106852011,106851980,1114122,0.35230917,0.03451546,-0.06710252,41.0,0,0
107054685,107054665,1114122,0.35321298,0.034073263,-0.06556607,40.875,0,0
107149161,107149139,1114122,0.35419896,0.03473655,-0.0634321,40.75,0,0
107256152,107256127,1114122,0.3535416,0.034220666,-0.066505015,41.0,0,0
107447390,107447370,1114122,0.35370597,0.03370478,-0.06633429,40.875,0,0
107552407,107552379,1114122,0.35296646,0.03562092,-0.06556607,41.0,0,0
107954499,107954479,1114122,0.3540346,0.035915717,-0.06582215,40.875,0,0
108050059,108050039,1114122,0.35395244,0.03458915,-0.066590376,40.875,0,0
108451746,108451726,1114122,0.35428113,0.03451546,-0.06872434,40.875,0,0
108556909,108556878,1114122,0.35321298,0.035178736,-0.06471248,40.875,0,0
108651853,108651833,1114122,0.35502064,0.034294356,-0.06863899,40.875,0,0
108747252,108747230,1114122,0.35304862,0.03621051,-0.06402961,40.875,0,0
108951001,108950949,1114122,0.35255563,0.035399828,-0.06394425,41.0,0,0
109055976,109055957,1114122,0.35296646,0.033409987,-0.06641965,40.875,0,0
109948446,109948427,1114122,0.35280216,0.035399828,-0.061639562,40.875,0,0
110252686,110252664,1114122,0.3519805,0.03370478,-0.0659075,41.125,0,0
110748544,110748524,1114122,0.3540346,0.03458915,-0.06513927,40.875,0,0
111055621,111055599,1114122,0.35428113,0.032967802,-0.066078216,41.125,0,0
111254649,111254629,1114122,0.3531308,0.035031345,-0.06573678,41.125,0,0
111348322,111348302,1114122,0.35444543,0.033409987,-0.06641965,41.125,0,0
111653430,111653408,1114122,0.35272002,0.034957644,-0.064114965,41.0,0,0
112253807,112253781,1114122,0.3531308,0.034073263,-0.06402961,41.125,0,0
112348819,112348799,1114122,0.35452765,0.03370478,-0.065651424,40.875,0,0
112549335,112549310,1114122,0.35329515,0.03333628,-0.06530999,41.0,0,0
112654303,112654283,1114122,0.3538703,0.03473655,-0.06402961,41.125,0,0
112749107,112749087,1114122,0.35395244,0.034883942,-0.0659075,41.0,0,0
113454443,113454423,1114122,0.35222703,0.033262596,-0.06326138,41.0,0,0
113549960,113549934,1114122,0.35272002,0.03223082,-0.065395355,41.0,0,0
113749569,113749549,1114122,0.3531308,0.033262596,-0.06599286,41.0,0,0
114552693,114552673,1114122,0.35296646,0.03451546,-0.06573678,41.125,0,0
114658757,114658738,1114122,0.35255563,0.034368057,-0.06351745,41.0,0,0
115250950,115250930,1114122,0.35272002,0.035399828,-0.06334674,41.0,0,0
115355945,115355925,1114122,0.35230917,0.032820396,-0.06616358,41.375,0,0
115555529,115555506,1114122,0.35288432,0.033483688,-0.067273244,41.125,0,0
115755720,115755695,1114122,0.35255563,0.034220666,-0.0659075,41.125,0,0
115851575,115851546,1114122,0.35189834,0.034368057,-0.06291995,41.125,0,0
115956547,115956524,1114122,0.3526378,0.03119905,-0.06624894,41.125,0,0
116050771,116050752,1114122,0.3526378,0.034073263,-0.06215172,41.0,0,0
116250906,116250878,1114122,0.3531308,0.033925872,-0.06351745,41.125,0,0
116451103,116451076,1114122,0.3531308,0.034441758,-0.06309066,41.125,0,0
116651655,116651635,1114122,0.35280216,0.034146965,-0.061127413,41.25,0,0
116747240,116747216,1114122,0.35296646,0.032894097,-0.066078216,41.125,0,0
117052754,117052735,1114122,0.35239133,0.03473655,-0.06317602,41.25,0,0
117150408,117150378,1114122,0.3535416,0.034073263,-0.06522463,41.25,0,0
117554183,117554141,1114122,0.3533773,0.03363108,-0.06513927,41.125,0,0
117650209,117650182,1114122,0.3533773,0.033925872,-0.062322438,41.125,0,0
117850747,117850727,1114122,0.35272002,0.034073263,-0.06274923,41.25,0,0
117954361,117954341,1114122,0.35230917,0.033262596,-0.06513927,41.125,0,0
118049423,118049400,1114122,0.3533773,0.03363108,-0.06317602,41.125,0,0
118357152,118357128,1114122,0.3526378,0.033188894,-0.06744396,41.125,0,0
118755854,118755834,1114122,0.3519805,0.03333628,-0.066505015,41.125,0,0
119052519,119052499,1114122,0.35272002,0.035915717,-0.06309066,41.25,0,0
119148544,119148524,1114122,0.35419896,0.03451546,-0.06420033,41.375,0,0
119253553,119253534,1114122,0.3524735,0.035252437,-0.06070062,41.125,0,0
119455161,119455141,1114122,0.35378814,0.03481024,-0.06283458,41.375,0,0
119550740,119550720,1114122,0.35502064,0.03363108,-0.064883195,41.25,0,0
119656758,119656732,1114122,0.35477412,0.034883942,-0.06070062,41.25,0,0
120047953,120047933,1114122,0.35436326,0.03451546,-0.05822522,41.375,0,0
120449506,120449486,1114122,0.35370597,0.032451913,-0.0644564,41.5,0,0
120555754,120555732,1114122,0.35428113,0.033925872,-0.0634321,41.25,0,0
120651122,120651103,1114122,0.35288432,0.033483688,-0.059676316,41.25,0,0
120757147,120757127,1114122,0.35469195,0.033483688,-0.06138349,41.25,0,0
120851647,120851625,1114122,0.35419896,0.032894097,-0.06155421,41.375,0,0
121253606,121253587,1114122,0.35395244,0.033999573,-0.0644564,41.375,0,0
121452244,121452220,1114122,0.35518494,0.03370478,-0.06087134,41.25,0,0
121651356,121651337,1114122,0.35452765,0.033778466,-0.06309066,41.375,0,0
121756741,121756721,1114122,0.35444543,0.035031345,-0.059249524,41.5,0,0
121955256,121955220,1114122,0.35288432,0.034220666,-0.060188465,41.25,0,0
122154736,122154710,1114122,0.35510278,0.035915717,-0.05882273,41.25,0,0
122249199,122249179,1114122,0.35477412,0.03466285,-0.06471248,41.5,0,0
122354403,122354377,1114122,0.35419896,0.03547353,-0.061981,41.375,0,0
122450794,122450769,1114122,0.35534924,0.034957644,-0.0634321,41.375,0,0
122556987,122556958,1114122,0.3552671,0.035399828,-0.060273826,41.375,0,0
122651868,122651848,1114122,0.35502064,0.03304149,-0.06428568,41.5,0,0
122756967,122756947,1114122,0.35436326,0.03569462,-0.06155421,41.375,0,0
122850851,122850831,1114122,0.35502064,0.03311519,-0.063688174,41.375,0,0
123052453,123052433,1114122,0.35428113,0.03451546,-0.0634321,41.25,0,0
123157488,123157468,1114122,0.35518494,0.036063105,-0.059078805,41.375,0,0
123252245,123252221,1114122,0.35658175,0.034957644,-0.06087134,41.375,0,0
123357312,123357292,1114122,0.35756773,0.03481024,-0.058908086,41.375,0,0
123957706,123957686,1114122,0.35896453,0.034368057,-0.05839593,41.5,0,0
124053095,124053075,1114122,0.3585537,0.032820396,-0.06420033,41.375,0,0
124148657,124148638,1114122,0.35633522,0.035915717,-0.06010311,41.5,0,0
124253654,124253626,1114122,0.35707474,0.035326127,-0.06283458,41.5,0,0
124349206,124349183,1114122,0.35576007,0.035915717,-0.059334878,41.5,0,0
124550796,124550776,1114122,0.35378814,0.034883942,-0.05916416,41.5,0,0
124655851,124655832,1114122,0.35658175,0.036431603,-0.060615256,41.625,0,0
124951937,124951907,1114122,0.35658175,0.035105035,-0.059676316,41.5,0,0
125153299,125153279,1114122,0.35658175,0.034294356,-0.05856665,41.375,0,0
125246989,125246947,1114122,0.35699257,0.03385217,-0.062322438,41.5,0,0
125448420,125448400,1114122,0.3568282,0.03466285,-0.06326138,41.5,0,0
125554594,125554575,1114122,0.35707474,0.033483688,-0.062578514,41.5,0,0
126254946,126254927,1114122,0.35838938,0.034368057,-0.065651424,41.5,0,0
126350502,126350482,1114122,0.35847154,0.03569462,-0.06513927,41.5,0,0
126455505,126455479,1114122,0.35732126,0.034220666,-0.06385889,41.625,0,0
127349473,127349453,1114122,0.35781425,0.033483688,-0.0644564,41.625,0,0
127655646,127655626,1114122,0.35986835,0.03237821,-0.06385889,41.75,0,0
127751200,127751180,1114122,0.3585537,0.033262596,-0.06513927,41.625,0,0
128151253,128151234,1114122,0.36718106,0.031936027,-0.06624894,41.625,0,0
128247542,128247516,1114122,0.36750972,0.03304149,-0.064883195,41.625,0,0
129155505,129155483,1114122,0.36471605,0.031567533,-0.070431516,41.5,0,0
129251675,129251650,1114122,0.3679205,0.031567533,-0.06812683,41.625,0,0
129348269,129348242,1114122,0.36561987,0.030388368,-0.06795611,41.75,0,0
129550703,129550683,1114122,0.36512688,0.03215712,-0.06974865,41.625,0,0
129855899,129855876,1114122,0.36356577,0.032894097,-0.06582215,41.75,0,0
130256075,130256056,1114122,0.36414093,0.03119905,-0.0673586,41.75,0,0
130552623,130552579,1114122,0.36627722,0.031641234,-0.06795611,41.75,0,0
131049261,131049234,1114122,0.3660307,0.031714935,-0.06795611,41.625,0,0
131354805,131354778,1114122,0.36414093,0.031714935,-0.06778539,41.75,0,0
131449448,131449418,1114122,0.36734536,0.031936027,-0.068468265,41.625,0,0
131555396,131555377,1114122,0.36619508,0.03230451,-0.06821218,41.75,0,0
131854617,131854597,1114122,0.36496258,0.032009717,-0.06505392,41.75,0,0
132249869,132249827,1114122,0.36323708,0.03223082,-0.063773535,41.875,0,0
132555988,132555969,1114122,0.36627722,0.031567533,-0.06778539,41.875,0,0
132650508,132650489,1114122,0.36315495,0.030535758,-0.06761468,41.625,0,0
133149263,133149233,1114122,0.36496258,0.03060946,-0.06530999,41.75,0,0
133255331,133255311,1114122,0.36364794,0.03237821,-0.06710252,41.75,0,0
133551406,133551380,1114122,0.36175814,0.030388368,-0.06513927,41.875,0,0
133656396,133656377,1114122,0.36529127,0.032967802,-0.06402961,41.75,0,0
133750898,133750878,1114122,0.36668807,0.030977957,-0.064114965,41.875,0,0
134353417,134353397,1114122,0.3652091,0.032599304,-0.06471248,41.875,0,0
134647601,134647577,1114122,0.36545557,0.033188894,-0.06309066,41.75,0,0
135248973,135248947,1114122,0.36561987,0.03119905,-0.066078216,41.75,0,0
135451532,135451512,1114122,0.36373007,0.033262596,-0.064883195,41.75,0,0
135547452,135547432,1114122,0.36668807,0.03134644,-0.06761468,41.75,0,0
135652459,135652432,1114122,0.3679205,0.031051645,-0.06616358,41.75,0,0
135748032,135748004,1114122,0.36874217,0.030977957,-0.06863899,42.0,0,0
135852994,135852974,1114122,0.36767402,0.032525603,-0.06693181,41.75,0,0
136255143,136255124,1114122,0.36619508,0.03230451,-0.06274923,41.75,0,0
136447119,136447096,1114122,0.36701667,0.031641234,-0.06334674,42.0,0,0
136647852,136647832,1114122,0.36561987,0.032894097,-0.061895646,41.75,0,0
136752857,136752831,1114122,0.36948168,0.032894097,-0.06599286,41.875,0,0
137352642,137352622,1114122,0.37063196,0.031641234,-0.066505015,41.875,0,0
137457682,137457660,1114122,0.36972815,0.030904254,-0.06898042,42.0,0,0
137550863,137550841,1114122,0.36981028,0.03060946,-0.07000472,41.875,0,0
137751398,137751379,1114122,0.3698925,0.032009717,-0.06949257,42.0,0,0
137950903,137950884,1114122,0.36939952,0.03134644,-0.06906578,42.0,0,0
138055893,138055870,1114122,0.37013897,0.03223082,-0.07017544,42.0,0,0
138150566,138150546,1114122,0.37013897,0.03208342,-0.06949257,41.875,0,0
138350950,138350927,1114122,0.36939952,0.03208342,-0.068809696,42.0,0,0
138455956,138455929,1114122,0.36857787,0.032009717,-0.06829755,42.0,0,0
138551495,138551476,1114122,0.3702211,0.031272735,-0.06693181,41.875,0,0
138656501,138656482,1114122,0.3714536,0.031051645,-0.069663286,42.125,0,0
139054445,139054425,1114122,0.369153,0.031567533,-0.068809696,42.0,0,0
139150002,139149983,1114122,0.369153,0.03304149,-0.06898042,41.875,0,0
139351590,139351570,1114122,0.3688243,0.030830553,-0.068809696,41.875,0,0
139456611,139456581,1114122,0.36964598,0.032525603,-0.06889506,41.875,0,0
139553834,139553814,1114122,0.3700568,0.032009717,-0.07000472,42.0,0,0
139955397,139955378,1114122,0.37030333,0.03215712,-0.06940721,42.125,0,0
140154864,140154845,1114122,0.3700568,0.031714935,-0.06667573,42.0,0,0
140249458,140249432,1114122,0.36981028,0.030093573,-0.068809696,41.875,0,0
140354381,140354361,1114122,0.37013897,0.031125346,-0.069663286,42.0,0,0
140451860,140451840,1114122,0.3698925,0.031272735,-0.06863899,42.0,0,0
140547557,140547535,1114122,0.36981028,0.031788625,-0.06906578,42.0,0,0
140654475,140654455,1114122,0.3707141,0.03142014,-0.06804147,42.0,0,0
141055795,141055765,1114122,0.36964598,0.031862326,-0.06863899,42.125,0,0
141151314,141151288,1114122,0.3700568,0.032525603,-0.07060223,42.125,0,0
141550098,141550072,1114122,0.3703855,0.032599304,-0.068382904,42.125,0,0
141750851,141750831,1114122,0.36964598,0.032451913,-0.071199745,42.25,0,0
141950312,141950292,1114122,0.36956382,0.031936027,-0.07137046,42.0,0,0
142055365,142055346,1114122,0.3708785,0.032967802,-0.07179725,42.125,0,0
142352964,142352942,1114122,0.37063196,0.03274671,-0.07179725,42.125,0,0
142455541,142455522,1114122,0.36956382,0.032967802,-0.073077634,42.125,0,0
142551997,142551977,1114122,0.3707141,0.03215712,-0.07213869,42.125,0,0
142648121,142648098,1114122,0.36956382,0.03230451,-0.07444338,42.125,0,0
142847095,142847076,1114122,0.36939952,0.032894097,-0.0741873,42.125,0,0
142954147,142954127,1114122,0.36857787,0.03274671,-0.0727362,42.125,0,0
143049736,143049705,1114122,0.36997467,0.03370478,-0.07282156,42.125,0,0
143356061,143356041,1114122,0.3707141,0.03363108,-0.07222405,42.125,0,0
143451247,143451213,1114122,0.36956382,0.033999573,-0.072394766,42.125,0,0
143556870,143556850,1114122,0.36948168,0.03370478,-0.073077634,42.125,0,0
143851903,143851883,1114122,0.3700568,0.032451913,-0.07435802,42.0,0,0
144252994,144252974,1114122,0.37046763,0.03237821,-0.07495553,42.0,0,0
144349192,144349172,1114122,0.36964598,0.033409987,-0.07376051,42.125,0,0
144654304,144654276,1114122,0.36890653,0.03363108,-0.07376051,42.125,0,0
144749397,144749377,1114122,0.37013897,0.034294356,-0.073504426,42.125,0,0
145257119,145257097,1114122,0.3708785,0.032525603,-0.071455814,42.125,0,0
145352388,145352368,1114122,0.3703855,0.03223082,-0.07230941,42.125,0,0
146157595,146157575,1114122,0.36939952,0.032967802,-0.07077295,42.125,0,0
146250215,146250185,1114122,0.36997467,0.03304149,-0.06949257,42.125,0,0
146555643,146555623,1114122,0.36956382,0.03215712,-0.07111439,42.25,0,0
146651204,146651185,1114122,0.36923516,0.032525603,-0.0717119,42.25,0,0
147051283,147051235,1114122,0.36997467,0.03208342,-0.07299228,42.25,0,0
147146811,147146778,1114122,0.36866,0.032451913,-0.07324835,42.25,0,0
147251803,147251773,1114122,0.36907083,0.032894097,-0.07085831,42.125,0,0
147355831,147355811,1114122,0.3700568,0.032820396,-0.07179725,42.25,0,0
147556299,147556270,1114122,0.36923516,0.03208342,-0.07000472,42.25,0,0
147651862,147651839,1114122,0.369153,0.031714935,-0.070090085,42.25,0,0
147747407,147747377,1114122,0.36948168,0.03237821,-0.06829755,42.125,0,0
147957409,147957379,1114122,0.369153,0.03311519,-0.06923649,42.25,0,0
148053707,148053685,1114122,0.36972815,0.033999573,-0.06949257,42.25,0,0
148148786,148148766,1114122,0.36948168,0.03458915,-0.070090085,42.25,0,0
148752259,148752239,1114122,0.36874217,0.032894097,-0.07000472,42.25,0,0
148847818,148847790,1114122,0.36939952,0.033409987,-0.06932185,42.375,0,0
148952795,148952775,1114122,0.36866,0.034073263,-0.06940721,42.25,0,0
149049359,149049325,1114122,0.3677562,0.032894097,-0.06923649,42.125,0,0
149557593,149557574,1114122,0.36824918,0.034146965,-0.06821218,42.375,0,0
149653158,149653132,1114122,0.369153,0.034368057,-0.068382904,42.25,0,0
149748714,149748685,1114122,0.36824918,0.033925872,-0.06778539,42.125,0,0
149949800,149949777,1114122,0.36923516,0.032894097,-0.06752931,42.25,0,0
150149922,150149903,1114122,0.3689887,0.03311519,-0.06898042,42.125,0,0
150255854,150255835,1114122,0.36824918,0.033483688,-0.06821218,42.25,0,0
150455395,150455376,1114122,0.3680027,0.03385217,-0.06684645,42.125,0,0
150550170,150550144,1114122,0.368167,0.033925872,-0.06787075,42.375,0,0
150655905,150655885,1114122,0.36981028,0.032820396,-0.06761468,42.25,0,0
151055944,151055924,1114122,0.36981028,0.034294356,-0.06684645,42.375,0,0
151152972,151152949,1114122,0.3679205,0.034957644,-0.06787075,42.125,0,0
151247053,151247033,1114122,0.36783835,0.034957644,-0.06710252,42.25,0,0
151352044,151352024,1114122,0.36750972,0.033188894,-0.068809696,42.125,0,0
151551545,151551525,1114122,0.3693173,0.033778466,-0.06693181,42.25,0,0
151647106,151647083,1114122,0.36890653,0.033262596,-0.067187876,42.25,0,0
151751093,151751073,1114122,0.36923516,0.034957644,-0.068809696,42.25,0,0
151951606,151951577,1114122,0.36923516,0.034441758,-0.06932185,42.25,0,0
152056588,152056569,1114122,0.3684957,0.033483688,-0.06829755,42.125,0,0
152152144,152152124,1114122,0.36907083,0.033409987,-0.067187876,42.25,0,0
152248578,152248548,1114122,0.36857787,0.03481024,-0.066761084,42.25,0,0
152354818,152354791,1114122,0.36857787,0.03237821,-0.067273244,42.125,0,0
152651358,152651338,1114122,0.36907083,0.033557374,-0.067273244,42.25,0,0
152756362,152756342,1114122,0.36808488,0.034368057,-0.066590376,42.375,0,0
153249212,153249192,1114122,0.3688243,0.03370478,-0.068382904,42.125,0,0
153354420,153354390,1114122,0.36857787,0.034368057,-0.06710252,42.375,0,0
153451944,153451917,1114122,0.3680027,0.032967802,-0.068468265,42.375,0,0
153557048,153557029,1114122,0.36833134,0.034294356,-0.06624894,42.25,0,0
153748146,153748126,1114122,0.3688243,0.033925872,-0.067700036,42.25,0,0
153947638,153947619,1114122,0.3693173,0.034220666,-0.06787075,42.375,0,0
154052677,154052657,1114122,0.36841348,0.03370478,-0.066590376,42.25,0,0
154254757,154254735,1114122,0.36923516,0.03466285,-0.06710252,42.25,0,0
154348747,154348727,1114122,0.3688243,0.033999573,-0.067700036,42.375,0,0
154455852,154455832,1114122,0.36857787,0.034146965,-0.06863899,42.375,0,0
154656394,154656375,1114122,0.37013897,0.034220666,-0.06684645,42.25,0,0
155355691,155355672,1114122,0.36833134,0.033925872,-0.06701717,42.375,0,0
155556269,155556249,1114122,0.36866,0.033925872,-0.06787075,42.25,0,0
155650547,155650524,1114122,0.36890653,0.03311519,-0.067187876,42.375,0,0
156049746,156049727,1114122,0.36874217,0.032967802,-0.06778539,42.375,0,0
156451030,156451010,1114122,0.36907083,0.032820396,-0.06787075,42.25,0,0
156556071,156556049,1114122,0.36907083,0.033483688,-0.067187876,42.375,0,0
156651092,156651072,1114122,0.36874217,0.032525603,-0.06744396,42.25,0,0
156954859,156954839,1114122,0.36808488,0.033262596,-0.06505392,42.375,0,0
157048985,157048954,1114122,0.3693173,0.03304149,-0.0673586,42.25,0,0
157154370,157154350,1114122,0.369153,0.033483688,-0.06599286,42.25,0,0
157649982,157649956,1114122,0.36972815,0.03370478,-0.06437105,42.375,0,0
157756779,157756760,1114122,0.36874217,0.035105035,-0.06291995,42.375,0,0
157850503,157850483,1114122,0.36808488,0.032894097,-0.06530999,42.375,0,0
157956911,157956892,1114122,0.36866,0.033483688,-0.065651424,42.375,0,0
158655849,158655829,1114122,0.3684957,0.032525603,-0.064541765,42.375,0,0
158752440,158752420,1114122,0.3684957,0.032967802,-0.06385889,42.375,0,0
158954924,158954905,1114122,0.36874217,0.03215712,-0.064541765,42.375,0,0
159853013,159852993,1114122,0.36956382,0.032673005,-0.06291995,42.375,0,0
159948007,159947988,1114122,0.3688243,0.03215712,-0.062322438,42.375,0,0
160148150,160148130,1114122,0.36866,0.031714935,-0.06087134,42.375,0,0
160657144,160657125,1114122,0.36981028,0.032673005,-0.05865201,42.5,0,0
160751644,160751624,1114122,0.36907083,0.031862326,-0.060273826,42.5,0,0
160847196,160847177,1114122,0.36824918,0.03304149,-0.059420235,42.375,0,0
160953727,160953701,1114122,0.36948168,0.032820396,-0.056944832,42.375,0,0
161048640,161048620,1114122,0.36890653,0.031936027,-0.059761673,42.375,0,0
161251246,161251226,1114122,0.36890653,0.032009717,-0.058310572,42.25,0,0
161356330,161356307,1114122,0.3674275,0.030904254,-0.05848129,42.375,0,0
161449906,161449886,1114122,0.3688243,0.030683162,-0.059334878,42.375,0,0
161554890,161554870,1114122,0.36783835,0.03134644,-0.05745699,42.375,0,0
161650441,161650421,1114122,0.36783835,0.03060946,-0.059420235,42.375,0,0
162150255,162150236,1114122,0.36857787,0.032673005,-0.060017746,42.375,0,0
162255254,162255235,1114122,0.36866,0.03237821,-0.058908086,42.5,0,0
162350797,162350777,1114122,0.36874217,0.032820396,-0.058310572,42.5,0,0
162455811,162455783,1114122,0.3688243,0.032451913,-0.05771306,42.5,0,0
162551987,162551968,1114122,0.369153,0.03119905,-0.058908086,42.5,0,0
162655301,162655276,1114122,0.36783835,0.032525603,-0.05856665,42.375,0,0
162752132,162752109,1114122,0.36907083,0.03134644,-0.05882273,42.5,0,0
162847277,162847241,1114122,0.36767402,0.031272735,-0.058908086,42.375,0,0
163047994,163047974,1114122,0.3684957,0.031125346,-0.05882273,42.5,0,0
163353567,163353538,1114122,0.36874217,0.031125346,-0.05865201,42.375,0,0
163450146,163450126,1114122,0.36874217,0.03142014,-0.058908086,42.375,0,0
163652651,163652628,1114122,0.3684957,0.03215712,-0.05771306,42.375,0,0
163756753,163756733,1114122,0.36833134,0.03142014,-0.057969138,42.375,0,0
164052909,164052883,1114122,0.36948168,0.031051645,-0.057542343,42.375,0,0
164147943,164147921,1114122,0.3684957,0.030830553,-0.056859475,42.375,0,0
164556856,164556834,1114122,0.36866,0.032451913,-0.054981586,42.375,0,0
165249854,165249827,1114122,0.3693173,0.031714935,-0.056944832,42.5,0,0
165649920,165649890,1114122,0.36890653,0.030535758,-0.055323016,42.5,0,0
166657898,166657876,1114122,0.3680027,0.031493843,-0.05745699,42.375,0,0
167153530,167153501,1114122,0.37030333,0.03215712,-0.058737367,42.375,0,0
167249856,167249824,1114122,0.36890653,0.03223082,-0.05822522,42.375,0,0
168053406,168053375,1114122,0.3679205,0.030904254,-0.05916416,42.375,0,0
168351589,168351559,1114122,0.36767402,0.03223082,-0.05788378,42.5,0,0
169148457,169148424,1114122,0.3675919,0.032451913,-0.060444538,42.5,0,0
169455979,169455959,1114122,0.36767402,0.033409987,-0.059676316,42.5,0,0
169549598,169549579,1114122,0.36734536,0.03274671,-0.060273826,42.375,0,0
169654597,169654578,1114122,0.36833134,0.032894097,-0.060359184,42.375,0,0
169952830,169952811,1114122,0.36866,0.033262596,-0.060017746,42.375,0,0
170047332,170047312,1114122,0.3679205,0.032673005,-0.060188465,42.375,0,0
170154413,170154391,1114122,0.36701667,0.033925872,-0.060273826,42.5,0,0
170248993,170248974,1114122,0.36866,0.032599304,-0.06138349,42.5,0,0
170354955,170354927,1114122,0.36833134,0.032820396,-0.060273826,42.5,0,0
170450515,170450496,1114122,0.3689887,0.03311519,-0.061298132,42.375,0,0
170654214,170654182,1114122,0.36808488,0.035178736,-0.060017746,42.5,0,0
170749340,170749310,1114122,0.3677562,0.033409987,-0.06138349,42.5,0,0
171457449,171457430,1114122,0.36824918,0.033925872,-0.06138349,42.625,0,0
171552256,171552236,1114122,0.3689887,0.03385217,-0.06215172,42.375,0,0
171647341,171647315,1114122,0.36808488,0.034368057,-0.061639562,42.5,0,0
171752495,171752476,1114122,0.36857787,0.033188894,-0.060785975,42.5,0,0
171848038,171848019,1114122,0.36783835,0.033557374,-0.06087134,42.375,0,0
171953096,171953076,1114122,0.36956382,0.032967802,-0.06215172,42.5,0,0
172047561,172047541,1114122,0.36750972,0.033188894,-0.06104205,42.5,0,0
172152592,172152559,1114122,0.36874217,0.033999573,-0.06138349,42.625,0,0
172256495,172256475,1114122,0.3680027,0.033483688,-0.06291995,42.5,0,0
172351042,172351013,1114122,0.36890653,0.03481024,-0.06283458,42.5,0,0
172648145,172648126,1114122,0.36701667,0.032894097,-0.062237073,42.375,0,0
173557463,173557443,1114122,0.36907083,0.03458915,-0.061127413,42.5,0,0
173851459,173851439,1114122,0.36833134,0.034073263,-0.064114965,42.5,0,0
173957507,173957485,1114122,0.3675919,0.03481024,-0.063688174,42.5,0,0
174552851,174552829,1114122,0.3679205,0.032967802,-0.06291995,42.375,0,0
174754493,174754473,1114122,0.3675919,0.03458915,-0.06283458,42.5,0,0
174849131,174849111,1114122,0.3679205,0.03458915,-0.064114965,42.625,0,0
174952898,174952879,1114122,0.369153,0.033557374,-0.063005306,42.5,0,0
175049260,175049238,1114122,0.36824918,0.032820396,-0.060785975,42.5,0,0
175155576,175155554,1114122,0.36964598,0.03385217,-0.061468843,42.5,0,0
175249398,175249378,1114122,0.3680027,0.03370478,-0.06240779,42.5,0,0
175449548,175449529,1114122,0.36734536,0.03458915,-0.064114965,42.5,0,0
175651183,175651157,1114122,0.3684957,0.033557374,-0.06309066,42.5,0,0
175757192,175757173,1114122,0.36734536,0.033409987,-0.06249315,42.625,0,0
175852743,175852723,1114122,0.36783835,0.034294356,-0.061298132,42.5,0,0
176752844,176752824,1114122,0.36652368,0.033483688,-0.06402961,42.5,0,0
176952830,176952811,1114122,0.3670989,0.034073263,-0.06309066,42.5,0,0
177047990,177047970,1114122,0.368167,0.035031345,-0.062066354,42.5,0,0
177152986,177152963,1114122,0.36841348,0.035031345,-0.06215172,42.625,0,0
177248031,177248009,1114122,0.36874217,0.033999573,-0.062066354,42.625,0,0
177555891,177555871,1114122,0.36783835,0.034441758,-0.062066354,42.625,0,0
177854043,177854024,1114122,0.36857787,0.03304149,-0.06351745,42.5,0,0
177949595,177949576,1114122,0.36808488,0.03363108,-0.062322438,42.625,0,0
178054595,178054576,1114122,0.36866,0.03385217,-0.06249315,42.625,0,0
178151051,178151031,1114122,0.36808488,0.03363108,-0.06249315,42.625,0,0
178257263,178257232,1114122,0.3679205,0.03473655,-0.06181028,42.625,0,0
178351744,178351724,1114122,0.36767402,0.034883942,-0.061724927,42.625,0,0
178754948,178754929,1114122,0.3675919,0.033925872,-0.06351745,42.5,0,0
178848923,178848904,1114122,0.3689887,0.035031345,-0.06274923,42.75,0,0
179047901,179047881,1114122,0.36890653,0.034441758,-0.06351745,42.75,0,0
179152896,179152874,1114122,0.3688243,0.033557374,-0.06309066,42.625,0,0
179256909,179256883,1114122,0.3677562,0.035842013,-0.06385889,42.75,0,0
179351751,179351731,1114122,0.3674275,0.034441758,-0.063773535,42.5,0,0
179554443,179554423,1114122,0.36824918,0.03481024,-0.0634321,42.75,0,0
179649424,179649405,1114122,0.3675919,0.033409987,-0.0644564,42.625,0,0
179754548,179754529,1114122,0.369153,0.034146965,-0.063005306,42.625,0,0
180052144,180052125,1114122,0.3670989,0.034441758,-0.063005306,42.625,0,0
180157309,180157279,1114122,0.36857787,0.034294356,-0.06385889,42.5,0,0
180253313,180253287,1114122,0.36841348,0.03458915,-0.06505392,42.5,0,0
180347788,180347769,1114122,0.3680027,0.033778466,-0.06428568,42.625,0,0
180654988,180654957,1114122,0.36750972,0.034368057,-0.063005306,42.625,0,0
181455548,181455529,1114122,0.36783835,0.03363108,-0.064114965,42.625,0,0
181551105,181551085,1114122,0.3680027,0.033778466,-0.06334674,42.625,0,0
181855751,181855731,1114122,0.3670989,0.035178736,-0.06266387,42.625,0,0
182256690,182256670,1114122,0.3684957,0.034368057,-0.06334674,42.625,0,0
182352249,182352230,1114122,0.368167,0.035031345,-0.06360282,42.625,0,0
182457264,182457244,1114122,0.368167,0.033999573,-0.061298132,42.625,0,0
182648736,182648716,1114122,0.36841348,0.03473655,-0.063688174,42.5,0,0
182754433,182754410,1114122,0.3688243,0.034883942,-0.06291995,42.625,0,0
182851324,182851304,1114122,0.36783835,0.034883942,-0.064968556,42.625,0,0
183354152,183354132,1114122,0.36783835,0.034883942,-0.063005306,42.625,0,0
183554192,183554162,1114122,0.36824918,0.03370478,-0.061895646,42.5,0,0
183647952,183647930,1114122,0.3679205,0.03466285,-0.06309066,42.75,0,0
184157036,184157017,1114122,0.36833134,0.03458915,-0.06309066,42.75,0,0
184355670,184355647,1114122,0.36857787,0.034220666,-0.06326138,42.625,0,0
184554776,184554757,1114122,0.3677562,0.03363108,-0.061127413,42.875,0,0
184649968,184649938,1114122,0.36808488,0.03466285,-0.06326138,42.625,0,0
184754926,184754903,1114122,0.36833134,0.034883942,-0.06240779,42.625,0,0
184849939,184849920,1114122,0.36767402,0.034073263,-0.06249315,42.625,0,0
185050114,185050095,1114122,0.3672632,0.03370478,-0.0644564,42.625,0,0
185155128,185155109,1114122,0.36701667,0.033557374,-0.062578514,42.75,0,0
185347740,185347721,1114122,0.36866,0.03363108,-0.06249315,42.875,0,0
186048251,186048231,1114122,0.36808488,0.033262596,-0.061981,42.75,0,0
186153246,186153219,1114122,0.36783835,0.034294356,-0.06309066,42.875,0,0
186249852,186249832,1114122,0.3674275,0.032673005,-0.06249315,42.75,0,0
186451444,186451425,1114122,0.3689887,0.03458915,-0.061468843,42.75,0,0
186557512,186557493,1114122,0.36841348,0.03370478,-0.06274923,42.625,0,0
186651043,186651023,1114122,0.36857787,0.034146965,-0.06291995,42.75,0,0
186756996,186756977,1114122,0.3688243,0.03554722,-0.06291995,42.75,0,0
187256395,187256372,1114122,0.368167,0.034368057,-0.06309066,42.75,0,0
187352354,187352334,1114122,0.36874217,0.033483688,-0.063773535,42.75,0,0
187551857,187551838,1114122,0.3680027,0.03370478,-0.064968556,42.75,0,0
187647397,187647377,1114122,0.36693454,0.033778466,-0.06420033,42.875,0,0
187754141,187754121,1114122,0.3680027,0.035326127,-0.064114965,42.75,0,0
188157001,188156975,1114122,0.36841348,0.03466285,-0.062322438,42.75,0,0
188357191,188357172,1114122,0.36808488,0.03370478,-0.06249315,42.875,0,0
189155200,189155173,1114122,0.3675919,0.034883942,-0.063773535,42.875,0,0
189250051,189250029,1114122,0.36701667,0.033557374,-0.06326138,42.75,0,0
189547714,189547694,1114122,0.36750972,0.03451546,-0.06334674,42.75,0,0
189855423,189855403,1114122,0.3670989,0.033778466,-0.06334674,42.75,0,0
189949028,189948998,1114122,0.36627722,0.033409987,-0.063688174,42.75,0,0
190054049,190054029,1114122,0.3674275,0.03451546,-0.061724927,42.75,0,0
190149547,190149527,1114122,0.36693454,0.03481024,-0.06309066,42.625,0,0
190256657,190256638,1114122,0.3672632,0.035326127,-0.06249315,42.875,0,0
190550822,190550800,1114122,0.36701667,0.033262596,-0.06522463,42.75,0,0
190655883,190655860,1114122,0.36635938,0.034220666,-0.06274923,42.875,0,0
190750894,190750874,1114122,0.36619508,0.03481024,-0.06326138,42.75,0,0
190856197,190856177,1114122,0.36635938,0.034146965,-0.06291995,42.875,0,0
191047301,191047275,1114122,0.36767402,0.03451546,-0.06240779,42.75,0,0
191153674,191153651,1114122,0.36594856,0.034883942,-0.062322438,42.875,0,0
191248740,191248721,1114122,0.36652368,0.034441758,-0.06360282,42.75,0,0
191451542,191451523,1114122,0.36750972,0.03481024,-0.06385889,42.75,0,0
191556542,191556522,1114122,0.36701667,0.034146965,-0.064968556,42.75,0,0
191652093,191652070,1114122,0.36693454,0.03385217,-0.064541765,42.75,0,0
191949278,191949249,1114122,0.36701667,0.033925872,-0.065651424,42.875,0,0
192055357,192055331,1114122,0.36783835,0.033925872,-0.064883195,42.75,0,0
192149795,192149775,1114122,0.3666059,0.034957644,-0.06505392,42.875,0,0
192254804,192254784,1114122,0.36627722,0.034294356,-0.06599286,42.75,0,0
192455395,192455375,1114122,0.3646339,0.032009717,-0.067187876,42.875,0,0
192550903,192550884,1114122,0.36299065,0.031936027,-0.06855362,42.75,0,0
192655938,192655916,1114122,0.36331925,0.03311519,-0.06684645,42.875,0,0
192749646,192749626,1114122,0.36373007,0.03311519,-0.06761468,42.75,0,0
192857127,192857107,1114122,0.36438745,0.034294356,-0.06428568,42.875,0,0
192950944,192950924,1114122,0.3653734,0.03230451,-0.06437105,42.875,0,0
193150446,193150426,1114122,0.36685237,0.035031345,-0.06402961,42.75,0,0
193254972,193254946,1114122,0.3670989,0.035399828,-0.06821218,42.875,0,0
193455084,193455065,1114122,0.36701667,0.035105035,-0.06761468,42.875,0,0
193550036,193550017,1114122,0.36644155,0.035031345,-0.066078216,42.875,0,0
194055438,194055418,1114122,0.36578426,0.035178736,-0.06522463,42.875,0,0
194150472,194150445,1114122,0.3674275,0.03451546,-0.064541765,42.875,0,0
194255517,194255489,1114122,0.3670989,0.033778466,-0.064114965,42.875,0,0
194456655,194456635,1114122,0.3667702,0.03569462,-0.06394425,42.75,0,0
194551142,194551122,1114122,0.36635938,0.035915717,-0.06530999,42.875,0,0
194657199,194657179,1114122,0.36611292,0.035768326,-0.064541765,42.75,0,0
194753258,194753238,1114122,0.36652368,0.03547353,-0.0644564,42.75,0,0
194953437,194953417,1114122,0.36701667,0.03547353,-0.06326138,42.75,0,0
195354423,195354403,1114122,0.36529127,0.034957644,-0.06667573,42.75,0,0
195556287,195556262,1114122,0.36561987,0.035105035,-0.06394425,42.875,0,0
195651321,195651298,1114122,0.3672632,0.03562092,-0.064883195,42.75,0,0
196556872,196556852,1114122,0.36594856,0.03547353,-0.06684645,43.0,0,0
196652198,196652179,1114122,0.3667702,0.035768326,-0.06522463,42.875,0,0
197147793,197147774,1114122,0.36750972,0.03547353,-0.06573678,42.875,0,0
197350452,197350430,1114122,0.36561987,0.03621051,-0.065651424,42.875,0,0
197455442,197455423,1114122,0.3675919,0.03613681,-0.0659075,43.0,0,0
197552430,197552408,1114122,0.3657021,0.035768326,-0.06437105,42.875,0,0
197647595,197647576,1114122,0.36644155,0.03547353,-0.06479784,42.875,0,0
198350383,198350364,1114122,0.36619508,0.035252437,-0.067187876,42.875,0,0
198454001,198453981,1114122,0.3672632,0.036726397,-0.067187876,42.875,0,0
198656702,198656682,1114122,0.36627722,0.03473655,-0.066505015,42.875,0,0
199253418,199253398,1114122,0.36529127,0.036063105,-0.06624894,42.875,0,0
199856793,199856770,1114122,0.3666059,0.036726397,-0.06812683,42.875,0,0
200055256,200055236,1114122,0.36611292,0.036578994,-0.06573678,43.0,0,0
200749335,200749313,1114122,0.36652368,0.03547353,-0.06556607,42.875,0,0
201055905,201055886,1114122,0.36594856,0.03562092,-0.06462712,42.875,0,0
201150391,201150372,1114122,0.36652368,0.035178736,-0.064883195,43.0,0,0
201655505,201655450,1114122,0.3677562,0.035105035,-0.06624894,42.75,0,0
201753120,201753100,1114122,0.3675919,0.03547353,-0.06633429,42.75,0,0
201848690,201848671,1114122,0.3666059,0.03613681,-0.06513927,43.0,0,0
202253944,202253924,1114122,0.36553773,0.03569462,-0.06522463,42.875,0,0
202350256,202350236,1114122,0.36734536,0.034883942,-0.06556607,43.0,0,0
202455393,202455363,1114122,0.36652368,0.034957644,-0.06385889,42.75,0,0
202550412,202550392,1114122,0.36635938,0.034883942,-0.06428568,42.875,0,0
203248327,203248307,1114122,0.36545557,0.036063105,-0.066078216,43.0,0,0
203353382,203353350,1114122,0.36619508,0.03598942,-0.06462712,43.0,0,0
203553492,203553470,1114122,0.36561987,0.035842013,-0.065395355,42.875,0,0
203753632,203753613,1114122,0.36627722,0.035915717,-0.06582215,42.875,0,0
204049457,204049438,1114122,0.36578426,0.037242282,-0.065651424,43.0,0,0
204154471,204154434,1114122,0.3660307,0.035399828,-0.06701717,43.0,0,0
204249999,204249980,1114122,0.36553773,0.03562092,-0.06573678,43.125,0,0
204756712,204756693,1114122,0.36553773,0.035252437,-0.06701717,42.875,0,0
205050095,205050076,1114122,0.36734536,0.036578994,-0.06599286,43.0,0,0
205250645,205250625,1114122,0.36652368,0.035842013,-0.06633429,43.0,0,0
205357040,205357020,1114122,0.36561987,0.03466285,-0.065651424,42.875,0,0
205452078,205452058,1114122,0.36553773,0.03547353,-0.066078216,42.875,0,0
205652228,205652202,1114122,0.36578426,0.03621051,-0.06462712,43.0,0,0
205854843,205854821,1114122,0.3657021,0.037242282,-0.06641965,43.0,0,0
206052880,206052860,1114122,0.36479828,0.03554722,-0.065395355,42.875,0,0
206147521,206147499,1114122,0.36652368,0.035326127,-0.06582215,43.0,0,0
206252584,206252551,1114122,0.36668807,0.036652695,-0.06641965,43.0,0,0
206452746,206452727,1114122,0.36611292,0.036578994,-0.06624894,42.875,0,0
206949557,206949537,1114122,0.3666059,0.036505304,-0.06804147,43.0,0,0
207055604,207055580,1114122,0.36668807,0.03613681,-0.06693181,43.0,0,0
207150567,207150548,1114122,0.36627722,0.036431603,-0.064968556,43.0,0,0
207256150,207256130,1114122,0.3672632,0.03694749,-0.06437105,43.0,0,0
207350820,207350800,1114122,0.36545557,0.036800098,-0.06437105,43.125,0,0
207455804,207455782,1114122,0.36652368,0.034957644,-0.065651424,43.0,0,0
207549124,207549098,1114122,0.36553773,0.03613681,-0.06530999,43.0,0,0
207654098,207654078,1114122,0.36561987,0.035252437,-0.06573678,43.0,0,0
207749681,207749652,1114122,0.36611292,0.035326127,-0.064883195,42.875,0,0
207854665,207854644,1114122,0.36611292,0.03598942,-0.06599286,43.0,0,0
207951089,207951061,1114122,0.36701667,0.03554722,-0.06573678,43.0,0,0
208055199,208055179,1114122,0.36594856,0.035842013,-0.06530999,42.875,0,0
208253779,208253756,1114122,0.36553773,0.03547353,-0.06710252,43.125,0,0
208356583,208356550,1114122,0.3646339,0.03598942,-0.06701717,43.0,0,0
208453905,208453885,1114122,0.36627722,0.03613681,-0.06513927,43.0,0,0
208547683,208547653,1114122,0.36594856,0.036284212,-0.06633429,42.875,0,0
208951690,208951668,1114122,0.36627722,0.03716858,-0.06548071,43.125,0,0
209352994,209352973,1114122,0.36693454,0.036357902,-0.06778539,43.0,0,0
209449461,209449441,1114122,0.36561987,0.036063105,-0.066590376,43.0,0,0
209553559,209553539,1114122,0.3646339,0.03613681,-0.06616358,42.875,0,0
209648047,209648028,1114122,0.3667702,0.036800098,-0.0659075,43.0,0,0
210051264,210051238,1114122,0.36652368,0.03613681,-0.067273244,43.0,0,0
210555250,210555231,1114122,0.3666059,0.034883942,-0.06522463,43.125,0,0
210956374,210956348,1114122,0.3653734,0.035842013,-0.06505392,43.125,0,0
211050417,211050397,1114122,0.36512688,0.03613681,-0.06667573,43.125,0,0
211155471,211155451,1114122,0.36619508,0.03569462,-0.06701717,43.125,0,0
211249311,211249276,1114122,0.3658664,0.03569462,-0.06633429,42.875,0,0
211355606,211355584,1114122,0.36594856,0.03481024,-0.06641965,43.0,0,0
211555694,211555674,1114122,0.36627722,0.03547353,-0.06530999,42.875,0,0
211649416,211649386,1114122,0.36701667,0.035252437,-0.06633429,43.0,0,0
211754346,211754323,1114122,0.36611292,0.035842013,-0.06599286,43.0,0,0
212154417,212154397,1114122,0.3653734,0.03554722,-0.06530999,43.125,0,0
212249953,212249933,1114122,0.36561987,0.036357902,-0.0644564,43.125,0,0
212354940,212354920,1114122,0.36578426,0.035252437,-0.065651424,43.0,0,0
213151685,213151663,1114122,0.3675919,0.035399828,-0.065395355,43.0,0,0
213247450,213247430,1114122,0.36652368,0.035178736,-0.06513927,43.125,0,0
213354284,213354265,1114122,0.36578426,0.03613681,-0.06573678,43.125,0,0
214250190,214250170,1114122,0.36685237,0.035399828,-0.064968556,43.0,0,0
214955310,214955291,1114122,0.36627722,0.03458915,-0.06420033,43.125,0,0
215050346,215050321,1114122,0.36545557,0.035842013,-0.063005306,43.0,0,0
215250402,215250383,1114122,0.3666059,0.03451546,-0.0644564,43.25,0,0
215355461,215355441,1114122,0.36611292,0.034883942,-0.06334674,43.0,0,0
216248566,216248547,1114122,0.36578426,0.03481024,-0.06462712,43.125,0,0
216353606,216353586,1114122,0.36644155,0.03466285,-0.06522463,43.0,0,0
216449952,216449933,1114122,0.36652368,0.036357902,-0.065395355,43.125,0,0
216554944,216554924,1114122,0.3652091,0.035326127,-0.063688174,43.0,0,0
216756422,216756396,1114122,0.36553773,0.035326127,-0.06513927,43.0,0,0
217054023,217054003,1114122,0.36611292,0.035252437,-0.0644564,43.125,0,0
217149163,217149134,1114122,0.36611292,0.03473655,-0.06394425,43.125,0,0
217349794,217349775,1114122,0.3648804,0.03451546,-0.0634321,43.125,0,0
217654554,217654529,1114122,0.36619508,0.035399828,-0.064114965,43.125,0,0
217749481,217749461,1114122,0.36635938,0.033409987,-0.06266387,43.125,0,0
218255982,218255950,1114122,0.36553773,0.033925872,-0.06394425,43.0,0,0
218350441,218350421,1114122,0.36693454,0.034294356,-0.06121277,43.125,0,0
218655996,218655977,1114122,0.36578426,0.036505304,-0.06121277,43.25,0,0
218750526,218750504,1114122,0.3646339,0.035178736,-0.060444538,43.125,0,0
218855192,218855163,1114122,0.36611292,0.035252437,-0.06138349,43.125,0,0
218950154,218950135,1114122,0.36578426,0.03554722,-0.06087134,43.125,0,0
219055341,219055310,1114122,0.3660307,0.03598942,-0.06138349,43.125,0,0
219150545,219150526,1114122,0.36619508,0.03466285,-0.061127413,43.125,0,0
219256629,219256609,1114122,0.36611292,0.03451546,-0.06326138,43.125,0,0
219648045,219648025,1114122,0.3658664,0.034146965,-0.06121277,43.125,0,0
219753245,219753220,1114122,0.3652091,0.03466285,-0.061298132,43.125,0,0
219955841,219955816,1114122,0.3652091,0.03473655,-0.059078805,43.125,0,0
221856853,221856833,1114122,0.36561987,0.034368057,-0.059932392,43.25,0,0
221950907,221950888,1114122,0.36611292,0.03466285,-0.060785975,43.375,0,0
222350958,222350939,1114122,0.36545557,0.035252437,-0.06121277,43.125,0,0
222455993,222455962,1114122,0.36561987,0.033925872,-0.062237073,43.25,0,0
222655446,222655426,1114122,0.36545557,0.03473655,-0.062237073,43.25,0,0
222751011,222750978,1114122,0.36668807,0.035399828,-0.060785975,43.25,0,0
222856040,222856010,1114122,0.36619508,0.034441758,-0.06309066,43.25,0,0
222950525,222950505,1114122,0.3666059,0.03554722,-0.06309066,43.25,0,0
223055148,223055118,1114122,0.36529127,0.034294356,-0.06291995,43.25,0,0
223655485,223655465,1114122,0.36561987,0.034883942,-0.061981,43.25,0,0
223856693,223856667,1114122,0.3660307,0.035842013,-0.06326138,43.125,0,0
224249349,224249329,1114122,0.36578426,0.035252437,-0.06138349,43.125,0,0
224354376,224354344,1114122,0.36668807,0.034883942,-0.062237073,43.125,0,0
224954990,224954939,1114122,0.3660307,0.03562092,-0.06155421,43.125,0,0
225048805,225048782,1114122,0.36578426,0.033925872,-0.060444538,43.25,0,0
225153956,225153931,1114122,0.36578426,0.034368057,-0.061981,43.125,0,0
225556642,225556622,1114122,0.36635938,0.03385217,-0.061127413,43.25,0,0
226049419,226049400,1114122,0.3658664,0.03311519,-0.060615256,43.25,0,0
226450160,226450127,1114122,0.3657021,0.034368057,-0.060359184,43.375,0,0
226754915,226754889,1114122,0.36619508,0.034146965,-0.06266387,43.25,0,0
226850209,226850174,1114122,0.36553773,0.034441758,-0.06283458,43.25,0,0
226956313,226956269,1114122,0.36611292,0.034220666,-0.063005306,43.25,0,0
227155791,227155749,1114122,0.36611292,0.035105035,-0.06291995,43.25,0,0
227250299,227250273,1114122,0.36619508,0.033409987,-0.06394425,43.25,0,0
227356303,227356274,1114122,0.3653734,0.035031345,-0.0659075,43.25,0,0
227748996,227748977,1114122,0.36479828,0.03598942,-0.065651424,43.25,0,0
227856127,227856101,1114122,0.36619508,0.03481024,-0.06505392,43.25,0,0
227951646,227951627,1114122,0.36644155,0.035326127,-0.0644564,43.25,0,0
228153250,228153230,1114122,0.36627722,0.035842013,-0.064114965,43.25,0,0
228250786,228250760,1114122,0.36561987,0.034441758,-0.063773535,43.25,0,0
228355754,228355729,1114122,0.36644155,0.03481024,-0.066078216,43.125,0,0
228756996,228756977,1114122,0.36611292,0.035768326,-0.0659075,43.375,0,0
229051208,229051185,1114122,0.36611292,0.035252437,-0.06471248,43.125,0,0
229157043,229157024,1114122,0.36561987,0.03598942,-0.06573678,43.25,0,0
229251379,229251353,1114122,0.3657021,0.03466285,-0.0634321,43.5,0,0
229452091,229452071,1114122,0.3672632,0.035105035,-0.06309066,43.25,0,0
229557102,229557082,1114122,0.36553773,0.034220666,-0.06360282,43.25,0,0
229651668,229651639,1114122,0.36693454,0.035252437,-0.06351745,43.25,0,0
229853199,229853180,1114122,0.36594856,0.035252437,-0.06428568,43.25,0,0
230052706,230052687,1114122,0.36668807,0.036873788,-0.064114965,43.25,0,0
230253248,230253228,1114122,0.36619508,0.034957644,-0.066505015,43.25,0,0
230347754,230347727,1114122,0.3658664,0.035105035,-0.06479784,43.375,0,0
230452066,230452046,1114122,0.3657021,0.034883942,-0.06641965,43.375,0,0
230557103,230557079,1114122,0.36578426,0.03473655,-0.066505015,43.25,0,0
230952369,230952350,1114122,0.3666059,0.034957644,-0.06582215,43.25,0,0
231151008,231150981,1114122,0.36578426,0.035399828,-0.066078216,43.25,0,0
231554210,231554174,1114122,0.36652368,0.034146965,-0.064541765,43.25,0,0
231657797,231657777,1114122,0.36422306,0.033557374,-0.06437105,43.25,0,0
231856606,231856579,1114122,0.36693454,0.034073263,-0.064968556,43.375,0,0
231951100,231951081,1114122,0.36561987,0.034073263,-0.06326138,43.125,0,0
232056098,232056078,1114122,0.36652368,0.034957644,-0.06479784,43.5,0,0
232248090,232248071,1114122,0.36644155,0.034441758,-0.064883195,43.375,0,0
232352202,232352182,1114122,0.36545557,0.03451546,-0.063005306,43.375,0,0
232553788,232553769,1114122,0.36545557,0.035252437,-0.06181028,43.375,0,0
232658396,232658377,1114122,0.36611292,0.033483688,-0.06360282,43.5,0,0
232753436,232753414,1114122,0.3653734,0.034957644,-0.061639562,43.25,0,0
232848888,232848866,1114122,0.36635938,0.032894097,-0.062322438,43.375,0,0
232953557,232953535,1114122,0.36635938,0.03481024,-0.062237073,43.375,0,0
233352852,233352832,1114122,0.3644696,0.034073263,-0.06104205,43.375,0,0
233447388,233447369,1114122,0.3660307,0.034883942,-0.06215172,43.375,0,0
233552408,233552378,1114122,0.3658664,0.032894097,-0.061895646,43.375,0,0
233754151,233754119,1114122,0.3653734,0.034073263,-0.059932392,43.375,0,0
233849499,233849479,1114122,0.36561987,0.033262596,-0.062237073,43.375,0,0
233954501,233954477,1114122,0.36652368,0.035326127,-0.060956694,43.375,0,0
234250596,234250577,1114122,0.36479828,0.033778466,-0.063005306,43.375,0,0
234451949,234451928,1114122,0.3657021,0.03304149,-0.060529903,43.25,0,0
235152358,235152338,1114122,0.37293258,0.029209204,-0.06215172,43.375,0,0
235256532,235256506,1114122,0.3735077,0.029356595,-0.06249315,43.5,0,0
235353091,235353071,1114122,0.3738364,0.028767006,-0.06181028,43.375,0,0
235656591,235656549,1114122,0.37342557,0.028693318,-0.061895646,43.375,0,0
235751052,235751033,1114122,0.37268612,0.02736675,-0.063005306,43.375,0,0
236152943,236152924,1114122,0.3717823,0.0290618,-0.06138349,43.375,0,0
236248143,236248117,1114122,0.3721109,0.028988099,-0.061468843,43.25,0,0
236447199,236447180,1114122,0.37202877,0.027219346,-0.06240779,43.375,0,0
236755900,236755881,1114122,0.3731791,0.028693318,-0.061724927,43.25,0,0
236850902,236850880,1114122,0.37170014,0.027882637,-0.06181028,43.375,0,0
236956035,236956016,1114122,0.37202877,0.028693318,-0.061895646,43.375,0,0
237147553,237147526,1114122,0.37408292,0.028619615,-0.060956694,43.375,0,0
237855259,237855226,1114122,0.3752332,0.030388368,-0.06138349,43.5,0,0
238350860,238350840,1114122,0.37408292,0.030388368,-0.061724927,43.5,0,0
238550360,238550341,1114122,0.37375423,0.031125346,-0.062578514,43.375,0,0
238655421,238655395,1114122,0.3738364,0.030977957,-0.06215172,43.375,0,0
238854840,238854820,1114122,0.3735077,0.030240964,-0.062322438,43.375,0,0
238949681,238949659,1114122,0.37498674,0.03075685,-0.06326138,43.5,0,0
239148859,239148839,1114122,0.3736721,0.02817743,-0.06420033,43.375,0,0
239253872,239253853,1114122,0.37391856,0.030683162,-0.06291995,43.5,0,0
239352403,239352384,1114122,0.37309694,0.029209204,-0.06266387,43.375,0,0
239456531,239456502,1114122,0.3741651,0.030977957,-0.06087134,43.375,0,0
239552554,239552534,1114122,0.3743294,0.031125346,-0.060956694,43.375,0,0
239647745,239647720,1114122,0.37498674,0.031714935,-0.060359184,43.5,0,0
239951090,239951070,1114122,0.3743294,0.03134644,-0.060017746,43.375,0,0
240055622,240055597,1114122,0.3749045,0.03215712,-0.06087134,43.25,0,0
240248066,240248046,1114122,0.3757262,0.03075685,-0.060615256,43.375,0,0
240951066,240951044,1114122,0.37589055,0.03237821,-0.061981,43.375,0,0
241056257,241056222,1114122,0.37580836,0.03119905,-0.060615256,43.375,0,0
241152257,241152228,1114122,0.3745759,0.03134644,-0.06121277,43.5,0,0
241257295,241257266,1114122,0.37539756,0.031641234,-0.060444538,43.375,0,0
241649955,241649927,1114122,0.37449375,0.030314665,-0.06291995,43.375,0,0
241754980,241754950,1114122,0.37441152,0.030388368,-0.06428568,43.375,0,0
241849011,241848991,1114122,0.37441152,0.029946184,-0.064968556,43.5,0,0
241952395,241952376,1114122,0.3749045,0.031641234,-0.0644564,43.5,0,0
242256961,242256941,1114122,0.3743294,0.030683162,-0.06394425,43.25,0,0
242352393,242352373,1114122,0.37621918,0.030830553,-0.0644564,43.5,0,0
242457110,242457081,1114122,0.37482238,0.03274671,-0.063688174,43.375,0,0
242949853,242949822,1114122,0.37547973,0.03274671,-0.064968556,43.25,0,0
243352514,243352492,1114122,0.3757262,0.03223082,-0.066078216,43.375,0,0
243457688,243457658,1114122,0.37613702,0.032967802,-0.06556607,43.375,0,0
243650207,243650177,1114122,0.3757262,0.03230451,-0.06821218,43.5,0,0
243853898,243853876,1114122,0.37498674,0.031567533,-0.06641965,43.25,0,0
243948402,243948382,1114122,0.37531537,0.031714935,-0.06693181,43.5,0,0
244351596,244351576,1114122,0.3749045,0.030683162,-0.06573678,43.375,0,0
244648755,244648733,1114122,0.3741651,0.03075685,-0.06317602,43.5,0,0
244849306,244849280,1114122,0.37391856,0.030830553,-0.06402961,43.375,0,0
244956083,244956052,1114122,0.37621918,0.030388368,-0.06385889,43.5,0,0
245051954,245051934,1114122,0.37498674,0.031862326,-0.06479784,43.5,0,0
245249405,245249372,1114122,0.37547973,0.030240964,-0.0659075,43.5,0,0
245356131,245356111,1114122,0.37400076,0.031125346,-0.06505392,43.5,0,0
245451261,245451241,1114122,0.37441152,0.030314665,-0.064883195,43.625,0,0
245947614,245947583,1114122,0.3743294,0.031125346,-0.065651424,43.5,0,0
246054318,246054283,1114122,0.37482238,0.031567533,-0.06334674,43.5,0,0
246150277,246150251,1114122,0.3741651,0.030535758,-0.06437105,43.5,0,0
